annee,config,salaire_adulte1,salaire_adulte2,niveau_vie
2021,Couple mono-actif sans enfant,0,0,682.5221040340592
2021,Couple mono-actif sans enfant,0,31,682.5221040340592
2021,Couple mono-actif sans enfant,0,62,693.3629151451704
2021,Couple mono-actif sans enfant,0,92,703.5295818118369
2021,Couple mono-actif sans enfant,0,123,714.0351373673926
2021,Couple mono-actif sans enfant,0,154,724.5406929229481
2021,Couple mono-actif sans enfant,0,185,735.0462484785036
2021,Couple mono-actif sans enfant,0,215,745.2129151451702
2021,Couple mono-actif sans enfant,0,246,755.7184707007258
2021,Couple mono-actif sans enfant,0,277,766.2240262562813
2021,Couple mono-actif sans enfant,0,308,776.7295818118369
2021,Couple mono-actif sans enfant,0,339,787.2351373673926
2021,Couple mono-actif sans enfant,0,369,797.4018040340592
2021,Couple mono-actif sans enfant,0,400,807.9073595896148
2021,Couple mono-actif sans enfant,0,431,818.4129151451702
2021,Couple mono-actif sans enfant,0,462,828.9184707007258
2021,Couple mono-actif sans enfant,0,492,843.5295932270711
2021,Couple mono-actif sans enfant,0,523,859.7652915660979
2021,Couple mono-actif sans enfant,0,554,876.0009899051248
2021,Couple mono-actif sans enfant,0,585,892.2366882441515
2021,Couple mono-actif sans enfant,0,616,908.4723865831785
2021,Couple mono-actif sans enfant,0,646,924.1843527177207
2021,Couple mono-actif sans enfant,0,677,940.4200510567476
2021,Couple mono-actif sans enfant,0,708,956.4633911848101
2021,Couple mono-actif sans enfant,0,739,966.9892323864216
2021,Couple mono-actif sans enfant,0,769,977.1755303234653
2021,Couple mono-actif sans enfant,0,800,987.7013715250771
2021,Couple mono-actif sans enfant,0,831,998.2272127266889
2021,Couple mono-actif sans enfant,0,862,1008.7530539283006
2021,Couple mono-actif sans enfant,0,892,1018.9393518653441
2021,Couple mono-actif sans enfant,0,923,1029.465193066956
2021,Couple mono-actif sans enfant,0,954,1039.5795730480515
2021,Couple mono-actif sans enfant,0,985,1044.3752714661919
2021,Couple mono-actif sans enfant,0,1016,1049.1709698843324
2021,Couple mono-actif sans enfant,0,1046,1053.8119683535006
2021,Couple mono-actif sans enfant,0,1077,1058.6076667716409
2021,Couple mono-actif sans enfant,0,1108,1063.4033651897814
2021,Couple mono-actif sans enfant,0,1139,1068.1990636079217
2021,Couple mono-actif sans enfant,0,1169,1072.8400620770901
2021,Couple mono-actif sans enfant,0,1200,1077.6357604952304
2021,Couple mono-actif sans enfant,0,1231,1082.4314589133708
2021,Couple mono-actif sans enfant,300,0,774.0184707007259
2021,Couple mono-actif sans enfant,300,31,784.5240262562813
2021,Couple mono-actif sans enfant,300,62,795.0295818118369
2021,Couple mono-actif sans enfant,300,92,805.1962484785035
2021,Couple mono-actif sans enfant,300,123,815.701804034059
2021,Couple mono-actif sans enfant,300,154,826.2073595896146
2021,Couple mono-actif sans enfant,300,185,836.7129151451702
2021,Couple mono-actif sans enfant,300,215,846.8795818118369
2021,Couple mono-actif sans enfant,300,246,857.3851373673925
2021,Couple mono-actif sans enfant,300,277,867.890692922948
2021,Couple mono-actif sans enfant,300,308,878.3962484785036
2021,Couple mono-actif sans enfant,300,339,888.9018040340592
2021,Couple mono-actif sans enfant,300,369,899.0684707007258
2021,Couple mono-actif sans enfant,300,400,909.5740262562814
2021,Couple mono-actif sans enfant,300,431,915.6508779827903
2021,Couple mono-actif sans enfant,300,462,920.4465764009308
2021,Couple mono-actif sans enfant,300,492,929.5320307297776
2021,Couple mono-actif sans enfant,300,523,940.0578719313892
2021,Couple mono-actif sans enfant,300,554,950.5837131330011
2021,Couple mono-actif sans enfant,300,585,961.1095543346129
2021,Couple mono-actif sans enfant,300,616,971.6353955362246
2021,Couple mono-actif sans enfant,300,646,981.8216934732682
2021,Couple mono-actif sans enfant,300,677,992.34753467488
2021,Couple mono-actif sans enfant,300,708,1002.8733758764919
2021,Couple mono-actif sans enfant,300,739,1013.3992170781033
2021,Couple mono-actif sans enfant,300,769,1023.5855150151472
2021,Couple mono-actif sans enfant,300,800,1034.1113562167588
2021,Couple mono-actif sans enfant,300,831,1044.6371974183705
2021,Couple mono-actif sans enfant,300,862,1055.1630386199822
2021,Couple mono-actif sans enfant,300,892,1065.349336557026
2021,Couple mono-actif sans enfant,300,923,1075.8751777586378
2021,Couple mono-actif sans enfant,300,954,1085.9895577397333
2021,Couple mono-actif sans enfant,300,985,1090.7852561578736
2021,Couple mono-actif sans enfant,300,1016,1095.5809545760142
2021,Couple mono-actif sans enfant,300,1046,1100.2219530451823
2021,Couple mono-actif sans enfant,300,1077,1108.7582827007259
2021,Couple mono-actif sans enfant,300,1108,1119.2638382562814
2021,Couple mono-actif sans enfant,300,1139,1129.7693938118368
2021,Couple mono-actif sans enfant,300,1169,1139.9360604785038
2021,Couple mono-actif sans enfant,300,1200,1150.441616034059
2021,Couple mono-actif sans enfant,300,1231,1160.9471715896148
2021,Couple mono-actif sans enfant,625,0,913.1859764235412
2021,Couple mono-actif sans enfant,625,31,923.6915319790968
2021,Couple mono-actif sans enfant,625,62,934.1970875346523
2021,Couple mono-actif sans enfant,625,92,942.5136955311051
2021,Couple mono-actif sans enfant,625,123,947.3093939492453
2021,Couple mono-actif sans enfant,625,154,952.1050923673859
2021,Couple mono-actif sans enfant,625,185,956.9007907855262
2021,Couple mono-actif sans enfant,625,215,961.5417892546944
2021,Couple mono-actif sans enfant,625,246,966.3374876728349
2021,Couple mono-actif sans enfant,625,277,971.1331860909753
2021,Couple mono-actif sans enfant,625,308,975.9288845091158
2021,Couple mono-actif sans enfant,625,339,980.7245829272563
2021,Couple mono-actif sans enfant,625,369,985.3655813964244
2021,Couple mono-actif sans enfant,625,400,990.161279814565
2021,Couple mono-actif sans enfant,625,431,994.9569782327053
2021,Couple mono-actif sans enfant,625,462,999.7526766508457
2021,Couple mono-actif sans enfant,625,492,1008.8381309796924
2021,Couple mono-actif sans enfant,625,523,1019.3639721813042
2021,Couple mono-actif sans enfant,625,554,1029.8898133829161
2021,Couple mono-actif sans enfant,625,585,1040.415654584528
2021,Couple mono-actif sans enfant,625,616,1050.9414957861395
2021,Couple mono-actif sans enfant,625,646,1061.1277937231832
2021,Couple mono-actif sans enfant,625,677,1071.653634924795
2021,Couple mono-actif sans enfant,625,708,1082.1794761264068
2021,Couple mono-actif sans enfant,625,739,1094.0514923465055
2021,Couple mono-actif sans enfant,625,769,1109.7634584810478
2021,Couple mono-actif sans enfant,625,800,1125.9991568200744
2021,Couple mono-actif sans enfant,625,831,1142.2348551591015
2021,Couple mono-actif sans enfant,625,862,1158.470553498128
2021,Couple mono-actif sans enfant,625,892,1174.1825196326704
2021,Couple mono-actif sans enfant,625,923,1190.4182179716972
2021,Couple mono-actif sans enfant,625,954,1206.242455090208
2021,Couple mono-actif sans enfant,625,985,1216.7480106457633
2021,Couple mono-actif sans enfant,625,1016,1227.253566201319
2021,Couple mono-actif sans enfant,625,1046,1237.4202328679855
2021,Couple mono-actif sans enfant,625,1077,1247.9257884235412
2021,Couple mono-actif sans enfant,625,1108,1258.4313439790967
2021,Couple mono-actif sans enfant,625,1139,1268.9368995346522
2021,Couple mono-actif sans enfant,625,1169,1279.103566201319
2021,Couple mono-actif sans enfant,625,1200,1289.6091217568744
2021,Couple mono-actif sans enfant,625,1231,1300.1146773124299
2021,Couple mono-actif sans enfant,900,0,1021.6556979818893
2021,Couple mono-actif sans enfant,900,31,1026.4513964000296
2021,Couple mono-actif sans enfant,900,62,1031.2470948181701
2021,Couple mono-actif sans enfant,900,92,1035.8880932873383
2021,Couple mono-actif sans enfant,900,123,1040.6837917054788
2021,Couple mono-actif sans enfant,900,154,1045.4794901236191
2021,Couple mono-actif sans enfant,900,185,1050.2751885417597
2021,Couple mono-actif sans enfant,900,215,1054.9161870109278
2021,Couple mono-actif sans enfant,900,246,1059.7118854290682
2021,Couple mono-actif sans enfant,900,277,1064.5075838472087
2021,Couple mono-actif sans enfant,900,308,1069.3032822653493
2021,Couple mono-actif sans enfant,900,339,1074.0989806834896
2021,Couple mono-actif sans enfant,900,369,1078.739979152658
2021,Couple mono-actif sans enfant,900,400,1083.5356775707983
2021,Couple mono-actif sans enfant,900,431,1088.3313759889386
2021,Couple mono-actif sans enfant,900,462,1094.1048715457327
2021,Couple mono-actif sans enfant,900,492,1108.7159940720783
2021,Couple mono-actif sans enfant,900,523,1124.951692411105
2021,Couple mono-actif sans enfant,900,554,1141.1873907501317
2021,Couple mono-actif sans enfant,900,585,1157.4230890891588
2021,Couple mono-actif sans enfant,900,616,1173.6587874281856
2021,Couple mono-actif sans enfant,900,646,1189.370753562728
2021,Couple mono-actif sans enfant,900,677,1205.6064519017546
2021,Couple mono-actif sans enfant,900,708,1221.8421502407818
2021,Couple mono-actif sans enfant,900,739,1238.0778485798085
2021,Couple mono-actif sans enfant,900,769,1253.7898147143505
2021,Couple mono-actif sans enfant,900,800,1270.0255130533774
2021,Couple mono-actif sans enfant,900,831,1286.2612113924044
2021,Couple mono-actif sans enfant,900,862,1302.496909731431
2021,Couple mono-actif sans enfant,900,892,1318.2088758659731
2021,Couple mono-actif sans enfant,900,923,1334.4445742050002
2021,Couple mono-actif sans enfant,900,954,1350.2688113235106
2021,Couple mono-actif sans enfant,900,985,1360.774366879066
2021,Couple mono-actif sans enfant,900,1016,1371.2799224346218
2021,Couple mono-actif sans enfant,900,1046,1381.4465891012883
2021,Couple mono-actif sans enfant,900,1077,1391.952144656844
2021,Couple mono-actif sans enfant,900,1108,1402.4577002123995
2021,Couple mono-actif sans enfant,900,1139,1412.9632557679552
2021,Couple mono-actif sans enfant,900,1169,1423.1299224346217
2021,Couple mono-actif sans enfant,900,1200,1433.6354779901774
2021,Couple mono-actif sans enfant,900,1231,1444.1410335457329
2021,Couple mono-actif sans enfant,1178,0,1074.2323616178405
2021,Couple mono-actif sans enfant,1178,31,1079.0280600359808
2021,Couple mono-actif sans enfant,1178,62,1083.8237584541214
2021,Couple mono-actif sans enfant,1178,92,1088.4647569232895
2021,Couple mono-actif sans enfant,1178,123,1093.26045534143
2021,Couple mono-actif sans enfant,1178,154,1098.0561537595704
2021,Couple mono-actif sans enfant,1178,185,1104.0138382562811
2021,Couple mono-actif sans enfant,1178,215,1114.180504922948
2021,Couple mono-actif sans enfant,1178,246,1124.6860604785034
2021,Couple mono-actif sans enfant,1178,277,1135.191616034059
2021,Couple mono-actif sans enfant,1178,308,1145.697171589615
2021,Couple mono-actif sans enfant,1178,339,1156.20272714517
2021,Couple mono-actif sans enfant,1178,369,1166.369393811837
2021,Couple mono-actif sans enfant,1178,400,1176.8749493673927
2021,Couple mono-actif sans enfant,1178,431,1187.3805049229484
2021,Couple mono-actif sans enfant,1178,462,1197.8860604785036
2021,Couple mono-actif sans enfant,1178,492,1212.4971830048487
2021,Couple mono-actif sans enfant,1178,523,1228.7328813438758
2021,Couple mono-actif sans enfant,1178,554,1244.9685796829026
2021,Couple mono-actif sans enfant,1178,585,1261.2042780219297
2021,Couple mono-actif sans enfant,1178,616,1277.4399763609563
2021,Couple mono-actif sans enfant,1178,646,1293.1519424954984
2021,Couple mono-actif sans enfant,1178,677,1309.3876408345254
2021,Couple mono-actif sans enfant,1178,708,1325.623339173552
2021,Couple mono-actif sans enfant,1178,739,1341.8590375125789
2021,Couple mono-actif sans enfant,1178,769,1357.5710036471214
2021,Couple mono-actif sans enfant,1178,800,1373.806701986148
2021,Couple mono-actif sans enfant,1178,831,1390.0424003251746
2021,Couple mono-actif sans enfant,1178,862,1406.2780986642017
2021,Couple mono-actif sans enfant,1178,892,1421.990064798744
2021,Couple mono-actif sans enfant,1178,923,1438.2257631377706
2021,Couple mono-actif sans enfant,1178,954,1454.0500002562815
2021,Couple mono-actif sans enfant,1178,985,1464.555555811837
2021,Couple mono-actif sans enfant,1178,1016,1475.0611113673924
2021,Couple mono-actif sans enfant,1178,1046,1485.2277780340592
2021,Couple mono-actif sans enfant,1178,1077,1495.7333335896146
2021,Couple mono-actif sans enfant,1178,1108,1506.23888914517
2021,Couple mono-actif sans enfant,1178,1139,1516.7444447007256
2021,Couple mono-actif sans enfant,1178,1169,1526.9111113673923
2021,Couple mono-actif sans enfant,1178,1200,1537.4166669229478
2021,Couple mono-actif sans enfant,1178,1231,1547.9222224785035
2021,Couple mono-actif sans enfant,1400,0,1116.5527271451701
2021,Couple mono-actif sans enfant,1400,31,1127.0582827007256
2021,Couple mono-actif sans enfant,1400,62,1137.5638382562813
2021,Couple mono-actif sans enfant,1400,92,1147.7305049229478
2021,Couple mono-actif sans enfant,1400,123,1158.2360604785035
2021,Couple mono-actif sans enfant,1400,154,1168.741616034059
2021,Couple mono-actif sans enfant,1400,185,1179.2471715896145
2021,Couple mono-actif sans enfant,1400,215,1189.4138382562812
2021,Couple mono-actif sans enfant,1400,246,1199.9193938118367
2021,Couple mono-actif sans enfant,1400,277,1210.4249493673922
2021,Couple mono-actif sans enfant,1400,308,1220.9305049229476
2021,Couple mono-actif sans enfant,1400,339,1231.4360604785036
2021,Couple mono-actif sans enfant,1400,369,1241.60272714517
2021,Couple mono-actif sans enfant,1400,400,1252.108282700726
2021,Couple mono-actif sans enfant,1400,431,1262.6138382562815
2021,Couple mono-actif sans enfant,1400,462,1273.119393811837
2021,Couple mono-actif sans enfant,1400,492,1287.730516338182
2021,Couple mono-actif sans enfant,1400,523,1303.966214677209
2021,Couple mono-actif sans enfant,1400,554,1320.2019130162357
2021,Couple mono-actif sans enfant,1400,585,1336.4376113552628
2021,Couple mono-actif sans enfant,1400,616,1352.6733096942896
2021,Couple mono-actif sans enfant,1400,646,1368.3852758288317
2021,Couple mono-actif sans enfant,1400,677,1384.6209741678588
2021,Couple mono-actif sans enfant,1400,708,1400.8566725068856
2021,Couple mono-actif sans enfant,1400,739,1417.0923708459122
2021,Couple mono-actif sans enfant,1400,769,1432.8043369804545
2021,Couple mono-actif sans enfant,1400,800,1449.0400353194814
2021,Couple mono-actif sans enfant,1400,831,1465.275733658508
2021,Couple mono-actif sans enfant,1400,862,1481.511431997535
2021,Couple mono-actif sans enfant,1400,892,1497.2233981320774
2021,Couple mono-actif sans enfant,1400,923,1513.459096471104
2021,Couple mono-actif sans enfant,1400,954,1529.2833335896148
2021,Couple mono-actif sans enfant,1400,985,1539.7888891451703
2021,Couple mono-actif sans enfant,1400,1016,1550.2944447007258
2021,Couple mono-actif sans enfant,1400,1046,1560.4611113673925
2021,Couple mono-actif sans enfant,1400,1077,1570.966666922948
2021,Couple mono-actif sans enfant,1400,1108,1581.4722224785035
2021,Couple mono-actif sans enfant,1400,1139,1591.977778034059
2021,Couple mono-actif sans enfant,1400,1169,1602.1444447007257
2021,Couple mono-actif sans enfant,1400,1200,1612.6500002562811
2021,Couple mono-actif sans enfant,1400,1231,1623.1555558118366
2021,Couple mono-actif sans enfant,1618,0,1190.4305049229479
2021,Couple mono-actif sans enfant,1618,31,1200.9360604785034
2021,Couple mono-actif sans enfant,1618,62,1211.4416160340588
2021,Couple mono-actif sans enfant,1618,92,1221.6082827007256
2021,Couple mono-actif sans enfant,1618,123,1232.113838256281
2021,Couple mono-actif sans enfant,1618,154,1242.619393811837
2021,Couple mono-actif sans enfant,1618,185,1253.1249493673924
2021,Couple mono-actif sans enfant,1618,215,1263.291616034059
2021,Couple mono-actif sans enfant,1618,246,1273.7971715896147
2021,Couple mono-actif sans enfant,1618,277,1284.3027271451704
2021,Couple mono-actif sans enfant,1618,308,1294.8082827007258
2021,Couple mono-actif sans enfant,1618,339,1305.3138382562813
2021,Couple mono-actif sans enfant,1618,369,1315.480504922948
2021,Couple mono-actif sans enfant,1618,400,1325.9860604785035
2021,Couple mono-actif sans enfant,1618,431,1336.491616034059
2021,Couple mono-actif sans enfant,1618,462,1346.9971715896145
2021,Couple mono-actif sans enfant,1618,492,1361.60829411596
2021,Couple mono-actif sans enfant,1618,523,1377.8439924549866
2021,Couple mono-actif sans enfant,1618,554,1394.0796907940137
2021,Couple mono-actif sans enfant,1618,585,1410.3153891330405
2021,Couple mono-actif sans enfant,1618,616,1426.5510874720674
2021,Couple mono-actif sans enfant,1618,646,1442.2630536066097
2021,Couple mono-actif sans enfant,1618,677,1458.4987519456363
2021,Couple mono-actif sans enfant,1618,708,1474.7344502846631
2021,Couple mono-actif sans enfant,1618,739,1490.9701486236902
2021,Couple mono-actif sans enfant,1618,769,1506.6821147582323
2021,Couple mono-actif sans enfant,1618,800,1522.917813097259
2021,Couple mono-actif sans enfant,1618,831,1539.153511436286
2021,Couple mono-actif sans enfant,1618,862,1555.3892097753128
2021,Couple mono-actif sans enfant,1618,892,1571.1011759098549
2021,Couple mono-actif sans enfant,1618,923,1587.336874248882
2021,Couple mono-actif sans enfant,1618,954,1603.1611113673923
2021,Couple mono-actif sans enfant,1618,985,1613.6666669229478
2021,Couple mono-actif sans enfant,1618,1016,1624.1722224785035
2021,Couple mono-actif sans enfant,1618,1046,1634.33888914517
2021,Couple mono-actif sans enfant,1618,1077,1644.8444447007257
2021,Couple mono-actif sans enfant,1618,1108,1655.3500002562812
2021,Couple mono-actif sans enfant,1618,1139,1665.855555811837
2021,Couple mono-actif sans enfant,1618,1169,1676.0222224785034
2021,Couple mono-actif sans enfant,1618,1200,1686.527778034059
2021,Couple mono-actif sans enfant,1618,1231,1697.0333335896146
2021,Couple mono-actif sans enfant,1900,0,1285.9971715896147
2021,Couple mono-actif sans enfant,1900,31,1296.5027271451704
2021,Couple mono-actif sans enfant,1900,62,1307.0082827007259
2021,Couple mono-actif sans enfant,1900,92,1317.1749493673924
2021,Couple mono-actif sans enfant,1900,123,1327.680504922948
2021,Couple mono-actif sans enfant,1900,154,1338.1860604785036
2021,Couple mono-actif sans enfant,1900,185,1348.691616034059
2021,Couple mono-actif sans enfant,1900,215,1358.8582827007258
2021,Couple mono-actif sans enfant,1900,246,1369.3638382562813
2021,Couple mono-actif sans enfant,1900,277,1379.8693938118367
2021,Couple mono-actif sans enfant,1900,308,1390.3749493673922
2021,Couple mono-actif sans enfant,1900,339,1400.880504922948
2021,Couple mono-actif sans enfant,1900,369,1411.0471715896144
2021,Couple mono-actif sans enfant,1900,400,1421.5527271451701
2021,Couple mono-actif sans enfant,1900,431,1432.0582827007258
2021,Couple mono-actif sans enfant,1900,462,1442.5638382562813
2021,Couple mono-actif sans enfant,1900,492,1457.1749607826266
2021,Couple mono-actif sans enfant,1900,523,1473.4106591216535
2021,Couple mono-actif sans enfant,1900,554,1489.6463574606803
2021,Couple mono-actif sans enfant,1900,585,1505.8820557997071
2021,Couple mono-actif sans enfant,1900,616,1522.117754138734
2021,Couple mono-actif sans enfant,1900,646,1537.829720273276
2021,Couple mono-actif sans enfant,1900,677,1554.0654186123033
2021,Couple mono-actif sans enfant,1900,708,1570.30111695133
2021,Couple mono-actif sans enfant,1900,739,1586.5368152903566
2021,Couple mono-actif sans enfant,1900,769,1602.2487814248989
2021,Couple mono-actif sans enfant,1900,800,1618.4844797639257
2021,Couple mono-actif sans enfant,1900,831,1634.7201781029526
2021,Couple mono-actif sans enfant,1900,862,1650.9558764419794
2021,Couple mono-actif sans enfant,1900,892,1666.6678425765217
2021,Couple mono-actif sans enfant,1900,923,1682.9035409155483
2021,Couple mono-actif sans enfant,1900,954,1698.7277780340592
2021,Couple mono-actif sans enfant,1900,985,1709.2333335896146
2021,Couple mono-actif sans enfant,1900,1016,1715.982425
2021,Couple mono-actif sans enfant,1900,1046,1732.6490916666667
2021,Couple mono-actif sans enfant,1900,1077,1749.8713138888888
2021,Couple mono-actif sans enfant,1900,1108,1766.5163132303642
2021,Couple mono-actif sans enfant,1900,1139,1781.1958931670308
2021,Couple mono-actif sans enfant,1900,1169,1795.4019382670308
2021,Couple mono-actif sans enfant,1900,1200,1810.0815182036972
2021,Couple mono-actif sans enfant,1900,1231,1824.7610981403639
2021,Couple mono-actif avec enfant(s),0,0,742.0872819922619
2021,Couple mono-actif avec enfant(s),0,31,742.0872819922619
2021,Couple mono-actif avec enfant(s),0,62,749.6394058017856
2021,Couple mono-actif avec enfant(s),0,92,758.3536915160713
2021,Couple mono-actif avec enfant(s),0,123,767.3584534208333
2021,Couple mono-actif avec enfant(s),0,154,776.3632153255952
2021,Couple mono-actif avec enfant(s),0,185,785.367977230357
2021,Couple mono-actif avec enfant(s),0,215,794.0822629446428
2021,Couple mono-actif avec enfant(s),0,246,803.0870248494047
2021,Couple mono-actif avec enfant(s),0,277,812.0917867541666
2021,Couple mono-actif avec enfant(s),0,308,821.0965486589286
2021,Couple mono-actif avec enfant(s),0,339,830.1013105636904
2021,Couple mono-actif avec enfant(s),0,369,832.267977230357
2021,Couple mono-actif avec enfant(s),0,400,841.272739135119
2021,Couple mono-actif avec enfant(s),0,431,850.2775010398808
2021,Couple mono-actif avec enfant(s),0,462,859.2822629446428
2021,Couple mono-actif avec enfant(s),0,492,871.8060822529387
2021,Couple mono-actif avec enfant(s),0,523,885.7223951149617
2021,Couple mono-actif avec enfant(s),0,554,899.6387079769848
2021,Couple mono-actif avec enfant(s),0,585,913.5550208390079
2021,Couple mono-actif avec enfant(s),0,616,927.4713337010309
2021,Couple mono-actif avec enfant(s),0,646,940.938733244924
2021,Couple mono-actif avec enfant(s),0,677,954.8550461069472
2021,Couple mono-actif avec enfant(s),0,708,968.7713589689703
2021,Couple mono-actif avec enfant(s),0,739,980.4063976183763
2021,Couple mono-actif avec enfant(s),0,769,989.6418734797547
2021,Couple mono-actif avec enfant(s),0,800,999.1851985365125
2021,Couple mono-actif avec enfant(s),0,831,1008.7285235932701
2021,Couple mono-actif avec enfant(s),0,862,1018.2718486500276
2021,Couple mono-actif avec enfant(s),0,892,1027.5073245114063
2021,Couple mono-actif avec enfant(s),0,923,1037.0506495681639
2021,Couple mono-actif avec enfant(s),0,954,1046.2412935787645
2021,Couple mono-actif avec enfant(s),0,985,1043.3730676782611
2021,Couple mono-actif avec enfant(s),0,1016,1048.0048417777575
2021,Couple mono-actif avec enfant(s),0,1046,1052.4872038095284
2021,Couple mono-actif avec enfant(s),0,1077,1057.1189779090248
2021,Couple mono-actif avec enfant(s),0,1108,1061.7507520085214
2021,Couple mono-actif avec enfant(s),0,1139,1066.3825261080178
2021,Couple mono-actif avec enfant(s),0,1169,1070.8648881397887
2021,Couple mono-actif avec enfant(s),0,1200,1075.4966622392853
2021,Couple mono-actif avec enfant(s),0,1231,1080.1284363387817
2021,Couple mono-actif avec enfant(s),300,0,818.772739135119
2021,Couple mono-actif avec enfant(s),300,31,827.7775010398809
2021,Couple mono-actif avec enfant(s),300,62,830.2346438970237
2021,Couple mono-actif avec enfant(s),300,92,838.9489296113094
2021,Couple mono-actif avec enfant(s),300,123,847.9536915160713
2021,Couple mono-actif avec enfant(s),300,154,856.9584534208333
2021,Couple mono-actif avec enfant(s),300,185,865.9632153255951
2021,Couple mono-actif avec enfant(s),300,215,874.6775010398809
2021,Couple mono-actif avec enfant(s),300,246,883.6822629446427
2021,Couple mono-actif avec enfant(s),300,277,892.6870248494047
2021,Couple mono-actif avec enfant(s),300,308,901.6917867541666
2021,Couple mono-actif avec enfant(s),300,339,910.6965486589285
2021,Couple mono-actif avec enfant(s),300,369,919.4108343732141
2021,Couple mono-actif avec enfant(s),300,400,928.4155962779761
2021,Couple mono-actif avec enfant(s),300,431,936.2675969521251
2021,Couple mono-actif avec enfant(s),300,462,940.8993710516216
2021,Couple mono-actif avec enfant(s),300,492,949.1912666774028
2021,Couple mono-actif avec enfant(s),300,523,958.7345917341603
2021,Couple mono-actif avec enfant(s),300,554,968.277916790918
2021,Couple mono-actif avec enfant(s),300,585,977.0741847048187
2021,Couple mono-actif avec enfant(s),300,616,987.3645669044333
2021,Couple mono-actif avec enfant(s),300,646,996.6000427658116
2021,Couple mono-actif avec enfant(s),300,677,998.6433678225694
2021,Couple mono-actif avec enfant(s),300,708,1008.1866928793271
2021,Couple mono-actif avec enfant(s),300,739,1017.7300179360847
2021,Couple mono-actif avec enfant(s),300,769,1026.965493797463
2021,Couple mono-actif avec enfant(s),300,800,1036.5088188542206
2021,Couple mono-actif avec enfant(s),300,831,1046.0521439109782
2021,Couple mono-actif avec enfant(s),300,862,1055.595468967736
2021,Couple mono-actif avec enfant(s),300,892,1064.8309448291145
2021,Couple mono-actif avec enfant(s),300,923,1074.3742698858719
2021,Couple mono-actif avec enfant(s),300,954,1083.5649138964725
2021,Couple mono-actif avec enfant(s),300,985,1088.1966879959693
2021,Couple mono-actif avec enfant(s),300,1016,1092.8284620954657
2021,Couple mono-actif avec enfant(s),300,1046,1097.3108241272366
2021,Couple mono-actif avec enfant(s),300,1077,1101.9425982267333
2021,Couple mono-actif avec enfant(s),300,1108,1106.5743723262294
2021,Couple mono-actif avec enfant(s),300,1139,1111.206146425726
2021,Couple mono-actif avec enfant(s),300,1169,1115.688508457497
2021,Couple mono-actif avec enfant(s),300,1200,1120.3202825569933
2021,Couple mono-actif avec enfant(s),300,1231,1124.9520566564902
2021,Couple mono-actif avec enfant(s),625,0,931.5115535641988
2021,Couple mono-actif avec enfant(s),625,31,940.5163154689607
2021,Couple mono-actif avec enfant(s),625,62,949.5210773737225
2021,Couple mono-actif avec enfant(s),625,92,958.2353630880084
2021,Couple mono-actif avec enfant(s),625,123,963.6892736753989
2021,Couple mono-actif avec enfant(s),625,154,968.3210477748955
2021,Couple mono-actif avec enfant(s),625,185,972.9528218743919
2021,Couple mono-actif avec enfant(s),625,215,977.4351839061628
2021,Couple mono-actif avec enfant(s),625,246,982.0669580056593
2021,Couple mono-actif avec enfant(s),625,277,986.6987321051558
2021,Couple mono-actif avec enfant(s),625,308,991.3305062046522
2021,Couple mono-actif avec enfant(s),625,339,988.4622803041487
2021,Couple mono-actif avec enfant(s),625,369,992.9446423359198
2021,Couple mono-actif avec enfant(s),625,400,997.5764164354161
2021,Couple mono-actif avec enfant(s),625,431,1002.2081905349127
2021,Couple mono-actif avec enfant(s),625,462,1006.8399646344092
2021,Couple mono-actif avec enfant(s),625,492,1015.1318602601904
2021,Couple mono-actif avec enfant(s),625,523,1024.6751853169478
2021,Couple mono-actif avec enfant(s),625,554,1034.2185103737056
2021,Couple mono-actif avec enfant(s),625,585,1043.7618354304634
2021,Couple mono-actif avec enfant(s),625,616,1053.305160487221
2021,Couple mono-actif avec enfant(s),625,646,1062.5406363485993
2021,Couple mono-actif avec enfant(s),625,677,1072.083961405357
2021,Couple mono-actif avec enfant(s),625,708,1081.6272864621146
2021,Couple mono-actif avec enfant(s),625,739,1091.1706115188722
2021,Couple mono-actif avec enfant(s),625,769,1100.4060873802505
2021,Couple mono-actif avec enfant(s),625,800,1109.949412437008
2021,Couple mono-actif avec enfant(s),625,831,1119.4927374937658
2021,Couple mono-actif avec enfant(s),625,862,1129.0360625505234
2021,Couple mono-actif avec enfant(s),625,892,1138.2715384119017
2021,Couple mono-actif avec enfant(s),625,923,1147.8148634686595
2021,Couple mono-actif avec enfant(s),625,954,1157.0055074792604
2021,Couple mono-actif avec enfant(s),625,985,1161.6372815787568
2021,Couple mono-actif avec enfant(s),625,1016,1166.2690556782532
2021,Couple mono-actif avec enfant(s),625,1046,1174.132963849913
2021,Couple mono-actif avec enfant(s),625,1077,1183.1377257546749
2021,Couple mono-actif avec enfant(s),625,1108,1192.1424876594367
2021,Couple mono-actif avec enfant(s),625,1139,1201.1472495641988
2021,Couple mono-actif avec enfant(s),625,1169,1205.6948686118178
2021,Couple mono-actif avec enfant(s),625,1200,1214.6996305165799
2021,Couple mono-actif avec enfant(s),625,1231,1223.704392421342
2021,Couple mono-actif avec enfant(s),900,0,1029.9701180744403
2021,Couple mono-actif avec enfant(s),900,31,1034.601892173937
2021,Couple mono-actif avec enfant(s),900,62,1031.7336662734333
2021,Couple mono-actif avec enfant(s),900,92,1036.2160283052042
2021,Couple mono-actif avec enfant(s),900,123,1040.8478024047006
2021,Couple mono-actif avec enfant(s),900,154,1045.479576504197
2021,Couple mono-actif avec enfant(s),900,185,1050.111350603694
2021,Couple mono-actif avec enfant(s),900,215,1054.5937126354645
2021,Couple mono-actif avec enfant(s),900,246,1059.225486734961
2021,Couple mono-actif avec enfant(s),900,277,1063.8572608344577
2021,Couple mono-actif avec enfant(s),900,308,1068.489034933954
2021,Couple mono-actif avec enfant(s),900,339,1073.1208090334508
2021,Couple mono-actif avec enfant(s),900,369,1077.6031710652214
2021,Couple mono-actif avec enfant(s),900,400,1082.234945164718
2021,Couple mono-actif avec enfant(s),900,431,1086.8667192642145
2021,Couple mono-actif avec enfant(s),900,462,1091.498493363711
2021,Couple mono-actif avec enfant(s),900,492,1099.790388989492
2021,Couple mono-actif avec enfant(s),900,523,1109.3337140462495
2021,Couple mono-actif avec enfant(s),900,554,1118.8770391030073
2021,Couple mono-actif avec enfant(s),900,585,1128.4203641597649
2021,Couple mono-actif avec enfant(s),900,616,1137.9636892165227
2021,Couple mono-actif avec enfant(s),900,646,1147.199165077901
2021,Couple mono-actif avec enfant(s),900,677,1156.7424901346587
2021,Couple mono-actif avec enfant(s),900,708,1166.2858151914163
2021,Couple mono-actif avec enfant(s),900,739,1175.8291402481739
2021,Couple mono-actif avec enfant(s),900,769,1188.1640340039403
2021,Couple mono-actif avec enfant(s),900,800,1202.0803468659633
2021,Couple mono-actif avec enfant(s),900,831,1215.9966597279863
2021,Couple mono-actif avec enfant(s),900,862,1229.9129725900093
2021,Couple mono-actif avec enfant(s),900,892,1239.2137054672357
2021,Couple mono-actif avec enfant(s),900,923,1253.1300183292585
2021,Couple mono-actif avec enfant(s),900,954,1266.6936501451253
2021,Couple mono-actif avec enfant(s),900,985,1275.698412049887
2021,Couple mono-actif avec enfant(s),900,1016,1284.703173954649
2021,Couple mono-actif avec enfant(s),900,1046,1293.4174596689347
2021,Couple mono-actif avec enfant(s),900,1077,1302.4222215736963
2021,Couple mono-actif avec enfant(s),900,1108,1311.4269834784582
2021,Couple mono-actif avec enfant(s),900,1139,1320.4317453832205
2021,Couple mono-actif avec enfant(s),900,1169,1329.146031097506
2021,Couple mono-actif avec enfant(s),900,1200,1338.150793002268
2021,Couple mono-actif avec enfant(s),900,1231,1347.1555549070301
2021,Couple mono-actif avec enfant(s),1178,0,1072.20959674932
2021,Couple mono-actif avec enfant(s),1178,31,1076.8413708488165
2021,Couple mono-actif avec enfant(s),1178,62,1081.473144948313
2021,Couple mono-actif avec enfant(s),1178,92,1085.9555069800838
2021,Couple mono-actif avec enfant(s),1178,123,1090.5872810795804
2021,Couple mono-actif avec enfant(s),1178,154,1095.219055179077
2021,Couple mono-actif avec enfant(s),1178,185,1099.8508292785734
2021,Couple mono-actif avec enfant(s),1178,215,1104.3331913103443
2021,Couple mono-actif avec enfant(s),1178,246,1108.9649654098407
2021,Couple mono-actif avec enfant(s),1178,277,1113.596739509337
2021,Couple mono-actif avec enfant(s),1178,308,1118.2285136088337
2021,Couple mono-actif avec enfant(s),1178,339,1122.8602877083304
2021,Couple mono-actif avec enfant(s),1178,369,1127.342649740101
2021,Couple mono-actif avec enfant(s),1178,400,1131.9744238395976
2021,Couple mono-actif avec enfant(s),1178,431,1136.606197939094
2021,Couple mono-actif avec enfant(s),1178,462,1141.2379720385904
2021,Couple mono-actif avec enfant(s),1178,492,1152.7703496815102
2021,Couple mono-actif avec enfant(s),1178,523,1166.6866625435332
2021,Couple mono-actif avec enfant(s),1178,554,1180.6029754055562
2021,Couple mono-actif avec enfant(s),1178,585,1194.5192882675792
2021,Couple mono-actif avec enfant(s),1178,616,1204.2689344629355
2021,Couple mono-actif avec enfant(s),1178,646,1217.7363340068289
2021,Couple mono-actif avec enfant(s),1178,677,1231.652646868852
2021,Couple mono-actif avec enfant(s),1178,708,1245.5689597308751
2021,Couple mono-actif avec enfant(s),1178,739,1259.485272592898
2021,Couple mono-actif avec enfant(s),1178,769,1272.9526721367913
2021,Couple mono-actif avec enfant(s),1178,800,1286.8689849988143
2021,Couple mono-actif avec enfant(s),1178,831,1300.785297860837
2021,Couple mono-actif avec enfant(s),1178,862,1314.70161072286
2021,Couple mono-actif avec enfant(s),1178,892,1328.1690102667537
2021,Couple mono-actif avec enfant(s),1178,923,1342.0853231287767
2021,Couple mono-actif avec enfant(s),1178,954,1355.6489549446428
2021,Couple mono-actif avec enfant(s),1178,985,1364.6537168494046
2021,Couple mono-actif avec enfant(s),1178,1016,1373.6584787541667
2021,Couple mono-actif avec enfant(s),1178,1046,1382.3727644684523
2021,Couple mono-actif avec enfant(s),1178,1077,1391.3775263732143
2021,Couple mono-actif avec enfant(s),1178,1108,1400.3822882779762
2021,Couple mono-actif avec enfant(s),1178,1139,1409.387050182738
2021,Couple mono-actif avec enfant(s),1178,1169,1418.1013358970238
2021,Couple mono-actif avec enfant(s),1178,1200,1427.1060978017856
2021,Couple mono-actif avec enfant(s),1178,1231,1436.1108597065474
2021,Couple mono-actif avec enfant(s),1400,0,1105.3790757844238
2021,Couple mono-actif avec enfant(s),1400,31,1110.0108498839209
2021,Couple mono-actif avec enfant(s),1400,62,1114.6426239834173
2021,Couple mono-actif avec enfant(s),1400,92,1119.124986015188
2021,Couple mono-actif avec enfant(s),1400,123,1123.7567601146845
2021,Couple mono-actif avec enfant(s),1400,154,1128.388534214181
2021,Couple mono-actif avec enfant(s),1400,185,1133.0203083136776
2021,Couple mono-actif avec enfant(s),1400,215,1137.5026703454482
2021,Couple mono-actif avec enfant(s),1400,246,1142.134444444945
2021,Couple mono-actif avec enfant(s),1400,277,1150.9941494208333
2021,Couple mono-actif avec enfant(s),1400,308,1159.9989113255951
2021,Couple mono-actif avec enfant(s),1400,339,1169.003673230357
2021,Couple mono-actif avec enfant(s),1400,369,1177.7179589446428
2021,Couple mono-actif avec enfant(s),1400,400,1182.5560541827379
2021,Couple mono-actif avec enfant(s),1400,431,1191.5608160875001
2021,Couple mono-actif avec enfant(s),1400,462,1200.565577992262
2021,Couple mono-actif avec enfant(s),1400,492,1213.0893973005577
2021,Couple mono-actif avec enfant(s),1400,523,1227.005710162581
2021,Couple mono-actif avec enfant(s),1400,554,1240.922023024604
2021,Couple mono-actif avec enfant(s),1400,585,1254.8383358866265
2021,Couple mono-actif avec enfant(s),1400,616,1268.75464874865
2021,Couple mono-actif avec enfant(s),1400,646,1282.2220482925434
2021,Couple mono-actif avec enfant(s),1400,677,1296.1383611545662
2021,Couple mono-actif avec enfant(s),1400,708,1310.0546740165892
2021,Couple mono-actif avec enfant(s),1400,739,1323.9709868786124
2021,Couple mono-actif avec enfant(s),1400,769,1337.4383864225056
2021,Couple mono-actif avec enfant(s),1400,800,1351.3546992845286
2021,Couple mono-actif avec enfant(s),1400,831,1365.2710121465516
2021,Couple mono-actif avec enfant(s),1400,862,1379.1873250085746
2021,Couple mono-actif avec enfant(s),1400,892,1392.654724552468
2021,Couple mono-actif avec enfant(s),1400,923,1406.571037414491
2021,Couple mono-actif avec enfant(s),1400,954,1420.134669230357
2021,Couple mono-actif avec enfant(s),1400,985,1429.139431135119
2021,Couple mono-actif avec enfant(s),1400,1016,1438.144193039881
2021,Couple mono-actif avec enfant(s),1400,1046,1446.8584787541668
2021,Couple mono-actif avec enfant(s),1400,1077,1455.8632406589286
2021,Couple mono-actif avec enfant(s),1400,1108,1464.8680025636904
2021,Couple mono-actif avec enfant(s),1400,1139,1473.8727644684523
2021,Couple mono-actif avec enfant(s),1400,1169,1482.5870501827383
2021,Couple mono-actif avec enfant(s),1400,1200,1491.5918120875
2021,Couple mono-actif avec enfant(s),1400,1231,1500.596573992262
2021,Couple mono-actif avec enfant(s),1618,0,1137.9509065486257
2021,Couple mono-actif avec enfant(s),1618,31,1142.8608160875
2021,Couple mono-actif avec enfant(s),1618,62,1151.865577992262
2021,Couple mono-actif avec enfant(s),1618,92,1160.5798637065477
2021,Couple mono-actif avec enfant(s),1618,123,1169.5846256113095
2021,Couple mono-actif avec enfant(s),1618,154,1178.5893875160712
2021,Couple mono-actif avec enfant(s),1618,185,1183.4274827541662
2021,Couple mono-actif avec enfant(s),1618,215,1192.141768468452
2021,Couple mono-actif avec enfant(s),1618,246,1201.146530373214
2021,Couple mono-actif avec enfant(s),1618,277,1210.1512922779762
2021,Couple mono-actif avec enfant(s),1618,308,1219.156054182738
2021,Couple mono-actif avec enfant(s),1618,339,1228.1608160874998
2021,Couple mono-actif avec enfant(s),1618,369,1236.8751018017856
2021,Couple mono-actif avec enfant(s),1618,400,1245.8798637065477
2021,Couple mono-actif avec enfant(s),1618,431,1254.8846256113095
2021,Couple mono-actif avec enfant(s),1618,462,1263.8893875160713
2021,Couple mono-actif avec enfant(s),1618,492,1276.4132068243673
2021,Couple mono-actif avec enfant(s),1618,523,1290.3295196863903
2021,Couple mono-actif avec enfant(s),1618,554,1304.2458325484135
2021,Couple mono-actif avec enfant(s),1618,585,1318.1621454104363
2021,Couple mono-actif avec enfant(s),1618,616,1332.0784582724593
2021,Couple mono-actif avec enfant(s),1618,646,1345.5458578163525
2021,Couple mono-actif avec enfant(s),1618,677,1359.462170678376
2021,Couple mono-actif avec enfant(s),1618,708,1373.3784835403987
2021,Couple mono-actif avec enfant(s),1618,739,1387.2947964024218
2021,Couple mono-actif avec enfant(s),1618,769,1400.7621959463152
2021,Couple mono-actif avec enfant(s),1618,800,1414.6785088083382
2021,Couple mono-actif avec enfant(s),1618,831,1428.594821670361
2021,Couple mono-actif avec enfant(s),1618,862,1442.5111345323842
2021,Couple mono-actif avec enfant(s),1618,892,1455.9785340762774
2021,Couple mono-actif avec enfant(s),1618,923,1469.8948469383004
2021,Couple mono-actif avec enfant(s),1618,954,1483.4584787541667
2021,Couple mono-actif avec enfant(s),1618,985,1492.4632406589285
2021,Couple mono-actif avec enfant(s),1618,1016,1501.4680025636903
2021,Couple mono-actif avec enfant(s),1618,1046,1510.182288277976
2021,Couple mono-actif avec enfant(s),1618,1077,1519.187050182738
2021,Couple mono-actif avec enfant(s),1618,1108,1528.1918120874998
2021,Couple mono-actif avec enfant(s),1618,1139,1537.1965739922618
2021,Couple mono-actif avec enfant(s),1618,1169,1545.9108597065474
2021,Couple mono-actif avec enfant(s),1618,1200,1554.9156216113095
2021,Couple mono-actif avec enfant(s),1618,1231,1561.717220139202
2021,Couple mono-actif avec enfant(s),1900,0,1211.6036732303571
2021,Couple mono-actif avec enfant(s),1900,31,1220.6084351351192
2021,Couple mono-actif avec enfant(s),1900,62,1229.613197039881
2021,Couple mono-actif avec enfant(s),1900,92,1238.3274827541663
2021,Couple mono-actif avec enfant(s),1900,123,1247.3322446589286
2021,Couple mono-actif avec enfant(s),1900,154,1256.3370065636907
2021,Couple mono-actif avec enfant(s),1900,185,1265.3417684684525
2021,Couple mono-actif avec enfant(s),1900,215,1274.056054182738
2021,Couple mono-actif avec enfant(s),1900,246,1283.0608160875
2021,Couple mono-actif avec enfant(s),1900,277,1292.065577992262
2021,Couple mono-actif avec enfant(s),1900,308,1301.0703398970238
2021,Couple mono-actif avec enfant(s),1900,339,1310.0751018017856
2021,Couple mono-actif avec enfant(s),1900,369,1318.7893875160714
2021,Couple mono-actif avec enfant(s),1900,400,1327.7941494208333
2021,Couple mono-actif avec enfant(s),1900,431,1336.7989113255953
2021,Couple mono-actif avec enfant(s),1900,462,1345.8036732303572
2021,Couple mono-actif avec enfant(s),1900,492,1358.327492538653
2021,Couple mono-actif avec enfant(s),1900,523,1372.2438054006761
2021,Couple mono-actif avec enfant(s),1900,554,1386.1601182626991
2021,Couple mono-actif avec enfant(s),1900,585,1400.0764311247221
2021,Couple mono-actif avec enfant(s),1900,616,1413.9927439867452
2021,Couple mono-actif avec enfant(s),1900,646,1427.4601435306386
2021,Couple mono-actif avec enfant(s),1900,677,1441.3764563926613
2021,Couple mono-actif avec enfant(s),1900,708,1455.2927692546846
2021,Couple mono-actif avec enfant(s),1900,739,1469.2090821167076
2021,Couple mono-actif avec enfant(s),1900,769,1482.6764816606008
2021,Couple mono-actif avec enfant(s),1900,800,1496.5927945226238
2021,Couple mono-actif avec enfant(s),1900,831,1510.509107384647
2021,Couple mono-actif avec enfant(s),1900,862,1524.4254202466698
2021,Couple mono-actif avec enfant(s),1900,892,1537.8928197905632
2021,Couple mono-actif avec enfant(s),1900,923,1551.8091326525862
2021,Couple mono-actif avec enfant(s),1900,954,1560.9955216514913
2021,Couple mono-actif avec enfant(s),1900,985,1556.5209910276856
2021,Couple mono-actif avec enfant(s),1900,1016,1553.1821367619048
2021,Couple mono-actif avec enfant(s),1900,1046,1561.8964224761903
2021,Couple mono-actif avec enfant(s),1900,1077,1570.9011843809524
2021,Couple mono-actif avec enfant(s),1900,1108,1579.9059462857142
2021,Couple mono-actif avec enfant(s),1900,1139,1588.910708190476
2021,Couple mono-actif avec enfant(s),1900,1169,1597.6249939047618
2021,Couple mono-actif avec enfant(s),1900,1200,1606.6297558095237
2021,Couple mono-actif avec enfant(s),1900,1231,1615.6345177142855
2022,Couple mono-actif sans enfant,0,0,730.6883000000001
2022,Couple mono-actif sans enfant,0,32,730.6883000000001
2022,Couple mono-actif sans enfant,0,63,730.6883000000001
2022,Couple mono-actif sans enfant,0,95,730.6883000000001
2022,Couple mono-actif sans enfant,0,127,753.0525666666667
2022,Couple mono-actif sans enfant,0,159,766.0659
2022,Couple mono-actif sans enfant,0,190,778.6725666666667
2022,Couple mono-actif sans enfant,0,222,791.6859000000001
2022,Couple mono-actif sans enfant,0,254,804.6992333333334
2022,Couple mono-actif sans enfant,0,286,817.7125666666667
2022,Couple mono-actif sans enfant,0,317,830.3192333333333
2022,Couple mono-actif sans enfant,0,349,843.3325666666666
2022,Couple mono-actif sans enfant,0,381,856.3459000000001
2022,Couple mono-actif sans enfant,0,412,868.9525666666667
2022,Couple mono-actif sans enfant,0,444,881.9659
2022,Couple mono-actif sans enfant,0,476,894.9792333333335
2022,Couple mono-actif sans enfant,0,508,907.9925666666668
2022,Couple mono-actif sans enfant,0,539,920.5992333333334
2022,Couple mono-actif sans enfant,0,571,933.6125666666667
2022,Couple mono-actif sans enfant,0,603,946.6259
2022,Couple mono-actif sans enfant,0,634,959.2325666666666
2022,Couple mono-actif sans enfant,0,666,974.9556313713175
2022,Couple mono-actif sans enfant,0,698,985.7003624377713
2022,Couple mono-actif sans enfant,0,730,996.4450935042254
2022,Couple mono-actif sans enfant,0,761,1006.8540517248524
2022,Couple mono-actif sans enfant,0,793,1017.5987827913062
2022,Couple mono-actif sans enfant,0,825,1028.34351385776
2022,Couple mono-actif sans enfant,0,857,1039.0882449242138
2022,Couple mono-actif sans enfant,0,888,1049.4972031448408
2022,Couple mono-actif sans enfant,0,920,1060.2419342112948
2022,Couple mono-actif sans enfant,0,952,1070.986665277749
2022,Couple mono-actif sans enfant,0,983,1081.3956234983757
2022,Couple mono-actif sans enfant,0,1015,1092.1403545648297
2022,Couple mono-actif sans enfant,0,1047,1102.8850856312836
2022,Couple mono-actif sans enfant,0,1079,1113.6298166977374
2022,Couple mono-actif sans enfant,0,1110,1124.0387749183644
2022,Couple mono-actif sans enfant,0,1142,1134.7835059848182
2022,Couple mono-actif sans enfant,0,1174,1145.528237051272
2022,Couple mono-actif sans enfant,0,1206,1156.272968117726
2022,Couple mono-actif sans enfant,0,1237,1169.7544951347804
2022,Couple mono-actif sans enfant,0,1269,1188.2780075788837
2022,Couple mono-actif sans enfant,300,0,823.4059000000001
2022,Couple mono-actif sans enfant,300,32,836.4192333333334
2022,Couple mono-actif sans enfant,300,63,849.0259000000001
2022,Couple mono-actif sans enfant,300,95,862.0392333333334
2022,Couple mono-actif sans enfant,300,127,875.0525666666667
2022,Couple mono-actif sans enfant,300,159,888.0659
2022,Couple mono-actif sans enfant,300,190,900.6725666666667
2022,Couple mono-actif sans enfant,300,222,913.6859000000001
2022,Couple mono-actif sans enfant,300,254,926.6992333333334
2022,Couple mono-actif sans enfant,300,286,939.7125666666667
2022,Couple mono-actif sans enfant,300,317,952.3192333333333
2022,Couple mono-actif sans enfant,300,349,965.3325666666666
2022,Couple mono-actif sans enfant,300,381,972.7037576402313
2022,Couple mono-actif sans enfant,300,412,977.7747298473001
2022,Couple mono-actif sans enfant,300,444,983.009281802984
2022,Couple mono-actif sans enfant,300,476,988.2438337586681
2022,Couple mono-actif sans enfant,300,508,993.478385714352
2022,Couple mono-actif sans enfant,300,539,998.5493579214207
2022,Couple mono-actif sans enfant,300,571,1003.7839098771045
2022,Couple mono-actif sans enfant,300,603,1009.0184618327885
2022,Couple mono-actif sans enfant,300,634,1014.0894340398572
2022,Couple mono-actif sans enfant,300,666,1024.0295559558542
2022,Couple mono-actif sans enfant,300,698,1034.774287022308
2022,Couple mono-actif sans enfant,300,730,1045.5190180887619
2022,Couple mono-actif sans enfant,300,761,1055.9279763093891
2022,Couple mono-actif sans enfant,300,793,1066.672707375843
2022,Couple mono-actif sans enfant,300,825,1077.4174384422965
2022,Couple mono-actif sans enfant,300,857,1088.1621695087506
2022,Couple mono-actif sans enfant,300,888,1098.5711277293776
2022,Couple mono-actif sans enfant,300,920,1109.3158587958314
2022,Couple mono-actif sans enfant,300,952,1126.7794624294859
2022,Couple mono-actif sans enfant,300,983,1144.7241151097107
2022,Couple mono-actif sans enfant,300,1015,1163.247627553814
2022,Couple mono-actif sans enfant,300,1047,1181.7711399979173
2022,Couple mono-actif sans enfant,300,1079,1200.2946524420206
2022,Couple mono-actif sans enfant,300,1110,1218.2393051222455
2022,Couple mono-actif sans enfant,300,1142,1236.7628175663488
2022,Couple mono-actif sans enfant,300,1174,1255.286330010452
2022,Couple mono-actif sans enfant,300,1206,1273.8098424545553
2022,Couple mono-actif sans enfant,300,1237,1291.7544951347804
2022,Couple mono-actif sans enfant,300,1269,1310.2780075788837
2022,Couple mono-actif sans enfant,625,0,955.5725666666667
2022,Couple mono-actif sans enfant,625,32,968.5859
2022,Couple mono-actif sans enfant,625,63,973.8488158805372
2022,Couple mono-actif sans enfant,625,95,979.0833678362211
2022,Couple mono-actif sans enfant,625,127,982.8776531252383
2022,Couple mono-actif sans enfant,625,159,989.5524717475888
2022,Couple mono-actif sans enfant,625,190,994.6234439546578
2022,Couple mono-actif sans enfant,625,222,999.8579959103416
2022,Couple mono-actif sans enfant,625,254,1005.0925478660256
2022,Couple mono-actif sans enfant,625,286,1010.3270998217095
2022,Couple mono-actif sans enfant,625,317,1015.3980720287782
2022,Couple mono-actif sans enfant,625,349,1020.632623984462
2022,Couple mono-actif sans enfant,625,381,1025.867175940146
2022,Couple mono-actif sans enfant,625,412,1030.9381481472149
2022,Couple mono-actif sans enfant,625,444,1036.1727001028987
2022,Couple mono-actif sans enfant,625,476,1041.4072520585826
2022,Couple mono-actif sans enfant,625,508,1046.6418040142664
2022,Couple mono-actif sans enfant,625,539,1051.7127762213352
2022,Couple mono-actif sans enfant,625,571,1056.947328177019
2022,Couple mono-actif sans enfant,625,603,1063.0666666666666
2022,Couple mono-actif sans enfant,625,634,1075.6733333333332
2022,Couple mono-actif sans enfant,625,666,1093.3922366269799
2022,Couple mono-actif sans enfant,625,698,1111.915749071083
2022,Couple mono-actif sans enfant,625,730,1130.4392615151862
2022,Couple mono-actif sans enfant,625,761,1148.3839141954113
2022,Couple mono-actif sans enfant,625,793,1166.9074266395146
2022,Couple mono-actif sans enfant,625,825,1185.4309390836177
2022,Couple mono-actif sans enfant,625,857,1203.954451527721
2022,Couple mono-actif sans enfant,625,888,1221.899104207946
2022,Couple mono-actif sans enfant,625,920,1240.4226166520493
2022,Couple mono-actif sans enfant,625,952,1258.9461290961526
2022,Couple mono-actif sans enfant,625,983,1276.8907817763775
2022,Couple mono-actif sans enfant,625,1015,1295.4142942204808
2022,Couple mono-actif sans enfant,625,1047,1313.937806664584
2022,Couple mono-actif sans enfant,625,1079,1332.4613191086873
2022,Couple mono-actif sans enfant,625,1110,1350.4059717889122
2022,Couple mono-actif sans enfant,625,1142,1368.9294842330155
2022,Couple mono-actif sans enfant,625,1174,1387.4529966771188
2022,Couple mono-actif sans enfant,625,1206,1405.976509121222
2022,Couple mono-actif sans enfant,625,1237,1423.921161801447
2022,Couple mono-actif sans enfant,625,1269,1442.4446742455502
2022,Couple mono-actif sans enfant,900,0,1053.5264772947612
2022,Couple mono-actif sans enfant,900,32,1058.761029250445
2022,Couple mono-actif sans enfant,900,63,1063.8320014575138
2022,Couple mono-actif sans enfant,900,95,1069.0665534131977
2022,Couple mono-actif sans enfant,900,127,1074.3011053688817
2022,Couple mono-actif sans enfant,900,159,1079.5356573245656
2022,Couple mono-actif sans enfant,900,190,1084.6066295316343
2022,Couple mono-actif sans enfant,900,222,1089.8411814873182
2022,Couple mono-actif sans enfant,900,254,1095.075733443002
2022,Couple mono-actif sans enfant,900,286,1100.3102853986861
2022,Couple mono-actif sans enfant,900,317,1105.3812576057546
2022,Couple mono-actif sans enfant,900,349,1116.6054213744846
2022,Couple mono-actif sans enfant,900,381,1129.618754707818
2022,Couple mono-actif sans enfant,900,412,1142.2254213744845
2022,Couple mono-actif sans enfant,900,444,1155.238754707818
2022,Couple mono-actif sans enfant,900,476,1168.2520880411514
2022,Couple mono-actif sans enfant,900,508,1181.2654213744847
2022,Couple mono-actif sans enfant,900,539,1193.8720880411513
2022,Couple mono-actif sans enfant,900,571,1206.8854213744846
2022,Couple mono-actif sans enfant,900,603,1219.898754707818
2022,Couple mono-actif sans enfant,900,634,1232.5054213744847
2022,Couple mono-actif sans enfant,900,666,1250.2243246681312
2022,Couple mono-actif sans enfant,900,698,1268.7478371122345
2022,Couple mono-actif sans enfant,900,730,1287.2713495563376
2022,Couple mono-actif sans enfant,900,761,1305.2160022365626
2022,Couple mono-actif sans enfant,900,793,1323.739514680666
2022,Couple mono-actif sans enfant,900,825,1342.2630271247692
2022,Couple mono-actif sans enfant,900,857,1360.7865395688725
2022,Couple mono-actif sans enfant,900,888,1378.7311922490974
2022,Couple mono-actif sans enfant,900,920,1397.2547046932007
2022,Couple mono-actif sans enfant,900,952,1415.778217137304
2022,Couple mono-actif sans enfant,900,983,1433.7228698175288
2022,Couple mono-actif sans enfant,900,1015,1452.246382261632
2022,Couple mono-actif sans enfant,900,1047,1470.7698947057354
2022,Couple mono-actif sans enfant,900,1079,1489.2934071498387
2022,Couple mono-actif sans enfant,900,1110,1507.2380598300635
2022,Couple mono-actif sans enfant,900,1142,1525.7615722741668
2022,Couple mono-actif sans enfant,900,1174,1544.2850847182701
2022,Couple mono-actif sans enfant,900,1206,1562.8085971623739
2022,Couple mono-actif sans enfant,900,1237,1580.7532498425983
2022,Couple mono-actif sans enfant,900,1269,1599.276762286702
2022,Couple mono-actif sans enfant,1178,0,1146.8713284345788
2022,Couple mono-actif sans enfant,1178,32,1152.1058803902627
2022,Couple mono-actif sans enfant,1178,63,1161.2217690659652
2022,Couple mono-actif sans enfant,1178,95,1174.2351023992985
2022,Couple mono-actif sans enfant,1178,127,1187.2484357326318
2022,Couple mono-actif sans enfant,1178,159,1200.2617690659652
2022,Couple mono-actif sans enfant,1178,190,1212.8684357326317
2022,Couple mono-actif sans enfant,1178,222,1225.881769065965
2022,Couple mono-actif sans enfant,1178,254,1238.8951023992984
2022,Couple mono-actif sans enfant,1178,286,1251.9084357326317
2022,Couple mono-actif sans enfant,1178,317,1264.5151023992985
2022,Couple mono-actif sans enfant,1178,349,1277.5284357326318
2022,Couple mono-actif sans enfant,1178,381,1290.5417690659651
2022,Couple mono-actif sans enfant,1178,412,1303.1484357326317
2022,Couple mono-actif sans enfant,1178,444,1316.161769065965
2022,Couple mono-actif sans enfant,1178,476,1329.1751023992983
2022,Couple mono-actif sans enfant,1178,508,1342.188435732632
2022,Couple mono-actif sans enfant,1178,539,1354.7951023992985
2022,Couple mono-actif sans enfant,1178,571,1367.8084357326316
2022,Couple mono-actif sans enfant,1178,603,1380.821769065965
2022,Couple mono-actif sans enfant,1178,634,1393.4284357326317
2022,Couple mono-actif sans enfant,1178,666,1411.1473390262781
2022,Couple mono-actif sans enfant,1178,698,1429.6708514703814
2022,Couple mono-actif sans enfant,1178,730,1448.1943639144847
2022,Couple mono-actif sans enfant,1178,761,1466.1390165947096
2022,Couple mono-actif sans enfant,1178,793,1484.6625290388129
2022,Couple mono-actif sans enfant,1178,825,1503.1860414829162
2022,Couple mono-actif sans enfant,1178,857,1521.7095539270194
2022,Couple mono-actif sans enfant,1178,888,1539.6542066072445
2022,Couple mono-actif sans enfant,1178,920,1558.1777190513476
2022,Couple mono-actif sans enfant,1178,952,1576.7012314954509
2022,Couple mono-actif sans enfant,1178,983,1594.645884175676
2022,Couple mono-actif sans enfant,1178,1015,1613.1693966197793
2022,Couple mono-actif sans enfant,1178,1047,1631.6929090638823
2022,Couple mono-actif sans enfant,1178,1079,1650.2164215079858
2022,Couple mono-actif sans enfant,1178,1110,1668.1610741882107
2022,Couple mono-actif sans enfant,1178,1142,1686.684586632314
2022,Couple mono-actif sans enfant,1178,1174,1705.208099076417
2022,Couple mono-actif sans enfant,1178,1206,1723.7316115205206
2022,Couple mono-actif sans enfant,1178,1237,1741.6762642007452
2022,Couple mono-actif sans enfant,1178,1269,1760.1997766448487
2022,Couple mono-actif sans enfant,1400,0,1246.7466666666667
2022,Couple mono-actif sans enfant,1400,32,1259.76
2022,Couple mono-actif sans enfant,1400,63,1272.3666666666668
2022,Couple mono-actif sans enfant,1400,95,1285.3799999999999
2022,Couple mono-actif sans enfant,1400,127,1298.3933333333334
2022,Couple mono-actif sans enfant,1400,159,1311.4066666666668
2022,Couple mono-actif sans enfant,1400,190,1324.0133333333333
2022,Couple mono-actif sans enfant,1400,222,1337.0266666666666
2022,Couple mono-actif sans enfant,1400,254,1350.04
2022,Couple mono-actif sans enfant,1400,286,1363.0533333333333
2022,Couple mono-actif sans enfant,1400,317,1375.6599999999999
2022,Couple mono-actif sans enfant,1400,349,1388.6733333333332
2022,Couple mono-actif sans enfant,1400,381,1401.6866666666667
2022,Couple mono-actif sans enfant,1400,412,1414.2933333333333
2022,Couple mono-actif sans enfant,1400,444,1427.3066666666666
2022,Couple mono-actif sans enfant,1400,476,1440.32
2022,Couple mono-actif sans enfant,1400,508,1453.3333333333333
2022,Couple mono-actif sans enfant,1400,539,1465.9399999999998
2022,Couple mono-actif sans enfant,1400,571,1478.9533333333331
2022,Couple mono-actif sans enfant,1400,603,1491.9666666666665
2022,Couple mono-actif sans enfant,1400,634,1504.5733333333335
2022,Couple mono-actif sans enfant,1400,666,1522.2922366269795
2022,Couple mono-actif sans enfant,1400,698,1540.815749071083
2022,Couple mono-actif sans enfant,1400,730,1559.339261515186
2022,Couple mono-actif sans enfant,1400,761,1577.2839141954112
2022,Couple mono-actif sans enfant,1400,793,1595.8074266395145
2022,Couple mono-actif sans enfant,1400,825,1614.3309390836177
2022,Couple mono-actif sans enfant,1400,857,1632.8544515277208
2022,Couple mono-actif sans enfant,1400,888,1650.799104207946
2022,Couple mono-actif sans enfant,1400,920,1669.3226166520492
2022,Couple mono-actif sans enfant,1400,952,1687.8461290961525
2022,Couple mono-actif sans enfant,1400,983,1705.7907817763778
2022,Couple mono-actif sans enfant,1400,1015,1724.3142942204806
2022,Couple mono-actif sans enfant,1400,1047,1742.8378066645844
2022,Couple mono-actif sans enfant,1400,1079,1761.3613191086872
2022,Couple mono-actif sans enfant,1400,1110,1779.3059717889125
2022,Couple mono-actif sans enfant,1400,1142,1797.8294842330154
2022,Couple mono-actif sans enfant,1400,1174,1816.3529966771187
2022,Couple mono-actif sans enfant,1400,1206,1834.876509121222
2022,Couple mono-actif sans enfant,1400,1237,1852.8211618014473
2022,Couple mono-actif sans enfant,1400,1269,1870.6742154150525
2022,Couple mono-actif sans enfant,1618,0,1335.3999999999999
2022,Couple mono-actif sans enfant,1618,32,1348.4133333333332
2022,Couple mono-actif sans enfant,1618,63,1361.0200000000002
2022,Couple mono-actif sans enfant,1618,95,1374.0333333333335
2022,Couple mono-actif sans enfant,1618,127,1387.0466666666669
2022,Couple mono-actif sans enfant,1618,159,1400.0600000000002
2022,Couple mono-actif sans enfant,1618,190,1412.6666666666667
2022,Couple mono-actif sans enfant,1618,222,1425.68
2022,Couple mono-actif sans enfant,1618,254,1438.6933333333334
2022,Couple mono-actif sans enfant,1618,286,1451.7066666666667
2022,Couple mono-actif sans enfant,1618,317,1464.3133333333333
2022,Couple mono-actif sans enfant,1618,349,1477.3266666666666
2022,Couple mono-actif sans enfant,1618,381,1490.34
2022,Couple mono-actif sans enfant,1618,412,1502.9466666666667
2022,Couple mono-actif sans enfant,1618,444,1515.96
2022,Couple mono-actif sans enfant,1618,476,1528.9733333333334
2022,Couple mono-actif sans enfant,1618,508,1541.9866666666667
2022,Couple mono-actif sans enfant,1618,539,1554.5933333333332
2022,Couple mono-actif sans enfant,1618,571,1567.6066666666666
2022,Couple mono-actif sans enfant,1618,603,1580.62
2022,Couple mono-actif sans enfant,1618,634,1593.2266666666667
2022,Couple mono-actif sans enfant,1618,666,1610.9455699603132
2022,Couple mono-actif sans enfant,1618,698,1629.4690824044162
2022,Couple mono-actif sans enfant,1618,730,1647.9925948485197
2022,Couple mono-actif sans enfant,1618,761,1665.9372475287446
2022,Couple mono-actif sans enfant,1618,793,1684.4607599728479
2022,Couple mono-actif sans enfant,1618,825,1702.984272416951
2022,Couple mono-actif sans enfant,1618,857,1721.5077848610545
2022,Couple mono-actif sans enfant,1618,888,1739.4524375412793
2022,Couple mono-actif sans enfant,1618,920,1757.9759499853826
2022,Couple mono-actif sans enfant,1618,952,1776.499462429486
2022,Couple mono-actif sans enfant,1618,983,1794.4441151097108
2022,Couple mono-actif sans enfant,1618,1015,1812.967627553814
2022,Couple mono-actif sans enfant,1618,1047,1831.197279182402
2022,Couple mono-actif sans enfant,1618,1079,1846.7080075066444
2022,Couple mono-actif sans enfant,1618,1110,1861.7340255707538
2022,Couple mono-actif sans enfant,1618,1142,1877.2447538949962
2022,Couple mono-actif sans enfant,1618,1174,1892.755482219238
2022,Couple mono-actif sans enfant,1618,1206,1908.2662105434804
2022,Couple mono-actif sans enfant,1618,1237,1923.29222860759
2022,Couple mono-actif sans enfant,1618,1269,1938.8029569318323
2022,Couple mono-actif sans enfant,1900,0,1450.08
2022,Couple mono-actif sans enfant,1900,32,1463.0933333333332
2022,Couple mono-actif sans enfant,1900,63,1475.7
2022,Couple mono-actif sans enfant,1900,95,1488.7133333333334
2022,Couple mono-actif sans enfant,1900,127,1501.7266666666667
2022,Couple mono-actif sans enfant,1900,159,1514.74
2022,Couple mono-actif sans enfant,1900,190,1527.3466666666666
2022,Couple mono-actif sans enfant,1900,222,1540.36
2022,Couple mono-actif sans enfant,1900,254,1553.3733333333332
2022,Couple mono-actif sans enfant,1900,286,1566.3866666666665
2022,Couple mono-actif sans enfant,1900,317,1578.993333333333
2022,Couple mono-actif sans enfant,1900,349,1592.0066666666664
2022,Couple mono-actif sans enfant,1900,381,1605.0200000000002
2022,Couple mono-actif sans enfant,1900,412,1617.6266666666668
2022,Couple mono-actif sans enfant,1900,444,1630.64
2022,Couple mono-actif sans enfant,1900,476,1643.6533333333334
2022,Couple mono-actif sans enfant,1900,508,1656.6666666666667
2022,Couple mono-actif sans enfant,1900,539,1669.2733333333333
2022,Couple mono-actif sans enfant,1900,571,1682.2866666666666
2022,Couple mono-actif sans enfant,1900,603,1695.3
2022,Couple mono-actif sans enfant,1900,634,1707.9066666666668
2022,Couple mono-actif sans enfant,1900,666,1725.6255699603128
2022,Couple mono-actif sans enfant,1900,698,1744.1490824044165
2022,Couple mono-actif sans enfant,1900,730,1753.3333333333333
2022,Couple mono-actif sans enfant,1900,761,1774.0
2022,Couple mono-actif sans enfant,1900,793,1792.4032864129397
2022,Couple mono-actif sans enfant,1900,825,1810.7238356264122
2022,Couple mono-actif sans enfant,1900,857,1829.0443848398843
2022,Couple mono-actif sans enfant,1900,888,1846.7924168904356
2022,Couple mono-actif sans enfant,1900,920,1865.1129661039076
2022,Couple mono-actif sans enfant,1900,952,1883.43351531738
2022,Couple mono-actif sans enfant,1900,983,1901.181547367931
2022,Couple mono-actif sans enfant,1900,1015,1919.5020965814035
2022,Couple mono-actif sans enfant,1900,1047,1937.8226457948756
2022,Couple mono-actif sans enfant,1900,1079,1956.143195008348
2022,Couple mono-actif sans enfant,1900,1110,1973.8912270588992
2022,Couple mono-actif sans enfant,1900,1142,1992.2117762723713
2022,Couple mono-actif sans enfant,1900,1174,2010.5323254858438
2022,Couple mono-actif sans enfant,1900,1206,2028.8528746993159
2022,Couple mono-actif sans enfant,1900,1237,2046.6009067498671
2022,Couple mono-actif sans enfant,1900,1269,2064.921455963339
2022,Couple mono-actif avec enfant(s),0,0,781.362246475595
2022,Couple mono-actif avec enfant(s),0,32,781.362246475595
2022,Couple mono-actif avec enfant(s),0,63,781.362246475595
2022,Couple mono-actif avec enfant(s),0,95,781.362246475595
2022,Couple mono-actif avec enfant(s),0,127,781.362246475595
2022,Couple mono-actif avec enfant(s),0,159,797.6181607613096
2022,Couple mono-actif avec enfant(s),0,190,806.6229226660714
2022,Couple mono-actif avec enfant(s),0,222,815.9181607613095
2022,Couple mono-actif avec enfant(s),0,254,825.2133988565475
2022,Couple mono-actif avec enfant(s),0,286,834.5086369517857
2022,Couple mono-actif avec enfant(s),0,317,843.5133988565475
2022,Couple mono-actif avec enfant(s),0,349,852.8086369517856
2022,Couple mono-actif avec enfant(s),0,381,855.3181607613096
2022,Couple mono-actif avec enfant(s),0,412,864.3229226660715
2022,Couple mono-actif avec enfant(s),0,444,873.6181607613096
2022,Couple mono-actif avec enfant(s),0,476,882.9133988565476
2022,Couple mono-actif avec enfant(s),0,508,892.2086369517857
2022,Couple mono-actif avec enfant(s),0,539,901.2133988565475
2022,Couple mono-actif avec enfant(s),0,571,910.5086369517857
2022,Couple mono-actif avec enfant(s),0,603,919.8038750470237
2022,Couple mono-actif avec enfant(s),0,634,928.8086369517857
2022,Couple mono-actif avec enfant(s),0,666,941.4649964472475
2022,Couple mono-actif avec enfant(s),0,698,954.6960767644641
2022,Couple mono-actif avec enfant(s),0,730,967.9271570816805
2022,Couple mono-actif avec enfant(s),0,761,980.7447661389843
2022,Couple mono-actif avec enfant(s),0,793,993.9758464562008
2022,Couple mono-actif avec enfant(s),0,825,1004.133899462806
2022,Couple mono-actif avec enfant(s),0,857,1013.0470083103123
2022,Couple mono-actif avec enfant(s),0,888,1021.6815825063338
2022,Couple mono-actif avec enfant(s),0,920,1030.5946913538403
2022,Couple mono-actif avec enfant(s),0,952,1039.5078002013465
2022,Couple mono-actif avec enfant(s),0,983,1048.142374397368
2022,Couple mono-actif avec enfant(s),0,1015,1049.3173880067793
2022,Couple mono-actif avec enfant(s),0,1047,1058.2304968542858
2022,Couple mono-actif avec enfant(s),0,1079,1067.1436057017918
2022,Couple mono-actif avec enfant(s),0,1110,1075.7781798978135
2022,Couple mono-actif avec enfant(s),0,1142,1084.6912887453198
2022,Couple mono-actif avec enfant(s),0,1174,1093.6043975928264
2022,Couple mono-actif avec enfant(s),0,1206,1102.5175064403325
2022,Couple mono-actif avec enfant(s),0,1237,1111.1520806363544
2022,Couple mono-actif avec enfant(s),0,1269,1120.0651894838609
2022,Couple mono-actif avec enfant(s),300,0,838.5753036184523
2022,Couple mono-actif avec enfant(s),300,32,847.8705417136904
2022,Couple mono-actif avec enfant(s),300,63,850.0895893327382
2022,Couple mono-actif avec enfant(s),300,95,859.3848274279762
2022,Couple mono-actif avec enfant(s),300,127,868.6800655232144
2022,Couple mono-actif avec enfant(s),300,159,877.9753036184525
2022,Couple mono-actif avec enfant(s),300,190,886.9800655232143
2022,Couple mono-actif avec enfant(s),300,222,896.2753036184523
2022,Couple mono-actif avec enfant(s),300,254,905.5705417136904
2022,Couple mono-actif avec enfant(s),300,286,914.8657798089286
2022,Couple mono-actif avec enfant(s),300,317,923.8705417136904
2022,Couple mono-actif avec enfant(s),300,349,933.1657798089285
2022,Couple mono-actif avec enfant(s),300,381,942.4610179041665
2022,Couple mono-actif avec enfant(s),300,412,951.4657798089286
2022,Couple mono-actif avec enfant(s),300,444,960.7610179041667
2022,Couple mono-actif avec enfant(s),300,476,970.0562559994048
2022,Couple mono-actif avec enfant(s),300,508,978.5723891273149
2022,Couple mono-actif avec enfant(s),300,539,983.3941161707947
2022,Couple mono-actif avec enfant(s),300,571,988.3713827963228
2022,Couple mono-actif avec enfant(s),300,603,993.3486494218505
2022,Couple mono-actif avec enfant(s),300,634,995.9640812272356
2022,Couple mono-actif avec enfant(s),300,666,1006.5087644910822
2022,Couple mono-actif avec enfant(s),300,698,1015.4218733385884
2022,Couple mono-actif avec enfant(s),300,730,1016.5968869479993
2022,Couple mono-actif avec enfant(s),300,761,1025.231461144021
2022,Couple mono-actif avec enfant(s),300,793,1034.1445699915275
2022,Couple mono-actif avec enfant(s),300,825,1043.0576788390338
2022,Couple mono-actif avec enfant(s),300,857,1051.97078768654
2022,Couple mono-actif avec enfant(s),300,888,1060.6053618825617
2022,Couple mono-actif avec enfant(s),300,920,1069.5184707300682
2022,Couple mono-actif avec enfant(s),300,952,1078.4315795775744
2022,Couple mono-actif avec enfant(s),300,983,1087.066153773596
2022,Couple mono-actif avec enfant(s),300,1015,1095.9792626211024
2022,Couple mono-actif avec enfant(s),300,1047,1104.8923714686086
2022,Couple mono-actif avec enfant(s),300,1079,1113.805480316115
2022,Couple mono-actif avec enfant(s),300,1110,1122.4400545121366
2022,Couple mono-actif avec enfant(s),300,1142,1131.353163359643
2022,Couple mono-actif avec enfant(s),300,1174,1140.2662722071493
2022,Couple mono-actif avec enfant(s),300,1206,1149.1793810546558
2022,Couple mono-actif avec enfant(s),300,1237,1157.8139552506775
2022,Couple mono-actif avec enfant(s),300,1269,1166.7270640981837
2022,Couple mono-actif avec enfant(s),625,0,926.1943512375
2022,Couple mono-actif avec enfant(s),625,32,935.489589332738
2022,Couple mono-actif avec enfant(s),625,63,944.4943512375
2022,Couple mono-actif avec enfant(s),625,95,953.7895893327382
2022,Couple mono-actif avec enfant(s),625,127,963.0848274279763
2022,Couple mono-actif avec enfant(s),625,159,972.3800655232143
2022,Couple mono-actif avec enfant(s),625,190,979.6611662016492
2022,Couple mono-actif avec enfant(s),625,222,984.638432827177
2022,Couple mono-actif avec enfant(s),625,254,989.6156994527046
2022,Couple mono-actif avec enfant(s),625,286,994.5929660782325
2022,Couple mono-actif avec enfant(s),625,317,999.4146931217125
2022,Couple mono-actif avec enfant(s),625,349,1004.3919597472402
2022,Couple mono-actif avec enfant(s),625,381,1009.369226372768
2022,Couple mono-actif avec enfant(s),625,412,1006.4528581781528
2022,Couple mono-actif avec enfant(s),625,444,1011.4301248036807
2022,Couple mono-actif avec enfant(s),625,476,1016.4073914292086
2022,Couple mono-actif avec enfant(s),625,508,1021.3846580547364
2022,Couple mono-actif avec enfant(s),625,539,1026.2063850982163
2022,Couple mono-actif avec enfant(s),625,571,1031.183651723744
2022,Couple mono-actif avec enfant(s),625,603,1036.1609183492717
2022,Couple mono-actif avec enfant(s),625,634,1040.9826453927521
2022,Couple mono-actif avec enfant(s),625,666,1049.3210334185035
2022,Couple mono-actif avec enfant(s),625,698,1058.2341422660097
2022,Couple mono-actif avec enfant(s),625,730,1067.147251113516
2022,Couple mono-actif avec enfant(s),625,761,1075.781825309538
2022,Couple mono-actif avec enfant(s),625,793,1084.694934157044
2022,Couple mono-actif avec enfant(s),625,825,1093.6080430045504
2022,Couple mono-actif avec enfant(s),625,857,1102.5211518520566
2022,Couple mono-actif avec enfant(s),625,888,1111.1557260480783
2022,Couple mono-actif avec enfant(s),625,920,1120.0688348955846
2022,Couple mono-actif avec enfant(s),625,952,1128.981943743091
2022,Couple mono-actif avec enfant(s),625,983,1137.6165179391128
2022,Couple mono-actif avec enfant(s),625,1015,1146.529626786619
2022,Couple mono-actif avec enfant(s),625,1047,1155.4427356341253
2022,Couple mono-actif avec enfant(s),625,1079,1164.3558444816317
2022,Couple mono-actif avec enfant(s),625,1110,1172.9904186776532
2022,Couple mono-actif avec enfant(s),625,1142,1181.9035275251597
2022,Couple mono-actif avec enfant(s),625,1174,1190.8166363726662
2022,Couple mono-actif avec enfant(s),625,1206,1201.3641958478968
2022,Couple mono-actif avec enfant(s),625,1237,1214.1818049052004
2022,Couple mono-actif avec enfant(s),625,1269,1223.008123317655
2022,Couple mono-actif avec enfant(s),900,0,1025.0239983241486
2022,Couple mono-actif avec enfant(s),900,32,1030.0012649496764
2022,Couple mono-actif avec enfant(s),900,63,1034.8229919931566
2022,Couple mono-actif avec enfant(s),900,95,1039.8002586186844
2022,Couple mono-actif avec enfant(s),900,127,1037.039430006117
2022,Couple mono-actif avec enfant(s),900,159,1042.016696631645
2022,Couple mono-actif avec enfant(s),900,190,1046.838423675125
2022,Couple mono-actif avec enfant(s),900,222,1051.8156903006525
2022,Couple mono-actif avec enfant(s),900,254,1056.7929569261803
2022,Couple mono-actif avec enfant(s),900,286,1061.7702235517083
2022,Couple mono-actif avec enfant(s),900,317,1066.591950595188
2022,Couple mono-actif avec enfant(s),900,349,1071.569217220716
2022,Couple mono-actif avec enfant(s),900,381,1076.5464838462437
2022,Couple mono-actif avec enfant(s),900,412,1081.3682108897237
2022,Couple mono-actif avec enfant(s),900,444,1086.3454775152518
2022,Couple mono-actif avec enfant(s),900,476,1091.3227441407796
2022,Couple mono-actif avec enfant(s),900,508,1096.3000107663074
2022,Couple mono-actif avec enfant(s),900,539,1101.1217378097872
2022,Couple mono-actif avec enfant(s),900,571,1106.0990044353152
2022,Couple mono-actif avec enfant(s),900,603,1111.076271060843
2022,Couple mono-actif avec enfant(s),900,634,1115.8979981043228
2022,Couple mono-actif avec enfant(s),900,666,1124.2363861300744
2022,Couple mono-actif avec enfant(s),900,698,1133.1494949775808
2022,Couple mono-actif avec enfant(s),900,730,1142.0626038250869
2022,Couple mono-actif avec enfant(s),900,761,1150.6971780211088
2022,Couple mono-actif avec enfant(s),900,793,1159.610286868615
2022,Couple mono-actif avec enfant(s),900,825,1168.5233957161213
2022,Couple mono-actif avec enfant(s),900,857,1177.4365045636275
2022,Couple mono-actif avec enfant(s),900,888,1186.0710787596495
2022,Couple mono-actif avec enfant(s),900,920,1195.134335542167
2022,Couple mono-actif avec enfant(s),900,952,1208.3654158593838
2022,Couple mono-actif avec enfant(s),900,983,1216.7782630119254
2022,Couple mono-actif avec enfant(s),900,1015,1230.009343329142
2022,Couple mono-actif avec enfant(s),900,1047,1243.2404236463585
2022,Couple mono-actif avec enfant(s),900,1079,1256.4715039635753
2022,Couple mono-actif avec enfant(s),900,1110,1269.2891130208786
2022,Couple mono-actif avec enfant(s),900,1142,1282.5201933380954
2022,Couple mono-actif avec enfant(s),900,1174,1295.7512736553122
2022,Couple mono-actif avec enfant(s),900,1206,1308.9823539725287
2022,Couple mono-actif avec enfant(s),900,1237,1321.7999630298323
2022,Couple mono-actif avec enfant(s),900,1269,1335.0310433470488
2022,Couple mono-actif avec enfant(s),1178,0,1094.7185361987647
2022,Couple mono-actif avec enfant(s),1178,32,1099.6958028242923
2022,Couple mono-actif avec enfant(s),1178,63,1104.5175298677725
2022,Couple mono-actif avec enfant(s),1178,95,1109.4947964933003
2022,Couple mono-actif avec enfant(s),1178,127,1114.472063118828
2022,Couple mono-actif avec enfant(s),1178,159,1119.4493297443557
2022,Couple mono-actif avec enfant(s),1178,190,1124.271056787836
2022,Couple mono-actif avec enfant(s),1178,222,1129.2483234133636
2022,Couple mono-actif avec enfant(s),1178,254,1134.2255900388916
2022,Couple mono-actif avec enfant(s),1178,286,1139.2028566644192
2022,Couple mono-actif avec enfant(s),1178,317,1144.0245837078994
2022,Couple mono-actif avec enfant(s),1178,349,1149.001850333427
2022,Couple mono-actif avec enfant(s),1178,381,1153.9791169589548
2022,Couple mono-actif avec enfant(s),1178,412,1158.800844002435
2022,Couple mono-actif avec enfant(s),1178,444,1163.7781106279626
2022,Couple mono-actif avec enfant(s),1178,476,1168.7553772534905
2022,Couple mono-actif avec enfant(s),1178,508,1173.7326438790183
2022,Couple mono-actif avec enfant(s),1178,539,1178.5543709224983
2022,Couple mono-actif avec enfant(s),1178,571,1183.5316375480263
2022,Couple mono-actif avec enfant(s),1178,603,1188.508904173554
2022,Couple mono-actif avec enfant(s),1178,634,1193.3306312170341
2022,Couple mono-actif avec enfant(s),1178,666,1205.0576457800796
2022,Couple mono-actif avec enfant(s),1178,698,1213.8839641925342
2022,Couple mono-actif avec enfant(s),1178,730,1227.1150445097508
2022,Couple mono-actif avec enfant(s),1178,761,1239.9326535670543
2022,Couple mono-actif avec enfant(s),1178,793,1253.1637338842713
2022,Couple mono-actif avec enfant(s),1178,825,1266.3948142014876
2022,Couple mono-actif avec enfant(s),1178,857,1279.6258945187044
2022,Couple mono-actif avec enfant(s),1178,888,1292.4435035760077
2022,Couple mono-actif avec enfant(s),1178,920,1305.6745838932247
2022,Couple mono-actif avec enfant(s),1178,952,1318.905664210441
2022,Couple mono-actif avec enfant(s),1178,983,1331.7232732677448
2022,Couple mono-actif avec enfant(s),1178,1015,1344.9543535849616
2022,Couple mono-actif avec enfant(s),1178,1047,1358.185433902178
2022,Couple mono-actif avec enfant(s),1178,1079,1371.4165142193945
2022,Couple mono-actif avec enfant(s),1178,1110,1384.234123276698
2022,Couple mono-actif avec enfant(s),1178,1142,1397.4652035939148
2022,Couple mono-actif avec enfant(s),1178,1174,1410.6962839111313
2022,Couple mono-actif avec enfant(s),1178,1206,1423.9273642283479
2022,Couple mono-actif avec enfant(s),1178,1237,1436.7449732856514
2022,Couple mono-actif avec enfant(s),1178,1269,1449.9760536028682
2022,Couple mono-actif avec enfant(s),1400,0,1144.1518216995792
2022,Couple mono-actif avec enfant(s),1400,32,1149.1290883251067
2022,Couple mono-actif avec enfant(s),1400,63,1153.9508153685867
2022,Couple mono-actif avec enfant(s),1400,95,1158.9280819941146
2022,Couple mono-actif avec enfant(s),1400,127,1163.9053486196424
2022,Couple mono-actif avec enfant(s),1400,159,1168.8826152451704
2022,Couple mono-actif avec enfant(s),1400,190,1173.7043422886502
2022,Couple mono-actif avec enfant(s),1400,222,1178.681608914178
2022,Couple mono-actif avec enfant(s),1400,254,1183.6588755397058
2022,Couple mono-actif avec enfant(s),1400,286,1188.6361421652339
2022,Couple mono-actif avec enfant(s),1400,317,1193.4578692087136
2022,Couple mono-actif avec enfant(s),1400,349,1198.4351358342415
2022,Couple mono-actif avec enfant(s),1400,381,1203.4124024597695
2022,Couple mono-actif avec enfant(s),1400,412,1208.2341295032495
2022,Couple mono-actif avec enfant(s),1400,444,1216.6000226660713
2022,Couple mono-actif avec enfant(s),1400,476,1221.4904988565477
2022,Couple mono-actif avec enfant(s),1400,508,1230.7857369517853
2022,Couple mono-actif avec enfant(s),1400,539,1239.7904988565474
2022,Couple mono-actif avec enfant(s),1400,571,1249.0857369517855
2022,Couple mono-actif avec enfant(s),1400,603,1258.3809750470236
2022,Couple mono-actif avec enfant(s),1400,634,1267.3857369517857
2022,Couple mono-actif avec enfant(s),1400,666,1280.0420964472473
2022,Couple mono-actif avec enfant(s),1400,698,1293.2731767644639
2022,Couple mono-actif avec enfant(s),1400,730,1306.5042570816806
2022,Couple mono-actif avec enfant(s),1400,761,1319.321866138984
2022,Couple mono-actif avec enfant(s),1400,793,1332.5529464562007
2022,Couple mono-actif avec enfant(s),1400,825,1345.7840267734173
2022,Couple mono-actif avec enfant(s),1400,857,1359.015107090634
2022,Couple mono-actif avec enfant(s),1400,888,1371.8327161479378
2022,Couple mono-actif avec enfant(s),1400,920,1385.0637964651542
2022,Couple mono-actif avec enfant(s),1400,952,1398.294876782371
2022,Couple mono-actif avec enfant(s),1400,983,1411.1124858396743
2022,Couple mono-actif avec enfant(s),1400,1015,1424.343566156891
2022,Couple mono-actif avec enfant(s),1400,1047,1437.5746464741076
2022,Couple mono-actif avec enfant(s),1400,1079,1450.805726791324
2022,Couple mono-actif avec enfant(s),1400,1110,1463.6233358486277
2022,Couple mono-actif avec enfant(s),1400,1142,1476.8544161658442
2022,Couple mono-actif avec enfant(s),1400,1174,1490.085496483061
2022,Couple mono-actif avec enfant(s),1400,1206,1503.3165768002775
2022,Couple mono-actif avec enfant(s),1400,1237,1516.134185857581
2022,Couple mono-actif avec enfant(s),1400,1269,1529.3652661747979
2022,Couple mono-actif avec enfant(s),1618,0,1178.0594505859872
2022,Couple mono-actif avec enfant(s),1618,32,1183.0367172115148
2022,Couple mono-actif avec enfant(s),1618,63,1187.858444254995
2022,Couple mono-actif avec enfant(s),1618,95,1192.8357108805228
2022,Couple mono-actif avec enfant(s),1618,127,1197.8129775060506
2022,Couple mono-actif avec enfant(s),1618,159,1202.7902441315782
2022,Couple mono-actif avec enfant(s),1618,190,1207.6119711750582
2022,Couple mono-actif avec enfant(s),1618,222,1215.4381179041666
2022,Couple mono-actif avec enfant(s),1618,254,1220.3285940946428
2022,Couple mono-actif avec enfant(s),1618,286,1229.6238321898809
2022,Couple mono-actif avec enfant(s),1618,317,1238.6285940946427
2022,Couple mono-actif avec enfant(s),1618,349,1247.9238321898808
2022,Couple mono-actif avec enfant(s),1618,381,1257.219070285119
2022,Couple mono-actif avec enfant(s),1618,412,1266.2238321898808
2022,Couple mono-actif avec enfant(s),1618,444,1275.519070285119
2022,Couple mono-actif avec enfant(s),1618,476,1284.8143083803568
2022,Couple mono-actif avec enfant(s),1618,508,1294.1095464755952
2022,Couple mono-actif avec enfant(s),1618,539,1303.114308380357
2022,Couple mono-actif avec enfant(s),1618,571,1312.409546475595
2022,Couple mono-actif avec enfant(s),1618,603,1321.7047845708332
2022,Couple mono-actif avec enfant(s),1618,634,1330.709546475595
2022,Couple mono-actif avec enfant(s),1618,666,1343.3659059710567
2022,Couple mono-actif avec enfant(s),1618,698,1356.5969862882737
2022,Couple mono-actif avec enfant(s),1618,730,1369.82806660549
2022,Couple mono-actif avec enfant(s),1618,761,1382.6456756627938
2022,Couple mono-actif avec enfant(s),1618,793,1395.8767559800103
2022,Couple mono-actif avec enfant(s),1618,825,1409.1078362972269
2022,Couple mono-actif avec enfant(s),1618,857,1422.3389166144434
2022,Couple mono-actif avec enfant(s),1618,888,1435.156525671747
2022,Couple mono-actif avec enfant(s),1618,920,1448.3876059889637
2022,Couple mono-actif avec enfant(s),1618,952,1461.6186863061803
2022,Couple mono-actif avec enfant(s),1618,983,1474.436295363484
2022,Couple mono-actif avec enfant(s),1618,1015,1487.6673756807004
2022,Couple mono-actif avec enfant(s),1618,1047,1500.8984559979172
2022,Couple mono-actif avec enfant(s),1618,1079,1514.1295363151337
2022,Couple mono-actif avec enfant(s),1618,1110,1526.9471453724375
2022,Couple mono-actif avec enfant(s),1618,1142,1540.1782256896538
2022,Couple mono-actif avec enfant(s),1618,1174,1553.4093060068706
2022,Couple mono-actif avec enfant(s),1618,1206,1566.640386324087
2022,Couple mono-actif avec enfant(s),1618,1237,1579.457995381391
2022,Couple mono-actif avec enfant(s),1618,1269,1592.6890756986072
2022,Couple mono-actif avec enfant(s),1900,0,1228.4619274279762
2022,Couple mono-actif avec enfant(s),1900,32,1237.757165523214
2022,Couple mono-actif avec enfant(s),1900,63,1246.761927427976
2022,Couple mono-actif avec enfant(s),1900,95,1256.0571655232143
2022,Couple mono-actif avec enfant(s),1900,127,1265.3524036184522
2022,Couple mono-actif avec enfant(s),1900,159,1274.6476417136905
2022,Couple mono-actif avec enfant(s),1900,190,1283.6524036184524
2022,Couple mono-actif avec enfant(s),1900,222,1292.9476417136905
2022,Couple mono-actif avec enfant(s),1900,254,1302.2428798089286
2022,Couple mono-actif avec enfant(s),1900,286,1311.5381179041667
2022,Couple mono-actif avec enfant(s),1900,317,1320.5428798089283
2022,Couple mono-actif avec enfant(s),1900,349,1329.8381179041664
2022,Couple mono-actif avec enfant(s),1900,381,1339.1333559994048
2022,Couple mono-actif avec enfant(s),1900,412,1348.1381179041666
2022,Couple mono-actif avec enfant(s),1900,444,1357.4333559994045
2022,Couple mono-actif avec enfant(s),1900,476,1366.7285940946429
2022,Couple mono-actif avec enfant(s),1900,508,1376.0238321898807
2022,Couple mono-actif avec enfant(s),1900,539,1385.0285940946428
2022,Couple mono-actif avec enfant(s),1900,571,1394.323832189881
2022,Couple mono-actif avec enfant(s),1900,603,1403.6190702851188
2022,Couple mono-actif avec enfant(s),1900,634,1412.6238321898809
2022,Couple mono-actif avec enfant(s),1900,666,1425.2801916853427
2022,Couple mono-actif avec enfant(s),1900,698,1438.511272002559
2022,Couple mono-actif avec enfant(s),1900,730,1451.7423523197758
2022,Couple mono-actif avec enfant(s),1900,761,1464.5599613770794
2022,Couple mono-actif avec enfant(s),1900,793,1477.791041694296
2022,Couple mono-actif avec enfant(s),1900,825,1491.0221220115125
2022,Couple mono-actif avec enfant(s),1900,857,1504.2532023287292
2022,Couple mono-actif avec enfant(s),1900,888,1517.070811386033
2022,Couple mono-actif avec enfant(s),1900,920,1530.3018917032493
2022,Couple mono-actif avec enfant(s),1900,952,1543.532972020466
2022,Couple mono-actif avec enfant(s),1900,983,1556.3505810777694
2022,Couple mono-actif avec enfant(s),1900,1015,1569.5816613949862
2022,Couple mono-actif avec enfant(s),1900,1047,1582.8127417122028
2022,Couple mono-actif avec enfant(s),1900,1079,1593.500514385994
2022,Couple mono-actif avec enfant(s),1900,1110,1593.3974960897722
2022,Couple mono-actif avec enfant(s),1900,1142,1593.291154622704
2022,Couple mono-actif avec enfant(s),1900,1174,1603.3499157217516
2022,Couple mono-actif avec enfant(s),1900,1206,1616.5809960389681
2022,Couple mono-actif avec enfant(s),1900,1237,1629.3986050962717
2022,Couple mono-actif avec enfant(s),1900,1269,1642.6296854134885
2023,Couple mono-actif sans enfant,0,0,766.9281333333333
2023,Couple mono-actif sans enfant,0,34,766.9281333333333
2023,Couple mono-actif sans enfant,0,68,784.0814666666666
2023,Couple mono-actif sans enfant,0,102,797.9081333333334
2023,Couple mono-actif sans enfant,0,135,811.3281333333334
2023,Couple mono-actif sans enfant,0,169,825.1547999999999
2023,Couple mono-actif sans enfant,0,203,838.9814666666667
2023,Couple mono-actif sans enfant,0,237,852.8081333333333
2023,Couple mono-actif sans enfant,0,271,866.6347999999999
2023,Couple mono-actif sans enfant,0,305,880.4614666666666
2023,Couple mono-actif sans enfant,0,338,893.8814666666667
2023,Couple mono-actif sans enfant,0,372,907.7081333333334
2023,Couple mono-actif sans enfant,0,406,921.5348
2023,Couple mono-actif sans enfant,0,440,935.3614666666667
2023,Couple mono-actif sans enfant,0,474,949.1881333333331
2023,Couple mono-actif sans enfant,0,508,963.0147999999999
2023,Couple mono-actif sans enfant,0,542,976.8414666666664
2023,Couple mono-actif sans enfant,0,575,990.2614666666665
2023,Couple mono-actif sans enfant,0,609,1004.0881333333333
2023,Couple mono-actif sans enfant,0,643,1017.9147999999999
2023,Couple mono-actif sans enfant,0,677,1028.6862161320164
2023,Couple mono-actif sans enfant,0,711,1039.8956388915728
2023,Couple mono-actif sans enfant,0,745,1051.105061651129
2023,Couple mono-actif sans enfant,0,779,1062.3144844106853
2023,Couple mono-actif sans enfant,0,812,1073.194218265549
2023,Couple mono-actif sans enfant,0,846,1084.403641025105
2023,Couple mono-actif sans enfant,0,880,1095.6130637846613
2023,Couple mono-actif sans enfant,0,914,1106.8224865442173
2023,Couple mono-actif sans enfant,0,948,1118.0319093037738
2023,Couple mono-actif sans enfant,0,982,1129.2413320633302
2023,Couple mono-actif sans enfant,0,1016,1140.4507548228862
2023,Couple mono-actif sans enfant,0,1049,1151.3304886777498
2023,Couple mono-actif sans enfant,0,1083,1162.5399114373058
2023,Couple mono-actif sans enfant,0,1117,1173.7493341968623
2023,Couple mono-actif sans enfant,0,1151,1184.9587569564185
2023,Couple mono-actif sans enfant,0,1185,1196.1681797159747
2023,Couple mono-actif sans enfant,0,1219,1207.3776024755311
2023,Couple mono-actif sans enfant,0,1252,1218.2573363303948
2023,Couple mono-actif sans enfant,0,1286,1229.4667590899508
2023,Couple mono-actif sans enfant,0,1320,1241.885172164042
2023,Couple mono-actif sans enfant,0,1354,1261.3566666666666
2023,Couple mono-actif sans enfant,300,0,878.4281333333333
2023,Couple mono-actif sans enfant,300,34,892.2548
2023,Couple mono-actif sans enfant,300,68,906.0814666666666
2023,Couple mono-actif sans enfant,300,102,919.9081333333334
2023,Couple mono-actif sans enfant,300,135,933.3281333333333
2023,Couple mono-actif sans enfant,300,169,947.1547999999999
2023,Couple mono-actif sans enfant,300,203,960.9814666666665
2023,Couple mono-actif sans enfant,300,237,974.8081333333333
2023,Couple mono-actif sans enfant,300,271,988.6347999999998
2023,Couple mono-actif sans enfant,300,305,1002.4614666666666
2023,Couple mono-actif sans enfant,300,338,1015.8814666666667
2023,Couple mono-actif sans enfant,300,372,1027.8118657795856
2023,Couple mono-actif sans enfant,300,406,1033.2177159227952
2023,Couple mono-actif sans enfant,300,440,1038.6235660660052
2023,Couple mono-actif sans enfant,300,474,1044.0294162092148
2023,Couple mono-actif sans enfant,300,508,1049.4352663524246
2023,Couple mono-actif sans enfant,300,542,1054.8411164956342
2023,Couple mono-actif sans enfant,300,575,1060.0879710463967
2023,Couple mono-actif sans enfant,300,609,1065.4938211896065
2023,Couple mono-actif sans enfant,300,643,1070.899671332816
2023,Couple mono-actif sans enfant,300,677,1076.3848938662202
2023,Couple mono-actif sans enfant,300,711,1087.5943166257764
2023,Couple mono-actif sans enfant,300,745,1098.8037393853326
2023,Couple mono-actif sans enfant,300,779,1110.0131621448888
2023,Couple mono-actif sans enfant,300,812,1120.8928959997522
2023,Couple mono-actif sans enfant,300,846,1132.1023187593084
2023,Couple mono-actif sans enfant,300,880,1143.311741518865
2023,Couple mono-actif sans enfant,300,914,1154.5211642784209
2023,Couple mono-actif sans enfant,300,948,1165.7305870379773
2023,Couple mono-actif sans enfant,300,982,1176.9400097975338
2023,Couple mono-actif sans enfant,300,1016,1188.3677385747471
2023,Couple mono-actif sans enfant,300,1049,1207.4206178788484
2023,Couple mono-actif sans enfant,300,1083,1227.0508571618614
2023,Couple mono-actif sans enfant,300,1117,1246.6810964448748
2023,Couple mono-actif sans enfant,300,1151,1266.311335727888
2023,Couple mono-actif sans enfant,300,1185,1285.941575010901
2023,Couple mono-actif sans enfant,300,1219,1305.5718142939143
2023,Couple mono-actif sans enfant,300,1252,1324.6246935980155
2023,Couple mono-actif sans enfant,300,1286,1344.2549328810285
2023,Couple mono-actif sans enfant,300,1320,1363.885172164042
2023,Couple mono-actif sans enfant,300,1354,1383.3566666666666
2023,Couple mono-actif sans enfant,625,0,1010.5947999999999
2023,Couple mono-actif sans enfant,625,34,1024.4214666666667
2023,Couple mono-actif sans enfant,625,68,1031.1507732209798
2023,Couple mono-actif sans enfant,625,102,1036.5566233641896
2023,Couple mono-actif sans enfant,625,135,1037.9601445816186
2023,Couple mono-actif sans enfant,625,169,1047.2093280581619
2023,Couple mono-actif sans enfant,625,203,1052.6151782013715
2023,Couple mono-actif sans enfant,625,237,1058.0210283445813
2023,Couple mono-actif sans enfant,625,271,1063.4268784877909
2023,Couple mono-actif sans enfant,625,305,1068.8327286310007
2023,Couple mono-actif sans enfant,625,338,1074.079583181763
2023,Couple mono-actif sans enfant,625,372,1079.4854333249727
2023,Couple mono-actif sans enfant,625,406,1084.8912834681823
2023,Couple mono-actif sans enfant,625,440,1090.2971336113924
2023,Couple mono-actif sans enfant,625,474,1095.702983754602
2023,Couple mono-actif sans enfant,625,508,1101.1088338978118
2023,Couple mono-actif sans enfant,625,542,1106.5146840410214
2023,Couple mono-actif sans enfant,625,575,1111.7615385917838
2023,Couple mono-actif sans enfant,625,609,1117.1673887349937
2023,Couple mono-actif sans enfant,625,643,1122.5732388782033
2023,Couple mono-actif sans enfant,625,677,1128.0584614116071
2023,Couple mono-actif sans enfant,625,711,1144.4396116732075
2023,Couple mono-actif sans enfant,625,745,1164.0698509562205
2023,Couple mono-actif sans enfant,625,779,1183.7000902392338
2023,Couple mono-actif sans enfant,625,812,1202.7529695433348
2023,Couple mono-actif sans enfant,625,846,1222.383208826348
2023,Couple mono-actif sans enfant,625,880,1242.0134481093612
2023,Couple mono-actif sans enfant,625,914,1261.6436873923742
2023,Couple mono-actif sans enfant,625,948,1281.2739266753877
2023,Couple mono-actif sans enfant,625,982,1300.9041659584007
2023,Couple mono-actif sans enfant,625,1016,1320.5344052414139
2023,Couple mono-actif sans enfant,625,1049,1339.587284545515
2023,Couple mono-actif sans enfant,625,1083,1359.217523828528
2023,Couple mono-actif sans enfant,625,1117,1378.8477631115413
2023,Couple mono-actif sans enfant,625,1151,1398.4780023945543
2023,Couple mono-actif sans enfant,625,1185,1418.1082416775678
2023,Couple mono-actif sans enfant,625,1219,1437.738480960581
2023,Couple mono-actif sans enfant,625,1252,1456.7913602646822
2023,Couple mono-actif sans enfant,625,1286,1476.4215995476952
2023,Couple mono-actif sans enfant,625,1320,1496.0518388307084
2023,Couple mono-actif sans enfant,625,1354,1515.5233333333333
2023,Couple mono-actif sans enfant,900,0,1102.206841878518
2023,Couple mono-actif sans enfant,900,34,1107.6126920217275
2023,Couple mono-actif sans enfant,900,68,1113.0185421649373
2023,Couple mono-actif sans enfant,900,102,1118.424392308147
2023,Couple mono-actif sans enfant,900,135,1123.6712468589094
2023,Couple mono-actif sans enfant,900,169,1129.0770970021194
2023,Couple mono-actif sans enfant,900,203,1134.4829471453288
2023,Couple mono-actif sans enfant,900,237,1139.8887972885386
2023,Couple mono-actif sans enfant,900,271,1145.2946474317484
2023,Couple mono-actif sans enfant,900,305,1150.700497574958
2023,Couple mono-actif sans enfant,900,338,1155.9473521257205
2023,Couple mono-actif sans enfant,900,372,1161.3532022689303
2023,Couple mono-actif sans enfant,900,406,1166.75905241214
2023,Couple mono-actif sans enfant,900,440,1178.3273143542708
2023,Couple mono-actif sans enfant,900,474,1192.1539810209376
2023,Couple mono-actif sans enfant,900,508,1205.9806476876042
2023,Couple mono-actif sans enfant,900,542,1219.8073143542708
2023,Couple mono-actif sans enfant,900,575,1233.227314354271
2023,Couple mono-actif sans enfant,900,609,1247.0539810209375
2023,Couple mono-actif sans enfant,900,643,1260.8806476876043
2023,Couple mono-actif sans enfant,900,677,1274.7866867444652
2023,Couple mono-actif sans enfant,900,711,1294.4169260274782
2023,Couple mono-actif sans enfant,900,745,1314.0471653104914
2023,Couple mono-actif sans enfant,900,779,1333.6774045935047
2023,Couple mono-actif sans enfant,900,812,1352.7302838976057
2023,Couple mono-actif sans enfant,900,846,1372.3605231806189
2023,Couple mono-actif sans enfant,900,880,1391.9907624636319
2023,Couple mono-actif sans enfant,900,914,1411.6210017466453
2023,Couple mono-actif sans enfant,900,948,1431.2512410296586
2023,Couple mono-actif sans enfant,900,982,1450.8814803126716
2023,Couple mono-actif sans enfant,900,1016,1470.5117195956848
2023,Couple mono-actif sans enfant,900,1049,1489.5645988997858
2023,Couple mono-actif sans enfant,900,1083,1509.194838182799
2023,Couple mono-actif sans enfant,900,1117,1528.8250774658125
2023,Couple mono-actif sans enfant,900,1151,1548.4553167488255
2023,Couple mono-actif sans enfant,900,1185,1568.0855560318387
2023,Couple mono-actif sans enfant,900,1219,1587.715795314852
2023,Couple mono-actif sans enfant,900,1252,1606.7686746189531
2023,Couple mono-actif sans enfant,900,1286,1626.3989139019661
2023,Couple mono-actif sans enfant,900,1320,1646.0291531849791
2023,Couple mono-actif sans enfant,900,1354,1665.5006476876042
2023,Couple mono-actif sans enfant,1178,0,1193.8603573831251
2023,Couple mono-actif sans enfant,1178,34,1199.2662075263347
2023,Couple mono-actif sans enfant,1178,68,1204.6720576695445
2023,Couple mono-actif sans enfant,1178,102,1210.0779078127541
2023,Couple mono-actif sans enfant,1178,135,1215.3247623635168
2023,Couple mono-actif sans enfant,1178,169,1228.6267218251826
2023,Couple mono-actif sans enfant,1178,203,1242.4533884918494
2023,Couple mono-actif sans enfant,1178,237,1256.280055158516
2023,Couple mono-actif sans enfant,1178,271,1270.1067218251828
2023,Couple mono-actif sans enfant,1178,305,1283.9333884918494
2023,Couple mono-actif sans enfant,1178,338,1297.3533884918495
2023,Couple mono-actif sans enfant,1178,372,1311.180055158516
2023,Couple mono-actif sans enfant,1178,406,1325.0067218251827
2023,Couple mono-actif sans enfant,1178,440,1338.8333884918495
2023,Couple mono-actif sans enfant,1178,474,1352.6600551585161
2023,Couple mono-actif sans enfant,1178,508,1366.4867218251827
2023,Couple mono-actif sans enfant,1178,542,1380.3133884918495
2023,Couple mono-actif sans enfant,1178,575,1393.7333884918492
2023,Couple mono-actif sans enfant,1178,609,1407.560055158516
2023,Couple mono-actif sans enfant,1178,643,1421.3867218251828
2023,Couple mono-actif sans enfant,1178,677,1435.2927608820435
2023,Couple mono-actif sans enfant,1178,711,1454.9230001650567
2023,Couple mono-actif sans enfant,1178,745,1474.55323944807
2023,Couple mono-actif sans enfant,1178,779,1494.183478731083
2023,Couple mono-actif sans enfant,1178,812,1513.2363580351841
2023,Couple mono-actif sans enfant,1178,846,1532.8665973181971
2023,Couple mono-actif sans enfant,1178,880,1552.4968366012106
2023,Couple mono-actif sans enfant,1178,914,1572.1270758842238
2023,Couple mono-actif sans enfant,1178,948,1591.7573151672368
2023,Couple mono-actif sans enfant,1178,982,1611.38755445025
2023,Couple mono-actif sans enfant,1178,1016,1631.0177937332635
2023,Couple mono-actif sans enfant,1178,1049,1650.0706730373647
2023,Couple mono-actif sans enfant,1178,1083,1669.7009123203777
2023,Couple mono-actif sans enfant,1178,1117,1689.3311516033907
2023,Couple mono-actif sans enfant,1178,1151,1708.9613908864042
2023,Couple mono-actif sans enfant,1178,1185,1728.5916301694172
2023,Couple mono-actif sans enfant,1178,1219,1748.2218694524306
2023,Couple mono-actif sans enfant,1178,1252,1767.2747487565314
2023,Couple mono-actif sans enfant,1178,1286,1786.9049880395444
2023,Couple mono-actif sans enfant,1178,1320,1806.535227322558
2023,Couple mono-actif sans enfant,1178,1354,1826.0067218251827
2023,Couple mono-actif sans enfant,1400,0,1280.0633333333335
2023,Couple mono-actif sans enfant,1400,34,1293.89
2023,Couple mono-actif sans enfant,1400,68,1307.7166666666667
2023,Couple mono-actif sans enfant,1400,102,1321.5433333333333
2023,Couple mono-actif sans enfant,1400,135,1334.9633333333334
2023,Couple mono-actif sans enfant,1400,169,1348.79
2023,Couple mono-actif sans enfant,1400,203,1362.6166666666666
2023,Couple mono-actif sans enfant,1400,237,1376.4433333333334
2023,Couple mono-actif sans enfant,1400,271,1390.2699999999998
2023,Couple mono-actif sans enfant,1400,305,1404.0966666666666
2023,Couple mono-actif sans enfant,1400,338,1417.5166666666667
2023,Couple mono-actif sans enfant,1400,372,1431.3433333333335
2023,Couple mono-actif sans enfant,1400,406,1445.17
2023,Couple mono-actif sans enfant,1400,440,1458.9966666666667
2023,Couple mono-actif sans enfant,1400,474,1472.823333333333
2023,Couple mono-actif sans enfant,1400,508,1486.6499999999999
2023,Couple mono-actif sans enfant,1400,542,1500.4766666666667
2023,Couple mono-actif sans enfant,1400,575,1513.8966666666668
2023,Couple mono-actif sans enfant,1400,609,1527.7233333333334
2023,Couple mono-actif sans enfant,1400,643,1541.55
2023,Couple mono-actif sans enfant,1400,677,1555.456039056861
2023,Couple mono-actif sans enfant,1400,711,1575.086278339874
2023,Couple mono-actif sans enfant,1400,745,1594.7165176228873
2023,Couple mono-actif sans enfant,1400,779,1614.3467569059005
2023,Couple mono-actif sans enfant,1400,812,1633.3996362100013
2023,Couple mono-actif sans enfant,1400,846,1653.0298754930147
2023,Couple mono-actif sans enfant,1400,880,1672.6601147760277
2023,Couple mono-actif sans enfant,1400,914,1692.2903540590407
2023,Couple mono-actif sans enfant,1400,948,1711.9205933420544
2023,Couple mono-actif sans enfant,1400,982,1731.5508326250674
2023,Couple mono-actif sans enfant,1400,1016,1751.1810719080804
2023,Couple mono-actif sans enfant,1400,1049,1770.2339512121816
2023,Couple mono-actif sans enfant,1400,1083,1789.8641904951946
2023,Couple mono-actif sans enfant,1400,1117,1809.4944297782079
2023,Couple mono-actif sans enfant,1400,1151,1829.1246690612213
2023,Couple mono-actif sans enfant,1400,1185,1848.7549083442343
2023,Couple mono-actif sans enfant,1400,1219,1868.3851476272478
2023,Couple mono-actif sans enfant,1400,1252,1887.4380269313488
2023,Couple mono-actif sans enfant,1400,1286,1907.068266214362
2023,Couple mono-actif sans enfant,1400,1320,1923.7528116802862
2023,Couple mono-actif sans enfant,1400,1354,1940.054802926864
2023,Couple mono-actif sans enfant,1618,0,1368.7166666666665
2023,Couple mono-actif sans enfant,1618,34,1382.5433333333333
2023,Couple mono-actif sans enfant,1618,68,1396.3700000000001
2023,Couple mono-actif sans enfant,1618,102,1410.1966666666667
2023,Couple mono-actif sans enfant,1618,135,1423.6166666666668
2023,Couple mono-actif sans enfant,1618,169,1437.4433333333334
2023,Couple mono-actif sans enfant,1618,203,1451.2699999999998
2023,Couple mono-actif sans enfant,1618,237,1465.0966666666666
2023,Couple mono-actif sans enfant,1618,271,1478.9233333333334
2023,Couple mono-actif sans enfant,1618,305,1492.75
2023,Couple mono-actif sans enfant,1618,338,1506.17
2023,Couple mono-actif sans enfant,1618,372,1519.9966666666667
2023,Couple mono-actif sans enfant,1618,406,1533.823333333333
2023,Couple mono-actif sans enfant,1618,440,1547.6499999999999
2023,Couple mono-actif sans enfant,1618,474,1561.4766666666667
2023,Couple mono-actif sans enfant,1618,508,1575.3033333333333
2023,Couple mono-actif sans enfant,1618,542,1589.1299999999999
2023,Couple mono-actif sans enfant,1618,575,1602.55
2023,Couple mono-actif sans enfant,1618,609,1616.3766666666668
2023,Couple mono-actif sans enfant,1618,643,1630.2033333333336
2023,Couple mono-actif sans enfant,1618,677,1644.109372390194
2023,Couple mono-actif sans enfant,1618,711,1663.7396116732073
2023,Couple mono-actif sans enfant,1618,745,1683.3698509562207
2023,Couple mono-actif sans enfant,1618,779,1703.0000902392337
2023,Couple mono-actif sans enfant,1618,812,1722.052969543335
2023,Couple mono-actif sans enfant,1618,846,1741.683208826348
2023,Couple mono-actif sans enfant,1618,880,1761.3134481093612
2023,Couple mono-actif sans enfant,1618,914,1780.9436873923744
2023,Couple mono-actif sans enfant,1618,948,1800.5739266753874
2023,Couple mono-actif sans enfant,1618,982,1820.2041659584008
2023,Couple mono-actif sans enfant,1618,1016,1839.834405241414
2023,Couple mono-actif sans enfant,1618,1049,1858.887284545515
2023,Couple mono-actif sans enfant,1618,1083,1877.3430230074657
2023,Couple mono-actif sans enfant,1618,1117,1893.8037590344318
2023,Couple mono-actif sans enfant,1618,1151,1910.2644950613983
2023,Couple mono-actif sans enfant,1618,1185,1926.7252310883644
2023,Couple mono-actif sans enfant,1618,1219,1943.1859671153304
2023,Couple mono-actif sans enfant,1618,1252,1959.162563847386
2023,Couple mono-actif sans enfant,1618,1286,1975.6232998743524
2023,Couple mono-actif sans enfant,1618,1320,1992.0840359013189
2023,Couple mono-actif sans enfant,1618,1354,2008.3860271478968
2023,Couple mono-actif sans enfant,1900,0,1483.3966666666668
2023,Couple mono-actif sans enfant,1900,34,1497.2233333333334
2023,Couple mono-actif sans enfant,1900,68,1511.05
2023,Couple mono-actif sans enfant,1900,102,1524.8766666666668
2023,Couple mono-actif sans enfant,1900,135,1538.2966666666664
2023,Couple mono-actif sans enfant,1900,169,1552.1233333333332
2023,Couple mono-actif sans enfant,1900,203,1565.95
2023,Couple mono-actif sans enfant,1900,237,1579.7766666666666
2023,Couple mono-actif sans enfant,1900,271,1593.6033333333332
2023,Couple mono-actif sans enfant,1900,305,1607.43
2023,Couple mono-actif sans enfant,1900,338,1620.8500000000001
2023,Couple mono-actif sans enfant,1900,372,1634.676666666667
2023,Couple mono-actif sans enfant,1900,406,1648.5033333333333
2023,Couple mono-actif sans enfant,1900,440,1662.33
2023,Couple mono-actif sans enfant,1900,474,1676.1566666666665
2023,Couple mono-actif sans enfant,1900,508,1689.9833333333333
2023,Couple mono-actif sans enfant,1900,542,1703.8100000000002
2023,Couple mono-actif sans enfant,1900,575,1717.2300000000002
2023,Couple mono-actif sans enfant,1900,609,1731.0566666666666
2023,Couple mono-actif sans enfant,1900,643,1744.8833333333332
2023,Couple mono-actif sans enfant,1900,677,1758.7893723901943
2023,Couple mono-actif sans enfant,1900,711,1778.4196116732073
2023,Couple mono-actif sans enfant,1900,745,1798.0498509562206
2023,Couple mono-actif sans enfant,1900,779,1817.680090239234
2023,Couple mono-actif sans enfant,1900,812,1834.5330411982568
2023,Couple mono-actif sans enfant,1900,846,1850.9937772252233
2023,Couple mono-actif sans enfant,1900,880,1867.4545132521896
2023,Couple mono-actif sans enfant,1900,914,1883.9152492791554
2023,Couple mono-actif sans enfant,1900,948,1900.3759853061222
2023,Couple mono-actif sans enfant,1900,982,1916.8367213330882
2023,Couple mono-actif sans enfant,1900,1016,1933.2974573600543
2023,Couple mono-actif sans enfant,1900,1049,1941.706769546595
2023,Couple mono-actif sans enfant,1900,1083,1961.2039329572146
2023,Couple mono-actif sans enfant,1900,1117,1980.7010963678342
2023,Couple mono-actif sans enfant,1900,1151,2000.1982597784543
2023,Couple mono-actif sans enfant,1900,1185,2019.6954231890738
2023,Couple mono-actif sans enfant,1900,1219,2039.1925865996936
2023,Couple mono-actif sans enfant,1900,1252,2058.116304027648
2023,Couple mono-actif sans enfant,1900,1286,2077.613467438268
2023,Couple mono-actif sans enfant,1900,1320,2097.1106308488875
2023,Couple mono-actif sans enfant,1900,1354,2116.607794259507
2023,Couple mono-actif avec enfant(s),0,0,814.6411753716271
2023,Couple mono-actif avec enfant(s),0,34,814.6411753716271
2023,Couple mono-actif avec enfant(s),0,68,823.6614134668652
2023,Couple mono-actif avec enfant(s),0,102,833.5376039430556
2023,Couple mono-actif avec enfant(s),0,135,843.1233182287699
2023,Couple mono-actif avec enfant(s),0,169,852.9995087049604
2023,Couple mono-actif avec enfant(s),0,203,862.8756991811508
2023,Couple mono-actif avec enfant(s),0,237,872.7518896573413
2023,Couple mono-actif avec enfant(s),0,271,882.6280801335319
2023,Couple mono-actif avec enfant(s),0,305,892.5042706097223
2023,Couple mono-actif avec enfant(s),0,338,902.0899848954366
2023,Couple mono-actif avec enfant(s),0,372,905.1804610859128
2023,Couple mono-actif avec enfant(s),0,406,915.0566515621033
2023,Couple mono-actif avec enfant(s),0,440,924.9328420382938
2023,Couple mono-actif avec enfant(s),0,474,934.8090325144841
2023,Couple mono-actif avec enfant(s),0,508,944.6852229906748
2023,Couple mono-actif avec enfant(s),0,542,954.5614134668651
2023,Couple mono-actif avec enfant(s),0,575,964.1471277525794
2023,Couple mono-actif avec enfant(s),0,609,974.0233182287699
2023,Couple mono-actif avec enfant(s),0,643,983.8995087049603
2023,Couple mono-actif avec enfant(s),0,677,993.8323937455751
2023,Couple mono-actif avec enfant(s),0,711,1007.8539932334418
2023,Couple mono-actif avec enfant(s),0,745,1021.8755927213084
2023,Couple mono-actif avec enfant(s),0,779,1035.8971922091748
2023,Couple mono-actif avec enfant(s),0,812,1049.2595932100055
2023,Couple mono-actif avec enfant(s),0,846,1058.5690386880776
2023,Couple mono-actif avec enfant(s),0,880,1067.8784841661497
2023,Couple mono-actif avec enfant(s),0,914,1077.1879296442216
2023,Couple mono-actif avec enfant(s),0,948,1084.0803989318174
2023,Couple mono-actif avec enfant(s),0,982,1095.8068206003659
2023,Couple mono-actif avec enfant(s),0,1016,1105.1162660784378
2023,Couple mono-actif avec enfant(s),0,1049,1106.4138090984716
2023,Couple mono-actif avec enfant(s),0,1083,1115.7232545765432
2023,Couple mono-actif avec enfant(s),0,1117,1125.0327000546154
2023,Couple mono-actif avec enfant(s),0,1151,1134.3421455326877
2023,Couple mono-actif avec enfant(s),0,1185,1143.6515910107594
2023,Couple mono-actif avec enfant(s),0,1219,1152.9610364888317
2023,Couple mono-actif avec enfant(s),0,1252,1161.9966747469603
2023,Couple mono-actif avec enfant(s),0,1286,1171.3061202250324
2023,Couple mono-actif avec enfant(s),0,1320,1180.6155657031045
2023,Couple mono-actif avec enfant(s),0,1354,1189.8116220523277
2023,Couple mono-actif avec enfant(s),300,0,891.0518896573413
2023,Couple mono-actif avec enfant(s),300,34,900.9280801335318
2023,Couple mono-actif avec enfant(s),300,68,910.8042706097223
2023,Couple mono-actif avec enfant(s),300,102,913.8947468001985
2023,Couple mono-actif avec enfant(s),300,135,923.4804610859127
2023,Couple mono-actif avec enfant(s),300,169,933.3566515621033
2023,Couple mono-actif avec enfant(s),300,203,943.2328420382937
2023,Couple mono-actif avec enfant(s),300,237,953.1090325144842
2023,Couple mono-actif avec enfant(s),300,271,962.9852229906746
2023,Couple mono-actif avec enfant(s),300,305,972.8614134668651
2023,Couple mono-actif avec enfant(s),300,338,982.4471277525795
2023,Couple mono-actif avec enfant(s),300,372,992.3233182287701
2023,Couple mono-actif avec enfant(s),300,406,1002.1995087049602
2023,Couple mono-actif avec enfant(s),300,440,1012.0756991811508
2023,Couple mono-actif avec enfant(s),300,474,1021.9518896573412
2023,Couple mono-actif avec enfant(s),300,508,1031.8280801335318
2023,Couple mono-actif avec enfant(s),300,542,1037.2996891578046
2023,Couple mono-actif avec enfant(s),300,575,1042.3118421987185
2023,Couple mono-actif avec enfant(s),300,609,1047.4758786651146
2023,Couple mono-actif avec enfant(s),300,643,1052.6399151315104
2023,Couple mono-actif avec enfant(s),300,677,1057.860646162331
2023,Couple mono-actif avec enfant(s),300,711,1067.170091640403
2023,Couple mono-actif avec enfant(s),300,745,1068.7414418803799
2023,Couple mono-actif avec enfant(s),300,779,1078.0508873584517
2023,Couple mono-actif avec enfant(s),300,812,1087.0865256165805
2023,Couple mono-actif avec enfant(s),300,846,1096.3959710946526
2023,Couple mono-actif avec enfant(s),300,880,1105.7054165727245
2023,Couple mono-actif avec enfant(s),300,914,1115.0148620507966
2023,Couple mono-actif avec enfant(s),300,948,1124.3243075288688
2023,Couple mono-actif avec enfant(s),300,982,1133.6337530069409
2023,Couple mono-actif avec enfant(s),300,1016,1142.9431984850128
2023,Couple mono-actif avec enfant(s),300,1049,1151.9788367431418
2023,Couple mono-actif avec enfant(s),300,1083,1161.2882822212134
2023,Couple mono-actif avec enfant(s),300,1117,1170.5977276992858
2023,Couple mono-actif avec enfant(s),300,1151,1179.9071731773581
2023,Couple mono-actif avec enfant(s),300,1185,1189.2166186554298
2023,Couple mono-actif avec enfant(s),300,1219,1198.526064133502
2023,Couple mono-actif avec enfant(s),300,1252,1207.5617023916307
2023,Couple mono-actif avec enfant(s),300,1286,1216.8711478697028
2023,Couple mono-actif avec enfant(s),300,1320,1226.180593347775
2023,Couple mono-actif avec enfant(s),300,1354,1235.376649696998
2023,Couple mono-actif avec enfant(s),625,0,978.670937276389
2023,Couple mono-actif avec enfant(s),625,34,988.5471277525794
2023,Couple mono-actif avec enfant(s),625,68,998.4233182287699
2023,Couple mono-actif avec enfant(s),625,102,1008.2995087049604
2023,Couple mono-actif avec enfant(s),625,135,1017.8852229906745
2023,Couple mono-actif avec enfant(s),625,169,1027.7614134668652
2023,Couple mono-actif avec enfant(s),625,203,1035.1733212010536
2023,Couple mono-actif avec enfant(s),625,237,1040.3373576674494
2023,Couple mono-actif avec enfant(s),625,271,1045.5013941338455
2023,Couple mono-actif avec enfant(s),625,305,1050.6654306002413
2023,Couple mono-actif avec enfant(s),625,338,1055.6775836411553
2023,Couple mono-actif avec enfant(s),625,372,1060.841620107551
2023,Couple mono-actif avec enfant(s),625,406,1066.0056565739471
2023,Couple mono-actif avec enfant(s),625,440,1063.4315978022478
2023,Couple mono-actif avec enfant(s),625,474,1068.5956342686438
2023,Couple mono-actif avec enfant(s),625,508,1073.75967073504
2023,Couple mono-actif avec enfant(s),625,542,1078.9237072014355
2023,Couple mono-actif avec enfant(s),625,575,1083.9358602423495
2023,Couple mono-actif avec enfant(s),625,609,1089.0998967087455
2023,Couple mono-actif avec enfant(s),625,643,1094.2639331751413
2023,Couple mono-actif avec enfant(s),625,677,1099.4846642059617
2023,Couple mono-actif avec enfant(s),625,711,1108.7941096840339
2023,Couple mono-actif avec enfant(s),625,745,1118.1035551621057
2023,Couple mono-actif avec enfant(s),625,779,1127.4130006401779
2023,Couple mono-actif avec enfant(s),625,812,1136.4486388983064
2023,Couple mono-actif avec enfant(s),625,846,1145.7580843763787
2023,Couple mono-actif avec enfant(s),625,880,1155.0675298544509
2023,Couple mono-actif avec enfant(s),625,914,1164.3769753325228
2023,Couple mono-actif avec enfant(s),625,948,1173.6864208105949
2023,Couple mono-actif avec enfant(s),625,982,1182.995866288667
2023,Couple mono-actif avec enfant(s),625,1016,1192.305311766739
2023,Couple mono-actif avec enfant(s),625,1049,1201.3409500248679
2023,Couple mono-actif avec enfant(s),625,1083,1210.6503955029398
2023,Couple mono-actif avec enfant(s),625,1117,1219.9598409810117
2023,Couple mono-actif avec enfant(s),625,1151,1229.269286459084
2023,Couple mono-actif avec enfant(s),625,1185,1238.578731937156
2023,Couple mono-actif avec enfant(s),625,1219,1247.888177415228
2023,Couple mono-actif avec enfant(s),625,1252,1256.9238156733566
2023,Couple mono-actif avec enfant(s),625,1286,1266.233261151429
2023,Couple mono-actif avec enfant(s),625,1320,1271.137944724739
2023,Couple mono-actif avec enfant(s),625,1354,1284.714175371627
2023,Couple mono-actif avec enfant(s),900,0,1073.3546285650157
2023,Couple mono-actif avec enfant(s),900,34,1078.5186650314117
2023,Couple mono-actif avec enfant(s),900,68,1083.6827014978076
2023,Couple mono-actif avec enfant(s),900,102,1088.8467379642034
2023,Couple mono-actif avec enfant(s),900,135,1093.8588910051171
2023,Couple mono-actif avec enfant(s),900,169,1091.284832233418
2023,Couple mono-actif avec enfant(s),900,203,1096.448868699814
2023,Couple mono-actif avec enfant(s),900,237,1101.6129051662097
2023,Couple mono-actif avec enfant(s),900,271,1106.7769416326057
2023,Couple mono-actif avec enfant(s),900,305,1111.9409780990018
2023,Couple mono-actif avec enfant(s),900,338,1116.9531311399155
2023,Couple mono-actif avec enfant(s),900,372,1122.1171676063116
2023,Couple mono-actif avec enfant(s),900,406,1127.2812040727072
2023,Couple mono-actif avec enfant(s),900,440,1132.4452405391035
2023,Couple mono-actif avec enfant(s),900,474,1137.6092770054993
2023,Couple mono-actif avec enfant(s),900,508,1142.773313471895
2023,Couple mono-actif avec enfant(s),900,542,1147.9373499382912
2023,Couple mono-actif avec enfant(s),900,575,1152.9495029792051
2023,Couple mono-actif avec enfant(s),900,609,1158.113539445601
2023,Couple mono-actif avec enfant(s),900,643,1163.277575911997
2023,Couple mono-actif avec enfant(s),900,677,1168.4983069428172
2023,Couple mono-actif avec enfant(s),900,711,1177.8077524208893
2023,Couple mono-actif avec enfant(s),900,745,1187.1171978989614
2023,Couple mono-actif avec enfant(s),900,779,1196.4266433770335
2023,Couple mono-actif avec enfant(s),900,812,1205.462281635162
2023,Couple mono-actif avec enfant(s),900,846,1214.7717271132342
2023,Couple mono-actif avec enfant(s),900,880,1224.0811725913063
2023,Couple mono-actif avec enfant(s),900,914,1233.3906180693784
2023,Couple mono-actif avec enfant(s),900,948,1242.7000635474506
2023,Couple mono-actif avec enfant(s),900,982,1252.0095090255224
2023,Couple mono-actif avec enfant(s),900,1016,1261.3189545035946
2023,Couple mono-actif avec enfant(s),900,1049,1266.1722222048072
2023,Couple mono-actif avec enfant(s),900,1083,1280.193821692674
2023,Couple mono-actif avec enfant(s),900,1117,1294.2154211805405
2023,Couple mono-actif avec enfant(s),900,1151,1308.2370206684072
2023,Couple mono-actif avec enfant(s),900,1185,1322.2586201562735
2023,Couple mono-actif avec enfant(s),900,1219,1336.28021964414
2023,Couple mono-actif avec enfant(s),900,1252,1349.8894191470697
2023,Couple mono-actif avec enfant(s),900,1286,1363.9110186349362
2023,Couple mono-actif avec enfant(s),900,1320,1377.9326181228028
2023,Couple mono-actif avec enfant(s),900,1354,1391.8408284818204
2023,Couple mono-actif avec enfant(s),1178,0,1141.7349404711567
2023,Couple mono-actif avec enfant(s),1178,34,1146.8989769375523
2023,Couple mono-actif avec enfant(s),1178,68,1152.0630134039484
2023,Couple mono-actif avec enfant(s),1178,102,1157.2270498703444
2023,Couple mono-actif avec enfant(s),1178,135,1162.239202911258
2023,Couple mono-actif avec enfant(s),1178,169,1167.403239377654
2023,Couple mono-actif avec enfant(s),1178,203,1172.5672758440498
2023,Couple mono-actif avec enfant(s),1178,237,1177.7313123104461
2023,Couple mono-actif avec enfant(s),1178,271,1182.8953487768422
2023,Couple mono-actif avec enfant(s),1178,305,1188.059385243238
2023,Couple mono-actif avec enfant(s),1178,338,1193.0715382841518
2023,Couple mono-actif avec enfant(s),1178,372,1198.2355747505478
2023,Couple mono-actif avec enfant(s),1178,406,1203.3996112169436
2023,Couple mono-actif avec enfant(s),1178,440,1208.5636476833397
2023,Couple mono-actif avec enfant(s),1178,474,1213.7276841497358
2023,Couple mono-actif avec enfant(s),1178,508,1218.8917206161316
2023,Couple mono-actif avec enfant(s),1178,542,1224.0557570825274
2023,Couple mono-actif avec enfant(s),1178,575,1229.0679101234412
2023,Couple mono-actif avec enfant(s),1178,609,1234.2319465898372
2023,Couple mono-actif avec enfant(s),1178,643,1239.395983056233
2023,Couple mono-actif avec enfant(s),1178,677,1244.6167140870537
2023,Couple mono-actif avec enfant(s),1178,711,1253.9261595651255
2023,Couple mono-actif avec enfant(s),1178,745,1263.2356050431974
2023,Couple mono-actif avec enfant(s),1178,779,1269.4714220843055
2023,Couple mono-actif avec enfant(s),1178,812,1283.0806215872346
2023,Couple mono-actif avec enfant(s),1178,846,1297.1022210751012
2023,Couple mono-actif avec enfant(s),1178,880,1311.1238205629677
2023,Couple mono-actif avec enfant(s),1178,914,1325.1454200508344
2023,Couple mono-actif avec enfant(s),1178,948,1339.167019538701
2023,Couple mono-actif avec enfant(s),1178,982,1353.1886190265675
2023,Couple mono-actif avec enfant(s),1178,1016,1367.210218514434
2023,Couple mono-actif avec enfant(s),1178,1049,1380.8194180173637
2023,Couple mono-actif avec enfant(s),1178,1083,1394.84101750523
2023,Couple mono-actif avec enfant(s),1178,1117,1408.862616993097
2023,Couple mono-actif avec enfant(s),1178,1151,1422.884216480963
2023,Couple mono-actif avec enfant(s),1178,1185,1436.9058159688298
2023,Couple mono-actif avec enfant(s),1178,1219,1450.9274154566963
2023,Couple mono-actif avec enfant(s),1178,1252,1464.5366149596257
2023,Couple mono-actif avec enfant(s),1178,1286,1478.5582144474922
2023,Couple mono-actif avec enfant(s),1178,1320,1492.579813935359
2023,Couple mono-actif avec enfant(s),1178,1354,1506.4880242943766
2023,Couple mono-actif avec enfant(s),1400,0,1196.7982596245106
2023,Couple mono-actif avec enfant(s),1400,34,1201.9622960909066
2023,Couple mono-actif avec enfant(s),1400,68,1207.1263325573025
2023,Couple mono-actif avec enfant(s),1400,102,1212.2903690236985
2023,Couple mono-actif avec enfant(s),1400,135,1217.3025220646123
2023,Couple mono-actif avec enfant(s),1400,169,1222.4665585310083
2023,Couple mono-actif avec enfant(s),1400,203,1227.6305949974042
2023,Couple mono-actif avec enfant(s),1400,237,1232.7946314638
2023,Couple mono-actif avec enfant(s),1400,271,1237.958667930196
2023,Couple mono-actif avec enfant(s),1400,305,1243.122704396592
2023,Couple mono-actif avec enfant(s),1400,338,1248.1348574375058
2023,Couple mono-actif avec enfant(s),1400,372,1253.2988939039017
2023,Couple mono-actif avec enfant(s),1400,406,1258.4629303702977
2023,Couple mono-actif avec enfant(s),1400,440,1263.6269668366936
2023,Couple mono-actif avec enfant(s),1400,474,1268.7910033030896
2023,Couple mono-actif avec enfant(s),1400,508,1273.9550397694857
2023,Couple mono-actif avec enfant(s),1400,542,1274.7143143311193
2023,Couple mono-actif avec enfant(s),1400,575,1283.552270609722
2023,Couple mono-actif avec enfant(s),1400,609,1293.4284610859127
2023,Couple mono-actif avec enfant(s),1400,643,1303.3046515621036
2023,Couple mono-actif avec enfant(s),1400,677,1313.237536602718
2023,Couple mono-actif avec enfant(s),1400,711,1327.2591360905847
2023,Couple mono-actif avec enfant(s),1400,745,1341.2807355784512
2023,Couple mono-actif avec enfant(s),1400,779,1355.302335066318
2023,Couple mono-actif avec enfant(s),1400,812,1368.9115345692471
2023,Couple mono-actif avec enfant(s),1400,846,1382.9331340571136
2023,Couple mono-actif avec enfant(s),1400,880,1396.9547335449802
2023,Couple mono-actif avec enfant(s),1400,914,1410.976333032847
2023,Couple mono-actif avec enfant(s),1400,948,1424.9979325207132
2023,Couple mono-actif avec enfant(s),1400,982,1439.0195320085797
2023,Couple mono-actif avec enfant(s),1400,1016,1453.0411314964467
2023,Couple mono-actif avec enfant(s),1400,1049,1466.6503309993757
2023,Couple mono-actif avec enfant(s),1400,1083,1480.6719304872424
2023,Couple mono-actif avec enfant(s),1400,1117,1494.6935299751087
2023,Couple mono-actif avec enfant(s),1400,1151,1508.7151294629755
2023,Couple mono-actif avec enfant(s),1400,1185,1522.736728950842
2023,Couple mono-actif avec enfant(s),1400,1219,1536.7583284387085
2023,Couple mono-actif avec enfant(s),1400,1252,1550.367527941638
2023,Couple mono-actif avec enfant(s),1400,1286,1564.3891274295045
2023,Couple mono-actif avec enfant(s),1400,1320,1578.4107269173712
2023,Couple mono-actif avec enfant(s),1400,1354,1592.3189372763889
2023,Couple mono-actif avec enfant(s),1618,0,1229.908846379638
2023,Couple mono-actif avec enfant(s),1618,34,1235.0728828460337
2023,Couple mono-actif avec enfant(s),1618,68,1240.2369193124296
2023,Couple mono-actif avec enfant(s),1618,102,1245.4009557788256
2023,Couple mono-actif avec enfant(s),1618,135,1250.4131088197391
2023,Couple mono-actif avec enfant(s),1618,169,1255.5771452861352
2023,Couple mono-actif avec enfant(s),1618,203,1260.7411817525312
2023,Couple mono-actif avec enfant(s),1618,237,1265.9052182189273
2023,Couple mono-actif avec enfant(s),1618,271,1271.069254685323
2023,Couple mono-actif avec enfant(s),1618,305,1276.233291151719
2023,Couple mono-actif avec enfant(s),1618,338,1278.0332229906746
2023,Couple mono-actif avec enfant(s),1618,372,1287.909413466865
2023,Couple mono-actif avec enfant(s),1618,406,1297.7856039430555
2023,Couple mono-actif avec enfant(s),1618,440,1307.661794419246
2023,Couple mono-actif avec enfant(s),1618,474,1317.5379848954365
2023,Couple mono-actif avec enfant(s),1618,508,1327.414175371627
2023,Couple mono-actif avec enfant(s),1618,542,1337.2903658478174
2023,Couple mono-actif avec enfant(s),1618,575,1346.8760801335318
2023,Couple mono-actif avec enfant(s),1618,609,1356.7522706097225
2023,Couple mono-actif avec enfant(s),1618,643,1366.6284610859125
2023,Couple mono-actif avec enfant(s),1618,677,1376.561346126528
2023,Couple mono-actif avec enfant(s),1618,711,1390.582945614394
2023,Couple mono-actif avec enfant(s),1618,745,1404.6045451022608
2023,Couple mono-actif avec enfant(s),1618,779,1418.6261445901273
2023,Couple mono-actif avec enfant(s),1618,812,1432.2353440930565
2023,Couple mono-actif avec enfant(s),1618,846,1446.2569435809232
2023,Couple mono-actif avec enfant(s),1618,880,1460.27854306879
2023,Couple mono-actif avec enfant(s),1618,914,1474.300142556656
2023,Couple mono-actif avec enfant(s),1618,948,1488.321742044523
2023,Couple mono-actif avec enfant(s),1618,982,1502.3433415323893
2023,Couple mono-actif avec enfant(s),1618,1016,1516.3649410202559
2023,Couple mono-actif avec enfant(s),1618,1049,1529.9741405231853
2023,Couple mono-actif avec enfant(s),1618,1083,1543.9957400110516
2023,Couple mono-actif avec enfant(s),1618,1117,1558.0173394989183
2023,Couple mono-actif avec enfant(s),1618,1151,1572.038938986785
2023,Couple mono-actif avec enfant(s),1618,1185,1586.0605384746514
2023,Couple mono-actif avec enfant(s),1618,1219,1600.0821379625183
2023,Couple mono-actif avec enfant(s),1618,1252,1613.6913374654475
2023,Couple mono-actif avec enfant(s),1618,1286,1627.712936953314
2023,Couple mono-actif avec enfant(s),1618,1320,1641.7345364411806
2023,Couple mono-actif avec enfant(s),1618,1354,1655.6427468001984
2023,Couple mono-actif avec enfant(s),1900,0,1272.7399723656274
2023,Couple mono-actif avec enfant(s),1900,34,1273.4992469272618
2023,Couple mono-actif avec enfant(s),1900,68,1281.5189372763891
2023,Couple mono-actif avec enfant(s),1900,102,1291.3951277525794
2023,Couple mono-actif avec enfant(s),1900,135,1300.980842038294
2023,Couple mono-actif avec enfant(s),1900,169,1310.857032514484
2023,Couple mono-actif avec enfant(s),1900,203,1320.7332229906744
2023,Couple mono-actif avec enfant(s),1900,237,1330.609413466865
2023,Couple mono-actif avec enfant(s),1900,271,1340.4856039430556
2023,Couple mono-actif avec enfant(s),1900,305,1350.3617944192463
2023,Couple mono-actif avec enfant(s),1900,338,1359.9475087049602
2023,Couple mono-actif avec enfant(s),1900,372,1369.823699181151
2023,Couple mono-actif avec enfant(s),1900,406,1379.6998896573414
2023,Couple mono-actif avec enfant(s),1900,440,1389.5760801335316
2023,Couple mono-actif avec enfant(s),1900,474,1399.4522706097223
2023,Couple mono-actif avec enfant(s),1900,508,1409.3284610859127
2023,Couple mono-actif avec enfant(s),1900,542,1419.204651562103
2023,Couple mono-actif avec enfant(s),1900,575,1428.7903658478176
2023,Couple mono-actif avec enfant(s),1900,609,1438.6665563240078
2023,Couple mono-actif avec enfant(s),1900,643,1448.5427468001985
2023,Couple mono-actif avec enfant(s),1900,677,1458.475631840813
2023,Couple mono-actif avec enfant(s),1900,711,1472.4972313286798
2023,Couple mono-actif avec enfant(s),1900,745,1486.5188308165464
2023,Couple mono-actif avec enfant(s),1900,779,1500.540430304413
2023,Couple mono-actif avec enfant(s),1900,812,1514.1496298073423
2023,Couple mono-actif avec enfant(s),1900,846,1528.1712292952088
2023,Couple mono-actif avec enfant(s),1900,880,1542.1928287830754
2023,Couple mono-actif avec enfant(s),1900,914,1556.214428270942
2023,Couple mono-actif avec enfant(s),1900,948,1570.2360277588084
2023,Couple mono-actif avec enfant(s),1900,982,1584.2576272466752
2023,Couple mono-actif avec enfant(s),1900,1016,1598.2792267345417
2023,Couple mono-actif avec enfant(s),1900,1049,1611.8884262374709
2023,Couple mono-actif avec enfant(s),1900,1083,1625.9100257253376
2023,Couple mono-actif avec enfant(s),1900,1117,1639.931625213204
2023,Couple mono-actif avec enfant(s),1900,1151,1653.9532247010707
2023,Couple mono-actif avec enfant(s),1900,1185,1667.9748241889372
2023,Couple mono-actif avec enfant(s),1900,1219,1680.3458586867234
2023,Couple mono-actif avec enfant(s),1900,1252,1680.618574555733
2023,Couple mono-actif avec enfant(s),1900,1286,1680.8995545419848
2023,Couple mono-actif avec enfant(s),1900,1320,1691.1829858314586
2023,Couple mono-actif avec enfant(s),1900,1354,1705.0911961904762
