annee,config,salaire_mensuel,niveau_vie,rsa,ppa,apl
2022,Personne seule,0,936.0884000000001,654.1452,0.0,281.9432
2022,Personne seule,25,953.3843615999999,629.1452,17.295961599999828,281.9432
2022,Personne seule,50,968.6343615999999,604.1452,32.54596159999983,281.9432
2022,Personne seule,75,983.8843615999999,579.1452,47.79596159999983,281.9432
2022,Personne seule,100,999.1343615999999,554.1452,63.04596159999983,281.9432
2022,Personne seule,125,1014.3843615999999,529.1452,78.29596159999983,281.9432
2022,Personne seule,150,1029.6343616,504.14520000000005,93.54596159999983,281.9432
2022,Personne seule,175,1044.8843616,479.14520000000005,108.79596159999983,281.9432
2022,Personne seule,200,1060.1343616,454.14520000000005,124.04596159999983,281.9432
2022,Personne seule,225,1075.3843616,429.14520000000005,139.29596159999983,281.9432
2022,Personne seule,250,1090.6343616,404.14520000000005,154.54596159999983,281.9432
2022,Personne seule,275,1105.8843616,379.14520000000005,169.79596159999983,281.9432
2022,Personne seule,300,1121.1343616,354.14520000000005,185.04596159999983,281.9432
2022,Personne seule,325,1136.3843616,329.14520000000005,200.29596159999983,281.9432
2022,Personne seule,350,1151.6343616,304.14520000000005,215.54596159999983,281.9432
2022,Personne seule,375,1166.8843616,279.14520000000005,230.79596159999983,281.9432
2022,Personne seule,400,1182.1343616,254.14520000000005,246.04596159999983,281.9432
2022,Personne seule,425,1197.3843616,229.14520000000005,261.2959615999998,281.9432
2022,Personne seule,450,1212.6343616,204.14520000000005,276.5459615999998,281.9432
2022,Personne seule,475,1222.6376858394326,179.14520000000005,291.7959615999998,276.6965242394328
2022,Personne seule,500,1229.6162225099292,154.14520000000005,307.0459615999998,268.42506090992924
2022,Personne seule,525,1236.5947591804256,129.14520000000005,322.2959615999998,260.1535975804257
2022,Personne seule,550,1243.573295850922,104.14520000000005,337.5459615999998,251.88213425092218
2022,Personne seule,575,1250.5518325214184,79.14520000000005,352.7959615999998,243.61067092141866
2022,Personne seule,600,1257.530369191915,54.145200000000045,368.0459615999998,235.3392075919151
2022,Personne seule,625,1264.5089058624117,29.145200000000045,383.29596159999994,227.06774426241157
2022,Personne seule,650,1270.2679631403003,0.0,401.47168220739206,218.79628093290805
2022,Personne seule,675,1287.84894095623,0.0,402.3241233528256,210.52481760340447
2022,Personne seule,700,1301.28471877216,0.0,399.0313644982591,202.25335427390095
2022,Personne seule,725,1314.72049658809,0.0,395.7386056436926,193.98189094439743
2022,Personne seule,750,1328.15627440402,0.0,392.4458467891261,185.7104276148939
2022,Personne seule,775,1341.59205221995,0.0,389.1530879345596,177.43896428539037
2022,Personne seule,800,1355.02783003588,0.0,385.8603290799931,169.16750095588677
2022,Personne seule,825,1368.4636078518097,0.0,382.5675702254266,160.89603762638322
2022,Personne seule,850,1381.8993856677398,0.0,379.2748113708601,152.62457429687976
2022,Personne seule,875,1395.33516348367,0.0,375.9820525162936,144.35311096737618
2022,Personne seule,900,1408.7709412995998,0.0,372.6892936617271,136.0816476378727
2022,Personne seule,925,1422.2067191155297,0.0,369.3965348071606,127.81018430836909
2022,Personne seule,950,1435.6424969314596,0.0,366.1037759525941,119.53872097886558
2022,Personne seule,975,1449.0782747473897,0.0,362.8110170980276,111.26725764936208
2022,Personne seule,1000,1462.5140525633196,0.0,359.5182582434611,102.99579431985852
2022,Personne seule,1025,1475.9498303792495,0.0,356.2254993888946,94.72433099035497
2022,Personne seule,1050,1489.3856081951794,0.0,352.9327405343281,86.45286766085141
2022,Personne seule,1075,1502.8213860111096,0.0,349.6399816797616,78.1814043313479
2022,Personne seule,1100,1516.2571638270394,0.0,346.3472228251951,69.90994100184437
2022,Personne seule,1125,1535.6960639706285,0.0,349.0575862982878,61.63847767234078
2022,Personne seule,1150,1557.4033051160618,0.0,354.03629077322466,53.36701434283727
2022,Personne seule,1175,1579.1105462614955,0.0,359.01499524816177,45.09555101333376
2022,Personne seule,1200,1600.817787406929,0.0,363.99369972309887,36.8240876838302
2022,Personne seule,1225,1622.5250285523625,0.0,368.97240419803575,28.55262435432669
2022,Personne seule,1250,1644.232269697796,0.0,373.95110867297285,20.281161024823124
2022,Personne seule,1275,1665.9395108432295,0.0,378.92981314790995,12.009697695319618
2022,Personne seule,1300,1687.4327616,0.0,387.43276160000005,0.0
2022,Personne seule,1325,1702.6827616,0.0,377.68276160000005,0.0
2022,Personne seule,1350,1717.9327616,0.0,367.93276160000005,0.0
2022,Personne seule,1375,1733.1827616,0.0,358.18276160000005,0.0
2022,Personne seule,1400,1748.4327616,0.0,348.43276160000005,0.0
2022,Personne seule,1425,1761.5984973436534,0.0,338.68276160000005,0.0
2022,Personne seule,1450,1773.3178909531914,0.0,328.93276160000005,0.0
2022,Personne seule,1475,1785.0372845627292,0.0,319.18276160000005,0.0
2022,Personne seule,1500,1796.756678172267,0.0,309.43276160000005,0.0
2022,Personne seule,1525,1808.4760717818046,0.0,299.68276160000005,0.0
2022,Personne seule,1550,1820.1954653913424,0.0,289.93276160000005,0.0
2022,Personne seule,1575,1831.9148590008801,0.0,280.18276160000005,0.0
2022,Personne seule,1600,1843.634252610418,0.0,270.43276160000005,0.0
2022,Personne seule,1625,1855.3536462199559,0.0,260.68276160000005,0.0
2022,Personne seule,1650,1867.0730398294934,0.0,250.93276160000005,0.0
2022,Personne seule,1675,1878.7924334390314,0.0,241.18276160000005,0.0
2022,Personne seule,1700,1890.511827048569,0.0,231.43276160000005,0.0
2022,Personne seule,1725,1902.2312206581068,0.0,221.68276160000005,0.0
2022,Personne seule,1750,1913.9506142676446,0.0,211.93276160000005,0.0
2022,Personne seule,1775,1925.6700078771823,0.0,202.18276160000005,0.0
2022,Personne seule,1800,1937.3894014867203,0.0,192.43276160000005,0.0
2022,Personne seule,1825,1949.108795096258,0.0,182.68276160000005,0.0
2022,Personne seule,1850,1960.8281887057958,0.0,172.93276160000005,0.0
2022,Personne seule,1875,1972.5475823153336,0.0,163.18276160000005,0.0
2022,Personne seule,1900,1984.2669759248713,0.0,153.43276160000005,0.0
2022,Personne seule,1925,1995.986369534409,0.0,143.68276160000005,0.0
2022,Personne seule,1950,2007.705763143947,0.0,133.93276160000005,0.0
2022,Personne seule,1975,2019.4251567534848,0.0,124.18276160000005,0.0
2022,Personne seule,2000,2031.1445503630225,0.0,114.43276160000005,0.0
2022,Personne seule,2025,2042.8639439725603,0.0,104.68276160000005,0.0
2022,Personne seule,2050,2054.583337582098,0.0,94.93276160000005,0.0
2022,Personne seule,2075,2066.3027311916358,0.0,85.18276160000005,0.0
2022,Personne seule,2100,2078.0221248011735,0.0,75.43276160000005,0.0
2022,Personne seule,2125,2089.7415184107113,0.0,65.68276160000005,0.0
2022,Personne seule,2150,2101.460912020249,0.0,55.93276160000005,0.0
2022,Personne seule,2175,2113.1803056297867,0.0,46.18276160000005,0.0
2022,Personne seule,2200,2124.899699239325,0.0,36.43276160000005,0.0
2022,Personne seule,2225,2136.6190928488622,0.0,26.68276160000005,0.0
2022,Personne seule,2250,2148.3384864584004,0.0,16.93276160000005,0.0
2022,Personne seule,2275,2152.875118467938,0.0,0.0,0.0
2022,Personne seule,2300,2174.344512077476,0.0,0.0,0.0
2022,Personne seule,2325,2195.8139056870136,0.0,0.0,0.0
2022,Personne seule,2350,2217.2832992965514,0.0,0.0,0.0
2022,Personne seule,2375,2238.752692906089,0.0,0.0,0.0
2022,Personne seule,2400,2260.222086515627,0.0,0.0,0.0
2022,Personne seule,2425,2281.478363819221,0.0,0.0,0.0
2022,Personne seule,2450,2299.8491545115157,0.0,0.0,0.0
2022,Personne seule,2475,2318.21994520381,0.0,0.0,0.0
2022,Personne seule,2500,2336.5907358961044,0.0,0.0,0.0
2022,Personne seule,2525,2354.9615265883986,0.0,0.0,0.0
2022,Personne seule,2550,2373.332317280693,0.0,0.0,0.0
2022,Personne seule,2575,2391.7031079729877,0.0,0.0,0.0
2022,Personne seule,2600,2410.073898665282,0.0,0.0,0.0
2022,Personne seule,2625,2428.4446893575764,0.0,0.0,0.0
2022,Personne seule,2650,2446.8154800498705,0.0,0.0,0.0
2022,Personne seule,2675,2465.186270742165,0.0,0.0,0.0
2022,Personne seule,2700,2483.5570614344592,0.0,0.0,0.0
2022,Personne seule,2725,2501.927852126754,0.0,0.0,0.0
2022,Personne seule,2750,2520.298642819048,0.0,0.0,0.0
2022,Personne seule,2775,2538.6694335113425,0.0,0.0,0.0
2022,Personne seule,2800,2557.0402242036366,0.0,0.0,0.0
2022,Personne seule,2825,2575.411014895931,0.0,0.0,0.0
2022,Personne seule,2850,2593.781805588226,0.0,0.0,0.0
2022,Personne seule,2875,2612.15259628052,0.0,0.0,0.0
2022,Personne seule,2900,2630.5233869728145,0.0,0.0,0.0
2022,Personne seule,2925,2648.8941776651086,0.0,0.0,0.0
2022,Personne seule,2950,2667.264968357403,0.0,0.0,0.0
2022,Personne seule,2975,2685.6357590496973,0.0,0.0,0.0
2022,Personne seule,3000,2704.006549741992,0.0,0.0,0.0
2022,Personne seule,3025,2722.3773404342865,0.0,0.0,0.0
2022,Personne seule,3050,2740.7481311265806,0.0,0.0,0.0
2022,Personne seule,3075,2759.118921818875,0.0,0.0,0.0
2022,Personne seule,3100,2777.4897125111693,0.0,0.0,0.0
2022,Personne seule,3125,2795.860503203464,0.0,0.0,0.0
2022,Personne seule,3150,2814.231293895758,0.0,0.0,0.0
2022,Personne seule,3175,2832.6020845880525,0.0,0.0,0.0
2022,Personne seule,3200,2850.9728752803467,0.0,0.0,0.0
2022,Personne seule,3225,2869.3436659726412,0.0,0.0,0.0
2022,Personne seule,3250,2887.714456664936,0.0,0.0,0.0
2022,Personne seule,3275,2906.08524735723,0.0,0.0,0.0
2022,Personne seule,3300,2924.456038049524,0.0,0.0,0.0
2022,Personne seule,3325,2942.8268287418186,0.0,0.0,0.0
2022,Personne seule,3350,2961.197619434113,0.0,0.0,0.0
2022,Personne seule,3375,2979.568410126408,0.0,0.0,0.0
2022,Personne seule,3400,2997.939200818702,0.0,0.0,0.0
2022,Personne seule,3425,3016.309991510996,0.0,0.0,0.0
2022,Personne seule,3450,3034.6807822032906,0.0,0.0,0.0
2022,Personne seule,3475,3053.051572895585,0.0,0.0,0.0
2022,Personne seule,3500,3071.4223635878793,0.0,0.0,0.0
2022,Famille monoparentale 1 enfant,0,1028.7733409288462,725.50715,0.0,394.84585
2022,Famille monoparentale 1 enfant,25,1044.7400707749998,700.50715,20.756748799999855,394.84585
2022,Famille monoparentale 1 enfant,50,1056.470840005769,675.5071500000001,36.00674879999974,394.84585
2022,Famille monoparentale 1 enfant,75,1068.2016092365384,650.5071500000001,51.25674879999974,394.84585
2022,Famille monoparentale 1 enfant,100,1079.9323784673077,625.5071500000001,66.50674879999974,394.84585
2022,Famille monoparentale 1 enfant,125,1091.663147698077,600.5071500000001,81.75674879999974,394.84585
2022,Famille monoparentale 1 enfant,150,1103.393916928846,575.5071500000001,97.00674879999974,394.84585
2022,Famille monoparentale 1 enfant,175,1115.1246861596153,550.5071500000001,112.25674879999974,394.84585
2022,Famille monoparentale 1 enfant,200,1126.8554553903846,525.5071500000001,127.50674879999974,394.84585
2022,Famille monoparentale 1 enfant,225,1138.5862246211536,500.5071500000001,142.75674879999985,394.84585
2022,Famille monoparentale 1 enfant,250,1150.316993851923,475.5071500000001,158.00674879999985,394.84585
2022,Famille monoparentale 1 enfant,275,1162.047763082692,450.5071500000001,173.25674879999985,394.84585
2022,Famille monoparentale 1 enfant,300,1173.7785323134613,425.5071500000001,188.50674879999985,394.84585
2022,Famille monoparentale 1 enfant,325,1185.5093015442305,400.5071500000001,203.75674879999974,394.84585
2022,Famille monoparentale 1 enfant,350,1197.2400707749998,375.5071500000001,219.00674879999974,394.84585
2022,Famille monoparentale 1 enfant,375,1208.9708400057689,350.5071500000001,234.25674879999974,394.84585
2022,Famille monoparentale 1 enfant,400,1220.7016092365382,325.5071500000001,249.50674879999974,394.84585
2022,Famille monoparentale 1 enfant,425,1232.4323784673074,300.50715,264.75674879999974,394.84585
2022,Famille monoparentale 1 enfant,450,1244.1631476980767,275.50715,280.00674879999974,394.84585
2022,Famille monoparentale 1 enfant,475,1255.893916928846,250.50715000000002,295.25674879999974,394.84585
2022,Famille monoparentale 1 enfant,500,1267.624686159615,225.50715000000002,310.50674879999974,394.84585
2022,Famille monoparentale 1 enfant,525,1279.3554553903843,200.50715000000002,325.75674879999974,394.84585
2022,Famille monoparentale 1 enfant,550,1291.0862246211536,175.50715000000002,341.00674879999974,394.84585
2022,Famille monoparentale 1 enfant,575,1302.816993851923,150.50715000000002,356.25674879999974,394.84585
2022,Famille monoparentale 1 enfant,600,1314.547763082692,125.50715000000002,371.50674879999974,394.84585
2022,Famille monoparentale 1 enfant,625,1326.2785323134613,100.50715000000002,386.75674879999974,394.84585
2022,Famille monoparentale 1 enfant,650,1340.259855857609,75.50715000000002,404.93246940739186,394.84585
2022,Famille monoparentale 1 enfant,675,1356.9577336617888,50.507150000000024,426.63971055282536,394.84585
2022,Famille monoparentale 1 enfant,700,1373.6556114659684,25.507150000000024,448.34695169825886,394.84585
2022,Famille monoparentale 1 enfant,725,1389.9633738855325,0.0,470.05419284369236,394.84585
2022,Famille monoparentale 1 enfant,750,1407.0513670743276,0.0,467.2685839891259,394.84585
2022,Famille monoparentale 1 enfant,775,1423.7492448785072,0.0,463.9758251345594,394.84585
2022,Famille monoparentale 1 enfant,800,1436.689232084586,0.0,460.6830662799929,389.9605922224688
2022,Famille monoparentale 1 enfant,825,1447.2882883195941,0.0,457.3903074254264,382.03212418254594
2022,Famille monoparentale 1 enfant,850,1457.8873445546024,0.0,454.0975485708599,374.10365614262315
2022,Famille monoparentale 1 enfant,875,1468.4864007896106,0.0,450.8047897162934,366.1751881027003
2022,Famille monoparentale 1 enfant,900,1479.0854570246186,0.0,447.5120308617269,358.24672006277746
2022,Famille monoparentale 1 enfant,925,1489.6845132596268,0.0,444.2192720071604,350.31825202285455
2022,Famille monoparentale 1 enfant,950,1500.283569494635,0.0,440.926513152594,342.3897839829317
2022,Famille monoparentale 1 enfant,975,1510.8826257296435,0.0,437.6337542980275,334.4613159430089
2022,Famille monoparentale 1 enfant,1000,1521.4816819646514,0.0,434.340995443461,326.532847903086
2022,Famille monoparentale 1 enfant,1025,1532.0807381996597,0.0,431.0482365888945,318.6043798631632
2022,Famille monoparentale 1 enfant,1050,1542.6797944346679,0.0,427.755477734328,310.6759118232403
2022,Famille monoparentale 1 enfant,1075,1553.278850669676,0.0,424.4627188797615,302.7474437833175
2022,Famille monoparentale 1 enfant,1100,1563.8779069046843,0.0,421.169960025195,294.8189757433947
2022,Famille monoparentale 1 enfant,1125,1574.4769631396925,0.0,417.8772011706285,286.89050770347177
2022,Famille monoparentale 1 enfant,1150,1585.0760193747005,0.0,414.584442316062,278.9620396635489
2022,Famille monoparentale 1 enfant,1175,1595.675075609709,0.0,411.2916834614955,271.03357162362613
2022,Famille monoparentale 1 enfant,1200,1606.274131844717,0.0,407.998924606929,263.1051035837032
2022,Famille monoparentale 1 enfant,1225,1616.8731880797252,0.0,404.7061657523625,255.17663554378044
2022,Famille monoparentale 1 enfant,1250,1627.4722443147336,0.0,401.413406897796,247.24816750385753
2022,Famille monoparentale 1 enfant,1275,1638.0713005497416,0.0,398.1206480432295,239.3196994639347
2022,Famille monoparentale 1 enfant,1300,1648.5057487934703,0.0,394.6138987999998,231.39123142401186
2022,Famille monoparentale 1 enfant,1325,1654.1376964550684,0.0,384.8638987999998,223.46276338408902
2022,Famille monoparentale 1 enfant,1350,1659.769644116666,0.0,375.1138987999998,215.5342953441661
2022,Famille monoparentale 1 enfant,1375,1665.4015917782638,0.0,365.3638987999998,207.6058273042433
2022,Famille monoparentale 1 enfant,1400,1671.0335394398617,0.0,355.6138987999998,199.67735926432044
2022,Famille monoparentale 1 enfant,1425,1676.6654871014596,0.0,345.8638987999998,191.7488912243976
2022,Famille monoparentale 1 enfant,1450,1682.2974347630575,0.0,336.1138987999998,183.8204231844748
2022,Famille monoparentale 1 enfant,1475,1687.929382424655,0.0,326.3638987999998,175.89195514455193
2022,Famille monoparentale 1 enfant,1500,1693.561330086253,0.0,316.6138987999998,167.96348710462914
2022,Famille monoparentale 1 enfant,1525,1699.1932777478505,0.0,306.8638987999998,160.03501906470623
2022,Famille monoparentale 1 enfant,1550,1704.8252254094489,0.0,297.1138987999998,152.10655102478344
2022,Famille monoparentale 1 enfant,1575,1710.4571730710463,0.0,287.3638987999998,144.17808298486045
2022,Famille monoparentale 1 enfant,1600,1716.0891207326442,0.0,277.6138987999998,136.24961494493766
2022,Famille monoparentale 1 enfant,1625,1727.0764938519228,0.0,274.8259518949851,128.3211469050148
2022,Famille monoparentale 1 enfant,1650,1738.807263082692,0.0,273.0044199349079,120.3926788650919
2022,Famille monoparentale 1 enfant,1675,1750.5380323134614,0.0,271.1828879748307,112.46421082516916
2022,Famille monoparentale 1 enfant,1700,1762.2688015442307,0.0,269.3613560147535,104.53574278524636
2022,Famille monoparentale 1 enfant,1725,1773.9995707749997,0.0,267.5398240546763,96.60727474532351
2022,Famille monoparentale 1 enfant,1750,1785.730340005769,0.0,265.71829209459906,88.67880670540059
2022,Famille monoparentale 1 enfant,1775,1797.4611092365383,0.0,263.8967601345223,80.75033866547774
2022,Famille monoparentale 1 enfant,1800,1809.1918784673076,0.0,262.0752281744451,72.82187062555494
2022,Famille monoparentale 1 enfant,1825,1820.9226476980766,0.0,260.2536962143679,64.89340258563197
2022,Famille monoparentale 1 enfant,1850,1832.653416928846,0.0,258.4321642542907,56.96493454570917
2022,Famille monoparentale 1 enfant,1875,1844.3841861596152,0.0,256.6106322942135,49.036466505786315
2022,Famille monoparentale 1 enfant,1900,1856.1149553903845,0.0,254.78910033413626,41.10799846586352
2022,Famille monoparentale 1 enfant,1925,1867.8457246211535,0.0,252.96756837405906,33.17953042594066
2022,Famille monoparentale 1 enfant,1950,1879.5764938519226,0.0,251.14603641398162,25.251062386017868
2022,Famille monoparentale 1 enfant,1975,1891.307263082692,0.0,249.32450445390486,17.322594346094956
2022,Famille monoparentale 1 enfant,2000,1903.0380323134614,0.0,256.89709879999964,0.0
2022,Famille monoparentale 1 enfant,2025,1914.7688015442304,0.0,247.14709879999964,0.0
2022,Famille monoparentale 1 enfant,2050,1926.4995707749997,0.0,237.39709879999964,0.0
2022,Famille monoparentale 1 enfant,2075,1938.230340005769,0.0,227.64709879999964,0.0
2022,Famille monoparentale 1 enfant,2100,1949.9611092365383,0.0,217.89709879999964,0.0
2022,Famille monoparentale 1 enfant,2125,1961.6918784673076,0.0,208.14709879999964,0.0
2022,Famille monoparentale 1 enfant,2150,1973.4226476980766,0.0,198.39709879999964,0.0
2022,Famille monoparentale 1 enfant,2175,1985.153416928846,0.0,188.64709879999964,0.0
2022,Famille monoparentale 1 enfant,2200,1996.8841861596152,0.0,178.89709879999964,0.0
2022,Famille monoparentale 1 enfant,2225,2008.6149553903845,0.0,169.14709879999964,0.0
2022,Famille monoparentale 1 enfant,2250,2020.3457246211535,0.0,159.39709879999964,0.0
2022,Famille monoparentale 1 enfant,2275,2032.0764938519228,0.0,149.64709879999964,0.0
2022,Famille monoparentale 1 enfant,2300,2043.807263082692,0.0,139.89709879999964,0.0
2022,Famille monoparentale 1 enfant,2325,2055.5380323134614,0.0,130.14709879999964,0.0
2022,Famille monoparentale 1 enfant,2350,2067.2688015442304,0.0,120.39709879999964,0.0
2022,Famille monoparentale 1 enfant,2375,2077.4741486514786,0.0,110.64709879999964,0.0
2022,Famille monoparentale 1 enfant,2400,2086.489066812662,0.0,100.89709879999964,0.0
2022,Famille monoparentale 1 enfant,2425,2089.0740065330983,0.0,91.14709879999964,0.0
2022,Famille monoparentale 1 enfant,2450,2081.2568419136337,0.0,81.39709879999964,0.0
2022,Famille monoparentale 1 enfant,2475,2088.402205438518,0.0,71.64709879999964,0.0
2022,Famille monoparentale 1 enfant,2500,2097.4171235997005,0.0,61.89709879999964,0.0
2022,Famille monoparentale 1 enfant,2525,2106.4320417608833,0.0,52.14709879999964,0.0
2022,Famille monoparentale 1 enfant,2550,2115.4469599220665,0.0,42.39709879999964,0.0
2022,Famille monoparentale 1 enfant,2575,2124.4618780832493,0.0,32.64709879999964,0.0
2022,Famille monoparentale 1 enfant,2600,2133.476796244432,0.0,22.89709879999964,0.0
2022,Famille monoparentale 1 enfant,2625,2132.3785614825383,0.0,0.0,0.0
2022,Famille monoparentale 1 enfant,2650,2148.893479643721,0.0,0.0,0.0
2022,Famille monoparentale 1 enfant,2675,2165.4083978049043,0.0,0.0,0.0
2022,Famille monoparentale 1 enfant,2700,2181.923315966087,0.0,0.0,0.0
2022,Famille monoparentale 1 enfant,2725,2198.43823412727,0.0,0.0,0.0
2022,Famille monoparentale 1 enfant,2750,2214.9531522884527,0.0,0.0,0.0
2022,Famille monoparentale 1 enfant,2775,2231.468070449636,0.0,0.0,0.0
2022,Famille monoparentale 1 enfant,2800,2247.982988610819,0.0,0.0,0.0
2022,Famille monoparentale 1 enfant,2825,2264.497906772002,0.0,0.0,0.0
2022,Famille monoparentale 1 enfant,2850,2281.0128249331847,0.0,0.0,0.0
2022,Famille monoparentale 1 enfant,2875,2297.5277430943675,0.0,0.0,0.0
2022,Famille monoparentale 1 enfant,2900,2314.0426612555502,0.0,0.0,0.0
2022,Famille monoparentale 1 enfant,2925,2330.5575794167335,0.0,0.0,0.0
2022,Famille monoparentale 1 enfant,2950,2347.0724975779162,0.0,0.0,0.0
2022,Famille monoparentale 1 enfant,2975,2363.587415739099,0.0,0.0,0.0
2022,Famille monoparentale 1 enfant,3000,2380.102333900282,0.0,0.0,0.0
2022,Famille monoparentale 1 enfant,3025,2396.617252061465,0.0,0.0,0.0
2022,Famille monoparentale 1 enfant,3050,2413.132170222648,0.0,0.0,0.0
2022,Famille monoparentale 1 enfant,3075,2429.6470883838306,0.0,0.0,0.0
2022,Famille monoparentale 1 enfant,3100,2446.162006545014,0.0,0.0,0.0
2022,Famille monoparentale 1 enfant,3125,2462.6769247061966,0.0,0.0,0.0
2022,Famille monoparentale 1 enfant,3150,2479.19184286738,0.0,0.0,0.0
2022,Famille monoparentale 1 enfant,3175,2495.7067610285626,0.0,0.0,0.0
2022,Famille monoparentale 1 enfant,3200,2512.2216791897454,0.0,0.0,0.0
2022,Famille monoparentale 1 enfant,3225,2528.736597350928,0.0,0.0,0.0
2022,Famille monoparentale 1 enfant,3250,2545.251515512111,0.0,0.0,0.0
2022,Famille monoparentale 1 enfant,3275,2561.766433673294,0.0,0.0,0.0
2022,Famille monoparentale 1 enfant,3300,2578.281351834477,0.0,0.0,0.0
2022,Famille monoparentale 1 enfant,3325,2594.7962699956597,0.0,0.0,0.0
2022,Famille monoparentale 1 enfant,3350,2611.3111881568425,0.0,0.0,0.0
2022,Famille monoparentale 1 enfant,3375,2627.8261063180257,0.0,0.0,0.0
2022,Famille monoparentale 1 enfant,3400,2645.136927011471,0.0,0.0,0.0
2022,Famille monoparentale 1 enfant,3425,2662.4979192580154,0.0,0.0,0.0
2022,Famille monoparentale 1 enfant,3450,2679.85891150456,0.0,0.0,0.0
2022,Famille monoparentale 1 enfant,3475,2697.219903751105,0.0,0.0,0.0
2022,Famille monoparentale 1 enfant,3500,2714.58089599765,0.0,0.0,0.0
2022,Famille monoparentale 2 enfants,0,1103.1391892398437,694.03272,0.0,455.50104999999996
2022,Famille monoparentale 2 enfants,25,1116.9087867398437,669.03272,22.03135599999996,455.50104999999996
2022,Famille monoparentale 2 enfants,50,1126.4400367398437,644.03272,37.28135599999996,455.50104999999996
2022,Famille monoparentale 2 enfants,75,1135.9712867398437,619.03272,52.53135599999996,455.50104999999996
2022,Famille monoparentale 2 enfants,100,1145.5025367398437,594.03272,67.78135599999996,455.50104999999996
2022,Famille monoparentale 2 enfants,125,1155.0337867398437,569.03272,83.03135599999996,455.50104999999996
2022,Famille monoparentale 2 enfants,150,1164.5650367398437,544.03272,98.28135599999996,455.50104999999996
2022,Famille monoparentale 2 enfants,175,1174.0962867398437,519.03272,113.53135599999996,455.50104999999996
2022,Famille monoparentale 2 enfants,200,1183.6275367398437,494.03272000000004,128.78135599999996,455.50104999999996
2022,Famille monoparentale 2 enfants,225,1193.1587867398437,469.03272000000004,144.03135599999996,455.50104999999996
2022,Famille monoparentale 2 enfants,250,1202.6900367398437,444.03272000000004,159.28135599999996,455.50104999999996
2022,Famille monoparentale 2 enfants,275,1212.2212867398437,419.03272000000004,174.53135599999996,455.50104999999996
2022,Famille monoparentale 2 enfants,300,1221.7525367398437,394.03272000000004,189.78135599999996,455.50104999999996
2022,Famille monoparentale 2 enfants,325,1231.2837867398437,369.03272000000004,205.03135599999996,455.50104999999996
2022,Famille monoparentale 2 enfants,350,1240.8150367398437,344.03272000000004,220.28135599999996,455.50104999999996
2022,Famille monoparentale 2 enfants,375,1241.4400367398437,319.03272000000004,235.53135599999996,455.50104999999996
2022,Famille monoparentale 2 enfants,400,1250.9712867398437,294.03272000000004,250.78135599999996,455.50104999999996
2022,Famille monoparentale 2 enfants,425,1260.5025367398437,269.03272000000004,266.03135599999996,455.50104999999996
2022,Famille monoparentale 2 enfants,450,1270.0337867398437,244.03272000000004,281.28135599999996,455.50104999999996
2022,Famille monoparentale 2 enfants,475,1279.5650367398437,219.03272000000004,296.53135599999996,455.50104999999996
2022,Famille monoparentale 2 enfants,500,1289.0962867398437,194.03272000000004,311.78135599999996,455.50104999999996
2022,Famille monoparentale 2 enfants,525,1298.6275367398437,169.03272000000004,327.03135599999996,455.50104999999996
2022,Famille monoparentale 2 enfants,550,1308.1587867398437,144.03272000000004,342.28135599999996,455.50104999999996
2022,Famille monoparentale 2 enfants,575,1317.6900367398437,119.03272000000004,357.53135599999996,455.50104999999996
2022,Famille monoparentale 2 enfants,600,1327.2212867398437,94.03272000000004,372.78135599999996,455.50104999999996
2022,Famille monoparentale 2 enfants,625,1336.7525367398437,69.03272000000004,388.03135599999996,455.50104999999996
2022,Famille monoparentale 2 enfants,650,1348.1123621194638,44.03272000000004,406.2070766073921,455.50104999999996
2022,Famille monoparentale 2 enfants,675,1361.6793878353594,19.03272000000004,427.91431775282535,455.50104999999996
2022,Famille monoparentale 2 enfants,700,1375.2464135512555,0.0,443.65427889825924,455.50104999999996
2022,Famille monoparentale 2 enfants,725,1388.8134392671514,0.0,440.3615200436925,455.50104999999996
2022,Famille monoparentale 2 enfants,750,1402.3804649830474,0.0,437.06876118912623,455.50104999999996
2022,Famille monoparentale 2 enfants,775,1415.9474906989433,0.0,433.7760023345595,455.50104999999996
2022,Famille monoparentale 2 enfants,800,1429.5145164148394,0.0,430.48324347999323,455.50104999999996
2022,Famille monoparentale 2 enfants,825,1439.0481937855577,0.0,427.1904846254265,449.04769264771573
2022,Famille monoparentale 2 enfants,850,1448.1876120373954,0.0,423.89772577086023,441.9635207052223
2022,Famille monoparentale 2 enfants,875,1457.3270302892324,0.0,420.6049669162935,434.87934876272885
2022,Famille monoparentale 2 enfants,900,1466.4664485410701,0.0,417.31220806172723,427.7951768202354
2022,Famille monoparentale 2 enfants,925,1475.6058667929078,0.0,414.0194492071605,420.7110048777419
2022,Famille monoparentale 2 enfants,950,1484.7452850447453,0.0,410.72669035259423,413.62683293524844
2022,Famille monoparentale 2 enfants,975,1493.8847032965828,0.0,407.4339314980275,406.54266099275503
2022,Famille monoparentale 2 enfants,1000,1503.0241215484205,0.0,404.14117264346123,399.4584890502615
2022,Famille monoparentale 2 enfants,1025,1502.0072898002577,0.0,400.8484137888945,392.3743171077681
2022,Famille monoparentale 2 enfants,1050,1511.1467080520954,0.0,397.55565493432823,385.2901451652746
2022,Famille monoparentale 2 enfants,1075,1520.2861263039329,0.0,394.2628960797615,378.20597322278115
2022,Famille monoparentale 2 enfants,1100,1529.4255445557706,0.0,390.97013722519523,371.12180128028774
2022,Famille monoparentale 2 enfants,1125,1538.5649628076078,0.0,387.6773783706285,364.0376293377942
2022,Famille monoparentale 2 enfants,1150,1547.7043810594455,0.0,384.38461951606223,356.9534573953008
2022,Famille monoparentale 2 enfants,1175,1556.8437993112832,0.0,381.0918606614955,349.8692854528074
2022,Famille monoparentale 2 enfants,1200,1565.9832175631204,0.0,377.79910180692923,342.78511351031386
2022,Famille monoparentale 2 enfants,1225,1575.122635814958,0.0,374.5063429523625,335.70094156782045
2022,Famille monoparentale 2 enfants,1250,1584.2620540667954,0.0,371.2135840977958,328.6167696253269
2022,Famille monoparentale 2 enfants,1275,1593.401472318633,0.0,367.9208252432295,321.5325976828335
2022,Famille monoparentale 2 enfants,1300,1602.407146577556,0.0,364.41407599999957,314.44842574034004
2022,Famille monoparentale 2 enfants,1325,1607.5107891134976,0.0,354.66407599999957,307.3642537978466
2022,Famille monoparentale 2 enfants,1350,1612.614431649439,0.0,344.91407599999957,300.28008185535305
2022,Famille monoparentale 2 enfants,1375,1617.7180741853806,0.0,335.16407599999957,293.19590991285963
2022,Famille monoparentale 2 enfants,1400,1622.8217167213222,0.0,325.41407599999957,286.1117379703661
2022,Famille monoparentale 2 enfants,1425,1627.9253592572638,0.0,315.66407599999957,279.0275660278727
2022,Famille monoparentale 2 enfants,1450,1633.0290017932055,0.0,305.91407599999957,271.9433940853793
2022,Famille monoparentale 2 enfants,1475,1638.132644329147,0.0,296.16407599999957,264.85922214288576
2022,Famille monoparentale 2 enfants,1500,1643.2362868650887,0.0,286.41407599999957,257.77505020039234
2022,Famille monoparentale 2 enfants,1525,1648.3399294010303,0.0,276.66407599999957,250.6908782578989
2022,Famille monoparentale 2 enfants,1550,1653.443571936972,0.0,266.91407599999957,243.60670631540543
2022,Famille monoparentale 2 enfants,1575,1658.5472144729135,0.0,257.16407599999957,236.5225343729119
2022,Famille monoparentale 2 enfants,1600,1663.6508570088552,0.0,247.41407599999957,229.4383624304185
2022,Famille monoparentale 2 enfants,1625,1668.7544995447968,0.0,237.66407599999957,222.35419048792502
2022,Famille monoparentale 2 enfants,1650,1673.858142080738,0.0,227.91407599999957,215.2700185454315
2022,Famille monoparentale 2 enfants,1675,1678.9617846166796,0.0,218.16407599999957,208.18584660293814
2022,Famille monoparentale 2 enfants,1700,1684.0654271526212,0.0,208.41407599999957,201.10167466044473
2022,Famille monoparentale 2 enfants,1725,1689.1690696885628,0.0,198.66407599999957,194.01750271795126
2022,Famille monoparentale 2 enfants,1750,1694.2727122245044,0.0,188.91407599999957,186.93333077545773
2022,Famille monoparentale 2 enfants,1775,1699.376354760446,0.0,179.16407599999957,179.84915883296426
2022,Famille monoparentale 2 enfants,1800,1704.4799972963876,0.0,169.41407599999957,172.76498689047085
2022,Famille monoparentale 2 enfants,1825,1710.6662304898434,0.0,161.3962210520226,165.68081494797727
2022,Famille monoparentale 2 enfants,1850,1720.1974804898434,0.0,158.73039299451602,158.59664300548386
2022,Famille monoparentale 2 enfants,1875,1723.9474804898434,0.0,156.06456493700944,151.5124710629904
2022,Famille monoparentale 2 enfants,1900,1733.4787304898434,0.0,153.39873687950285,144.42829912049697
2022,Famille monoparentale 2 enfants,1925,1743.0099804898434,0.0,150.73290882199626,137.3441271780035
2022,Famille monoparentale 2 enfants,1950,1752.5412304898434,0.0,148.06708076448967,130.2599552355101
2022,Famille monoparentale 2 enfants,1975,1762.0724804898434,0.0,145.4012527069831,123.17578329301658
2022,Famille monoparentale 2 enfants,2000,1771.6037304898434,0.0,142.7354246494765,116.09161135052311
2022,Famille monoparentale 2 enfants,2025,1781.1349804898434,0.0,140.0695965919699,109.00743940802964
2022,Famille monoparentale 2 enfants,2050,1790.6662304898434,0.0,137.40376853446332,101.92326746553623
2022,Famille monoparentale 2 enfants,2075,1800.1974804898434,0.0,134.7379404769572,94.8390955230427
2022,Famille monoparentale 2 enfants,2100,1809.7287304898434,0.0,132.0721124194506,87.75492358054923
2022,Famille monoparentale 2 enfants,2125,1819.2599804898434,0.0,129.40628436194402,80.67075163805588
2022,Famille monoparentale 2 enfants,2150,1828.7912304898434,0.0,126.74045630443743,73.58657969556235
2022,Famille monoparentale 2 enfants,2175,1838.3224804898434,0.0,124.07462824693084,66.50240775306894
2022,Famille monoparentale 2 enfants,2200,1847.8537304898434,0.0,121.40880018942426,59.418235810575474
2022,Famille monoparentale 2 enfants,2225,1857.3849804898434,0.0,118.74297213191767,52.33406386808195
2022,Famille monoparentale 2 enfants,2250,1866.9162304898434,0.0,116.07714407441108,45.24989192558848
2022,Famille monoparentale 2 enfants,2275,1876.4474804898434,0.0,113.4113160169045,38.165719983095066
2022,Famille monoparentale 2 enfants,2300,1885.9787304898434,0.0,110.7454879593979,31.0815480406016
2022,Famille monoparentale 2 enfants,2325,1895.5099804898434,0.0,108.07965990189177,23.997376098108074
2022,Famille monoparentale 2 enfants,2350,1905.0412304898434,0.0,105.41383184438519,16.913204155614718
2022,Famille monoparentale 2 enfants,2375,1914.5724804898434,0.0,112.57703599999968,0.0
2022,Famille monoparentale 2 enfants,2400,1924.1037304898434,0.0,102.82703599999968,0.0
2022,Famille monoparentale 2 enfants,2425,1933.6349804898434,0.0,93.07703599999968,0.0
2022,Famille monoparentale 2 enfants,2450,1943.1662304898434,0.0,83.32703599999968,0.0
2022,Famille monoparentale 2 enfants,2475,1952.6974804898434,0.0,73.57703599999968,0.0
2022,Famille monoparentale 2 enfants,2500,1962.2287304898434,0.0,63.82703599999968,0.0
2022,Famille monoparentale 2 enfants,2525,1971.7599804898434,0.0,54.07703599999968,0.0
2022,Famille monoparentale 2 enfants,2550,1981.2912304898434,0.0,44.32703599999968,0.0
2022,Famille monoparentale 2 enfants,2575,1990.8224804898434,0.0,34.57703599999968,0.0
2022,Famille monoparentale 2 enfants,2600,2000.3537304898434,0.0,24.82703599999968,0.0
2022,Famille monoparentale 2 enfants,2625,2009.8849804898434,0.0,15.07703599999968,0.0
2022,Famille monoparentale 2 enfants,2650,2016.0868329898437,0.0,0.0,0.0
2022,Famille monoparentale 2 enfants,2675,2031.7118329898437,0.0,0.0,0.0
2022,Famille monoparentale 2 enfants,2700,2047.3368329898437,0.0,0.0,0.0
2022,Famille monoparentale 2 enfants,2725,2062.9618329898435,0.0,0.0,0.0
2022,Famille monoparentale 2 enfants,2750,2078.5868329898435,0.0,0.0,0.0
2022,Famille monoparentale 2 enfants,2775,2094.2118329898435,0.0,0.0,0.0
2022,Famille monoparentale 2 enfants,2800,2109.8368329898435,0.0,0.0,0.0
2022,Famille monoparentale 2 enfants,2825,2125.4618329898435,0.0,0.0,0.0
2022,Famille monoparentale 2 enfants,2850,2141.0868329898435,0.0,0.0,0.0
2022,Famille monoparentale 2 enfants,2875,2156.474511696205,0.0,0.0,0.0
2022,Famille monoparentale 2 enfants,2900,2169.892882702166,0.0,0.0,0.0
2022,Famille monoparentale 2 enfants,2925,2183.311253708127,0.0,0.0,0.0
2022,Famille monoparentale 2 enfants,2950,2196.729624714088,0.0,0.0,0.0
2022,Famille monoparentale 2 enfants,2975,2208.998075199537,0.0,0.0,0.0
2022,Famille monoparentale 2 enfants,3000,2208.7403789462232,0.0,0.0,0.0
2022,Famille monoparentale 2 enfants,3025,2208.482682692908,0.0,0.0,0.0
2022,Famille monoparentale 2 enfants,3050,2208.4376589887142,0.0,0.0,0.0
2022,Famille monoparentale 2 enfants,3075,2221.8560299946753,0.0,0.0,0.0
2022,Famille monoparentale 2 enfants,3100,2235.2744010006363,0.0,0.0,0.0
2022,Famille monoparentale 2 enfants,3125,2248.6927720065974,0.0,0.0,0.0
2022,Famille monoparentale 2 enfants,3150,2262.1111430125584,0.0,0.0,0.0
2022,Famille monoparentale 2 enfants,3175,2275.5295140185194,0.0,0.0,0.0
2022,Famille monoparentale 2 enfants,3200,2288.9478850244805,0.0,0.0,0.0
2022,Famille monoparentale 2 enfants,3225,2302.366256030442,0.0,0.0,0.0
2022,Famille monoparentale 2 enfants,3250,2315.784627036403,0.0,0.0,0.0
2022,Famille monoparentale 2 enfants,3275,2329.202998042364,0.0,0.0,0.0
2022,Famille monoparentale 2 enfants,3300,2342.621369048325,0.0,0.0,0.0
2022,Famille monoparentale 2 enfants,3325,2356.0397400542865,0.0,0.0,0.0
2022,Famille monoparentale 2 enfants,3350,2369.4581110602476,0.0,0.0,0.0
2022,Famille monoparentale 2 enfants,3375,2382.8764820662086,0.0,0.0,0.0
2022,Famille monoparentale 2 enfants,3400,2396.2948530721696,0.0,0.0,0.0
2022,Famille monoparentale 2 enfants,3425,2409.7132240781307,0.0,0.0,0.0
2022,Famille monoparentale 2 enfants,3450,2423.1315950840917,0.0,0.0,0.0
2022,Famille monoparentale 2 enfants,3475,2436.5499660900527,0.0,0.0,0.0
2022,Famille monoparentale 2 enfants,3500,2449.9683370960142,0.0,0.0,0.0
2022,Famille monoparentale 3 enfants,0,1116.6808121005952,474.235465,0.0,516.15625
2022,Famille monoparentale 3 enfants,25,1126.821953052976,449.235465,21.29639599999996,516.15625
2022,Famille monoparentale 3 enfants,50,1134.0838578148807,424.235465,36.54639599999996,516.15625
2022,Famille monoparentale 3 enfants,75,1141.3457625767855,399.235465,51.79639599999996,516.15625
2022,Famille monoparentale 3 enfants,100,1148.6076673386901,374.235465,67.04639599999996,516.15625
2022,Famille monoparentale 3 enfants,125,1155.869572100595,349.235465,82.29639599999996,516.15625
2022,Famille monoparentale 3 enfants,150,1163.1314768624998,324.235465,97.54639599999996,516.15625
2022,Famille monoparentale 3 enfants,175,1170.3933816244046,299.235465,112.79639599999996,516.15625
2022,Famille monoparentale 3 enfants,200,1177.6552863863092,274.235465,128.04639599999996,516.15625
2022,Famille monoparentale 3 enfants,225,1184.917191148214,249.23546499999998,143.29639599999996,516.15625
2022,Famille monoparentale 3 enfants,250,1192.1790959101188,224.23546499999998,158.54639599999996,516.15625
2022,Famille monoparentale 3 enfants,275,1199.4410006720236,199.23546499999998,173.79639599999996,516.15625
2022,Famille monoparentale 3 enfants,300,1206.7029054339282,174.23546499999998,189.04639599999996,516.15625
2022,Famille monoparentale 3 enfants,325,1213.964810195833,149.23546499999998,204.29639599999996,516.15625
2022,Famille monoparentale 3 enfants,350,1221.2267149577378,124.23546499999998,219.54639599999996,516.15625
2022,Famille monoparentale 3 enfants,375,1228.4886197196427,99.23546499999998,234.79639599999996,516.15625
2022,Famille monoparentale 3 enfants,400,1235.7505244815472,74.23546499999998,250.04639599999996,516.15625
2022,Famille monoparentale 3 enfants,425,1236.2267149577378,49.23546499999998,265.29639599999996,516.15625
2022,Famille monoparentale 3 enfants,450,1243.4886197196427,24.235464999999976,280.54639599999996,516.15625
2022,Famille monoparentale 3 enfants,475,1250.7505244815472,0.0,295.03186099999994,516.15625
2022,Famille monoparentale 3 enfants,500,1258.012429243452,0.0,285.28186099999994,516.15625
2022,Famille monoparentale 3 enfants,525,1265.2743340053569,0.0,275.53186099999994,516.15625
2022,Famille monoparentale 3 enfants,550,1272.5362387672617,0.0,265.78186099999994,516.15625
2022,Famille monoparentale 3 enfants,575,1279.7981435291663,0.0,256.03186099999994,516.15625
2022,Famille monoparentale 3 enfants,600,1287.060048291071,0.0,246.28186099999994,516.15625
2022,Famille monoparentale 3 enfants,625,1294.321953052976,0.0,236.53186099999994,516.15625
2022,Famille monoparentale 3 enfants,650,1302.9770581041153,0.0,229.70758160739206,516.15625
2022,Famille monoparentale 3 enfants,675,1313.3138396019403,0.0,226.41482275282533,516.15625
2022,Famille monoparentale 3 enfants,700,1323.6506210997659,0.0,223.12206389825906,516.15625
2022,Famille monoparentale 3 enfants,725,1333.9874025975917,0.0,219.82930504369233,516.15625
2022,Famille monoparentale 3 enfants,750,1344.3241840954172,0.0,216.53654618912606,516.15625
2022,Famille monoparentale 3 enfants,775,1354.6609655932423,0.0,213.24378733455933,516.15625
2022,Famille monoparentale 3 enfants,800,1364.9977470910678,0.0,209.95102847999306,516.15625
2022,Famille monoparentale 3 enfants,825,1375.3345285888934,0.0,206.65826962542633,516.15625
2022,Famille monoparentale 3 enfants,850,1383.6780285559641,0.0,203.36551077086006,511.9703587854151
2022,Famille monoparentale 3 enfants,875,1391.1062602538652,0.0,200.07275191629333,505.8624042055744
2022,Famille monoparentale 3 enfants,900,1398.534491951767,0.0,196.77999306172705,499.7544496257337
2022,Famille monoparentale 3 enfants,925,1405.962723649668,0.0,193.48723420716033,493.64649504589295
2022,Famille monoparentale 3 enfants,950,1413.3909553475692,0.0,190.1944753525936,487.5385404660522
2022,Famille monoparentale 3 enfants,975,1420.8191870454707,0.0,186.90171649802733,481.43058588621153
2022,Famille monoparentale 3 enfants,1000,1428.2474187433722,0.0,183.60895764346105,475.3226313063708
2022,Famille monoparentale 3 enfants,1025,1435.6756504412733,0.0,180.31619878889433,469.21467672653006
2022,Famille monoparentale 3 enfants,1050,1443.1038821391746,0.0,177.0234399343276,463.1067221466893
2022,Famille monoparentale 3 enfants,1075,1450.5321138370762,0.0,173.73068107976133,456.9987675668486
2022,Famille monoparentale 3 enfants,1100,1457.9603455349773,0.0,170.43792222519505,450.89081298700785
2022,Famille monoparentale 3 enfants,1125,1465.3885772328786,0.0,167.14516337062832,444.7828584071671
2022,Famille monoparentale 3 enfants,1150,1472.8168089307799,0.0,163.8524045160616,438.6749038273264
2022,Famille monoparentale 3 enfants,1175,1480.2450406286812,0.0,160.55964566149532,432.56694924748564
2022,Famille monoparentale 3 enfants,1200,1487.6732723265827,0.0,157.26688680692905,426.4589946676449
2022,Famille monoparentale 3 enfants,1225,1487.3634087863886,0.0,153.97412795236232,420.3510400878042
2022,Famille monoparentale 3 enfants,1250,1494.79164048429,0.0,150.6813690977956,414.2430855079635
2022,Famille monoparentale 3 enfants,1275,1502.2198721821915,0.0,147.38861024322932,408.13513092812275
2022,Famille monoparentale 3 enfants,1300,1509.5462036950148,0.0,143.8818609999994,402.02717634828207
2022,Famille monoparentale 3 enfants,1325,1513.8995586569954,0.0,134.1318609999994,395.9192217684413
2022,Famille monoparentale 3 enfants,1350,1518.252913618976,0.0,124.38186099999939,389.8112671886005
2022,Famille monoparentale 3 enfants,1375,1522.6062685809566,0.0,114.63186099999939,383.7033126087598
2022,Famille monoparentale 3 enfants,1400,1526.9596235429372,0.0,104.88186099999939,377.59535802891907
2022,Famille monoparentale 3 enfants,1425,1531.3129785049177,0.0,95.13186099999939,371.48740344907833
2022,Famille monoparentale 3 enfants,1450,1535.6663334668983,0.0,85.38186099999939,365.37944886923765
2022,Famille monoparentale 3 enfants,1475,1540.0196884288791,0.0,75.63186099999939,359.2714942893969
2022,Famille monoparentale 3 enfants,1500,1544.3730433908597,0.0,65.88186099999939,353.1635397095562
2022,Famille monoparentale 3 enfants,1525,1548.7263983528403,0.0,56.13186099999939,347.05558512971544
2022,Famille monoparentale 3 enfants,1550,1553.0797533148207,0.0,46.38186099999939,340.94763054987476
2022,Famille monoparentale 3 enfants,1575,1557.4331082768012,0.0,36.63186099999939,334.8396759700339
2022,Famille monoparentale 3 enfants,1600,1561.786463238782,0.0,26.88186099999939,328.7317213901932
2022,Famille monoparentale 3 enfants,1625,1566.1398182007626,0.0,17.13186099999939,322.6237668103525
2022,Famille monoparentale 3 enfants,1650,1566.9780012579815,0.0,0.0,316.5158122305117
2022,Famille monoparentale 3 enfants,1675,1575.9742133628195,0.0,0.0,310.4078576506711
2022,Famille monoparentale 3 enfants,1700,1584.9704254676572,0.0,0.0,304.2999030708304
2022,Famille monoparentale 3 enfants,1725,1593.9666375724948,0.0,0.0,298.19194849098966
2022,Famille monoparentale 3 enfants,1750,1602.9628496773325,0.0,0.0,292.08399391114887
2022,Famille monoparentale 3 enfants,1775,1611.9590617821705,0.0,0.0,285.97603933130813
2022,Famille monoparentale 3 enfants,1800,1620.955273887008,0.0,0.0,279.86808475146745
2022,Famille monoparentale 3 enfants,1825,1629.9514859918459,0.0,0.0,273.76013017162666
2022,Famille monoparentale 3 enfants,1850,1638.9476980966836,0.0,0.0,267.6521755917859
2022,Famille monoparentale 3 enfants,1875,1647.9439102015212,0.0,0.0,261.54422101194524
2022,Famille monoparentale 3 enfants,1900,1656.9401223063592,0.0,0.0,255.4362664321045
2022,Famille monoparentale 3 enfants,1925,1665.9363344111969,0.0,0.0,249.32831185226377
2022,Famille monoparentale 3 enfants,1950,1674.9325465160346,0.0,0.0,243.22035727242312
2022,Famille monoparentale 3 enfants,1975,1683.9287586208723,0.0,0.0,237.1124026925823
2022,Famille monoparentale 3 enfants,2000,1692.9249707257102,0.0,0.0,231.00444811274156
2022,Famille monoparentale 3 enfants,2025,1701.9211828305477,0.0,0.0,224.89649353290085
2022,Famille monoparentale 3 enfants,2050,1710.9173949353858,0.0,0.0,218.7885389530601
2022,Famille monoparentale 3 enfants,2075,1719.9136070402233,0.0,0.0,212.68058437321935
2022,Famille monoparentale 3 enfants,2100,1728.909819145061,0.0,0.0,206.57262979337864
2022,Famille monoparentale 3 enfants,2125,1737.906031249899,0.0,0.0,200.46467521353802
2022,Famille monoparentale 3 enfants,2150,1746.9022433547366,0.0,0.0,194.3567206336972
2022,Famille monoparentale 3 enfants,2175,1755.8984554595743,0.0,0.0,188.2487660538565
2022,Famille monoparentale 3 enfants,2200,1764.8946675644122,0.0,0.0,182.1408114740158
2022,Famille monoparentale 3 enfants,2225,1769.486117764488,0.0,0.0,176.03285689417498
2022,Famille monoparentale 3 enfants,2250,1778.4823298693257,0.0,0.0,169.92490231433425
2022,Famille monoparentale 3 enfants,2275,1787.4785419741636,0.0,0.0,163.81694773449354
2022,Famille monoparentale 3 enfants,2300,1753.1310800575727,0.0,0.0,157.70899315465286
2022,Famille monoparentale 3 enfants,2325,1762.1272921624104,0.0,0.0,151.60103857481204
2022,Famille monoparentale 3 enfants,2350,1771.123504267248,0.0,0.0,145.49308399497144
2022,Famille monoparentale 3 enfants,2375,1780.119716372086,0.0,0.0,139.3851294151307
2022,Famille monoparentale 3 enfants,2400,1789.1159284769235,0.0,0.0,133.27717483528994
2022,Famille monoparentale 3 enfants,2425,1798.1121405817617,0.0,0.0,127.16922025544922
2022,Famille monoparentale 3 enfants,2450,1807.1083526865991,0.0,0.0,121.0612656756085
2022,Famille monoparentale 3 enfants,2475,1816.1045647914368,0.0,0.0,114.95331109576766
2022,Famille monoparentale 3 enfants,2500,1825.1007768962747,0.0,0.0,108.84535651592695
2022,Famille monoparentale 3 enfants,2525,1834.0969890011124,0.0,0.0,102.73740193608629
2022,Famille monoparentale 3 enfants,2550,1843.0932011059501,0.0,0.0,96.62944735624556
2022,Famille monoparentale 3 enfants,2575,1852.0894132107878,0.0,0.0,90.52149277640484
2022,Famille monoparentale 3 enfants,2600,1861.0856253156257,0.0,0.0,84.41353819656412
2022,Famille monoparentale 3 enfants,2625,1870.0818374204632,0.0,0.0,78.30558361672335
2022,Famille monoparentale 3 enfants,2650,1879.0780495253011,0.0,0.0,72.19762903688263
2022,Famille monoparentale 3 enfants,2675,1888.0742616301388,0.0,0.0,66.08967445704191
2022,Famille monoparentale 3 enfants,2700,1897.0704737349765,0.0,0.0,59.98171987720108
2022,Famille monoparentale 3 enfants,2725,1906.0666858398145,0.0,0.0,53.87376529736036
2022,Famille monoparentale 3 enfants,2750,1915.062897944652,0.0,0.0,47.765810717519635
2022,Famille monoparentale 3 enfants,2775,1924.0591100494898,0.0,0.0,41.65785613767892
2022,Famille monoparentale 3 enfants,2800,1933.0553221543275,0.0,0.0,35.54990155783808
2022,Famille monoparentale 3 enfants,2825,1942.0515342591655,0.0,0.0,29.44194697799748
2022,Famille monoparentale 3 enfants,2850,1951.047746364003,0.0,0.0,23.33399239815676
2022,Famille monoparentale 3 enfants,2875,1960.0439584688406,0.0,0.0,17.22603781831604
2022,Famille monoparentale 3 enfants,2900,1969.0401705736786,0.0,0.0,11.11808323847532
2022,Famille monoparentale 3 enfants,2925,1975.6506071267856,0.0,0.0,0.0
2022,Famille monoparentale 3 enfants,2950,1987.5553690315476,0.0,0.0,0.0
2022,Famille monoparentale 3 enfants,2975,1999.4601309363093,0.0,0.0,0.0
2022,Famille monoparentale 3 enfants,3000,2011.3648928410712,0.0,0.0,0.0
2022,Famille monoparentale 3 enfants,3025,2023.2696547458331,0.0,0.0,0.0
2022,Famille monoparentale 3 enfants,3050,2035.174416650595,0.0,0.0,0.0
2022,Famille monoparentale 3 enfants,3075,2047.079178555357,0.0,0.0,0.0
2022,Famille monoparentale 3 enfants,3100,2058.983940460119,0.0,0.0,0.0
2022,Famille monoparentale 3 enfants,3125,2070.888702364881,0.0,0.0,0.0
2022,Famille monoparentale 3 enfants,3150,2082.7934642696428,0.0,0.0,0.0
2022,Famille monoparentale 3 enfants,3175,2094.6982261744047,0.0,0.0,0.0
2022,Famille monoparentale 3 enfants,3200,2106.6029880791666,0.0,0.0,0.0
2022,Famille monoparentale 3 enfants,3225,2118.5077499839285,0.0,0.0,0.0
2022,Famille monoparentale 3 enfants,3250,2130.4125118886905,0.0,0.0,0.0
2022,Famille monoparentale 3 enfants,3275,2142.3172737934524,0.0,0.0,0.0
2022,Famille monoparentale 3 enfants,3300,2154.2220356982143,0.0,0.0,0.0
2022,Famille monoparentale 3 enfants,3325,2166.1267976029762,0.0,0.0,0.0
2022,Famille monoparentale 3 enfants,3350,2178.031559507738,0.0,0.0,0.0
2022,Famille monoparentale 3 enfants,3375,2189.9363214124996,0.0,0.0,0.0
2022,Famille monoparentale 3 enfants,3400,2201.8410833172616,0.0,0.0,0.0
2022,Famille monoparentale 3 enfants,3425,2213.7458452220235,0.0,0.0,0.0
2022,Famille monoparentale 3 enfants,3450,2225.6506071267854,0.0,0.0,0.0
2022,Famille monoparentale 3 enfants,3475,2237.5553690315473,0.0,0.0,0.0
2022,Famille monoparentale 3 enfants,3500,2249.4601309363093,0.0,0.0,0.0
2022,Couple mono-actif sans enfant,0,730.6883000000001,754.1604,0.0,341.87205000000006
2022,Couple mono-actif sans enfant,25,730.6883000000001,729.1604,0.0,341.87205000000006
2022,Couple mono-actif sans enfant,50,730.6883000000001,704.1604,0.0,341.87205000000006
2022,Couple mono-actif sans enfant,75,730.6883000000001,679.1604,0.0,341.87205000000006
2022,Couple mono-actif sans enfant,100,742.0725666666667,654.1604,17.076400000000035,341.87205000000006
2022,Couple mono-actif sans enfant,125,752.2392333333333,629.1604,32.326400000000035,341.87205000000006
2022,Couple mono-actif sans enfant,150,762.4059000000001,604.1604,47.576400000000035,341.87205000000006
2022,Couple mono-actif sans enfant,175,772.5725666666667,579.1604,62.826400000000035,341.87205000000006
2022,Couple mono-actif sans enfant,200,782.7392333333333,554.1604,78.07640000000004,341.87205000000006
2022,Couple mono-actif sans enfant,225,792.9059000000001,529.1604,93.32640000000004,341.87205000000006
2022,Couple mono-actif sans enfant,250,803.0725666666667,504.1604,108.57640000000004,341.87205000000006
2022,Couple mono-actif sans enfant,275,813.2392333333333,479.1604,123.82640000000004,341.87205000000006
2022,Couple mono-actif sans enfant,300,823.4059000000001,454.1604,139.07640000000004,341.87205000000006
2022,Couple mono-actif sans enfant,325,833.5725666666667,429.1604,154.32640000000004,341.87205000000006
2022,Couple mono-actif sans enfant,350,843.7392333333333,404.1604,169.57640000000004,341.87205000000006
2022,Couple mono-actif sans enfant,375,853.9059000000001,379.1604,184.82640000000004,341.87205000000006
2022,Couple mono-actif sans enfant,400,864.0725666666667,354.1604,200.07640000000004,341.87205000000006
2022,Couple mono-actif sans enfant,425,874.2392333333333,329.1604,215.32640000000004,341.87205000000006
2022,Couple mono-actif sans enfant,450,884.4059000000001,304.1604,230.57640000000004,341.87205000000006
2022,Couple mono-actif sans enfant,475,894.5725666666667,279.1604,245.82640000000004,341.87205000000006
2022,Couple mono-actif sans enfant,500,904.7392333333333,254.16039999999998,261.07640000000004,341.87205000000006
2022,Couple mono-actif sans enfant,525,914.9059000000001,229.16039999999998,276.3263999999999,341.87205000000006
2022,Couple mono-actif sans enfant,550,925.0725666666667,204.16039999999998,291.5763999999999,341.87205000000006
2022,Couple mono-actif sans enfant,575,935.2392333333333,179.16039999999998,306.8263999999999,341.87205000000006
2022,Couple mono-actif sans enfant,600,945.4059000000001,154.16039999999998,322.0763999999999,341.87205000000006
2022,Couple mono-actif sans enfant,625,955.5725666666667,129.16039999999998,337.3263999999999,341.87205000000006
2022,Couple mono-actif sans enfant,650,967.6897137382615,104.16039999999998,355.50212060739204,341.87205000000006
2022,Couple mono-actif sans enfant,675,977.9775869837576,79.16039999999998,377.20936175282554,335.596618722811
2022,Couple mono-actif sans enfant,700,986.3719081294248,54.16039999999998,398.91660289825904,326.4808592958781
2022,Couple mono-actif sans enfant,725,994.7662292750919,29.16039999999998,420.62384404369254,317.3650998689452
2022,Couple mono-actif sans enfant,750,1000.3869504207588,0.0,442.33108518912604,308.2493404420123
2022,Couple mono-actif sans enfant,775,1011.554871566426,0.0,443.1987263345595,299.1335810150794
2022,Couple mono-actif sans enfant,800,1019.9491927120929,0.0,439.905967479993,290.0178215881464
2022,Couple mono-actif sans enfant,825,1028.34351385776,0.0,436.6132086254265,280.90206216121345
2022,Couple mono-actif sans enfant,850,1036.737835003427,0.0,433.32044977086,271.7863027342806
2022,Couple mono-actif sans enfant,875,1045.132156149094,0.0,430.0276909162935,262.67054330734766
2022,Couple mono-actif sans enfant,900,1053.5264772947612,0.0,426.734932061727,253.5547838804147
2022,Couple mono-actif sans enfant,925,1061.9207984404281,0.0,423.4421732071605,244.43902445348178
2022,Couple mono-actif sans enfant,950,1070.3151195860953,0.0,420.149414352594,235.32326502654888
2022,Couple mono-actif sans enfant,975,1078.7094407317625,0.0,416.8566554980275,226.20750559961598
2022,Couple mono-actif sans enfant,1000,1087.1037618774292,0.0,413.563896643461,217.091746172683
2022,Couple mono-actif sans enfant,1025,1095.4980830230963,0.0,410.2711377888945,207.9759867457501
2022,Couple mono-actif sans enfant,1050,1103.8924041687635,0.0,406.978378934328,198.86022731881715
2022,Couple mono-actif sans enfant,1075,1112.2867253144304,0.0,403.6856200797615,189.74446789188423
2022,Couple mono-actif sans enfant,1100,1120.6810464600976,0.0,400.392861225195,180.62870846495136
2022,Couple mono-actif sans enfant,1125,1129.0753676057645,0.0,397.1001023706285,171.5129490380184
2022,Couple mono-actif sans enfant,1150,1137.4696887514317,0.0,393.807343516062,162.3971896110855
2022,Couple mono-actif sans enfant,1175,1145.8640098970989,0.0,390.5145846614955,153.28143018415258
2022,Couple mono-actif sans enfant,1200,1154.2583310427658,0.0,387.221825806929,144.16567075721963
2022,Couple mono-actif sans enfant,1225,1162.8081779682418,0.0,384.1623556220759,135.04991133028673
2022,Couple mono-actif sans enfant,1250,1177.2796720651975,0.0,389.9853561944424,125.93415190335375
2022,Couple mono-actif sans enfant,1275,1191.7511661621531,0.0,395.80835676680886,116.81839247642084
2022,Couple mono-actif sans enfant,1300,1206.08,0.0,401.4173669505119,107.70263304948794
2022,Couple mono-actif sans enfant,1325,1216.2466666666667,0.0,400.7831263774449,98.58687362255499
2022,Couple mono-actif sans enfant,1350,1226.4133333333332,0.0,400.14888580437787,89.47111419562204
2022,Couple mono-actif sans enfant,1375,1236.58,0.0,399.51464523131085,80.35535476868914
2022,Couple mono-actif sans enfant,1400,1246.7466666666667,0.0,398.8804046582436,71.2395953417562
2022,Couple mono-actif sans enfant,1425,1256.9133333333332,0.0,398.2461640851766,62.1238359148233
2022,Couple mono-actif sans enfant,1450,1267.08,0.0,397.61192351210934,53.00807648789046
2022,Couple mono-actif sans enfant,1475,1277.2466666666667,0.0,396.9776829390423,43.89231706095746
2022,Couple mono-actif sans enfant,1500,1287.4133333333332,0.0,396.3434423659753,34.77655763402456
2022,Couple mono-actif sans enfant,1525,1297.58,0.0,395.7092017929083,25.660798207091613
2022,Couple mono-actif sans enfant,1550,1307.7466666666667,0.0,395.07496121984127,16.54503878015872
2022,Couple mono-actif sans enfant,1575,1317.9133333333332,0.0,401.8699999999999,0.0
2022,Couple mono-actif sans enfant,1600,1328.08,0.0,392.1199999999999,0.0
2022,Couple mono-actif sans enfant,1625,1338.2466666666667,0.0,382.3699999999999,0.0
2022,Couple mono-actif sans enfant,1650,1348.4133333333332,0.0,372.6199999999999,0.0
2022,Couple mono-actif sans enfant,1675,1358.58,0.0,362.8699999999999,0.0
2022,Couple mono-actif sans enfant,1700,1368.7466666666667,0.0,353.1199999999999,0.0
2022,Couple mono-actif sans enfant,1725,1378.9133333333332,0.0,343.3699999999999,0.0
2022,Couple mono-actif sans enfant,1750,1389.08,0.0,333.6199999999999,0.0
2022,Couple mono-actif sans enfant,1775,1399.2466666666667,0.0,323.8699999999999,0.0
2022,Couple mono-actif sans enfant,1800,1409.4133333333332,0.0,314.1199999999999,0.0
2022,Couple mono-actif sans enfant,1825,1419.58,0.0,304.3699999999999,0.0
2022,Couple mono-actif sans enfant,1850,1429.7466666666667,0.0,294.6199999999999,0.0
2022,Couple mono-actif sans enfant,1875,1439.9133333333332,0.0,284.8699999999999,0.0
2022,Couple mono-actif sans enfant,1900,1450.08,0.0,275.1199999999999,0.0
2022,Couple mono-actif sans enfant,1925,1460.2466666666667,0.0,265.3699999999999,0.0
2022,Couple mono-actif sans enfant,1950,1470.4133333333332,0.0,255.6199999999999,0.0
2022,Couple mono-actif sans enfant,1975,1480.58,0.0,245.8699999999999,0.0
2022,Couple mono-actif sans enfant,2000,1490.7466666666667,0.0,236.1199999999999,0.0
2022,Couple mono-actif sans enfant,2025,1500.9133333333332,0.0,226.3699999999999,0.0
2022,Couple mono-actif sans enfant,2050,1511.08,0.0,216.6199999999999,0.0
2022,Couple mono-actif sans enfant,2075,1521.2466666666667,0.0,206.8699999999999,0.0
2022,Couple mono-actif sans enfant,2100,1531.4133333333332,0.0,197.1199999999999,0.0
2022,Couple mono-actif sans enfant,2125,1541.58,0.0,187.3699999999999,0.0
2022,Couple mono-actif sans enfant,2150,1551.7466666666667,0.0,177.6199999999999,0.0
2022,Couple mono-actif sans enfant,2175,1561.9133333333332,0.0,167.8699999999999,0.0
2022,Couple mono-actif sans enfant,2200,1572.08,0.0,158.1199999999999,0.0
2022,Couple mono-actif sans enfant,2225,1582.2466666666667,0.0,148.3699999999999,0.0
2022,Couple mono-actif sans enfant,2250,1592.4133333333332,0.0,138.6199999999999,0.0
2022,Couple mono-actif sans enfant,2275,1602.58,0.0,128.8699999999999,0.0
2022,Couple mono-actif sans enfant,2300,1612.7466666666667,0.0,119.11999999999989,0.0
2022,Couple mono-actif sans enfant,2325,1622.9133333333332,0.0,109.36999999999989,0.0
2022,Couple mono-actif sans enfant,2350,1633.08,0.0,99.61999999999989,0.0
2022,Couple mono-actif sans enfant,2375,1643.2466666666667,0.0,89.86999999999989,0.0
2022,Couple mono-actif sans enfant,2400,1653.4133333333332,0.0,80.11999999999989,0.0
2022,Couple mono-actif sans enfant,2425,1663.58,0.0,70.36999999999989,0.0
2022,Couple mono-actif sans enfant,2450,1673.7466666666667,0.0,60.61999999999989,0.0
2022,Couple mono-actif sans enfant,2475,1683.9133333333332,0.0,50.86999999999989,0.0
2022,Couple mono-actif sans enfant,2500,1694.08,0.0,41.11999999999989,0.0
2022,Couple mono-actif sans enfant,2525,1704.2466666666667,0.0,31.36999999999989,0.0
2022,Couple mono-actif sans enfant,2550,1714.4133333333332,0.0,21.61999999999989,0.0
2022,Couple mono-actif sans enfant,2575,1716.6666666666667,0.0,0.0,0.0
2022,Couple mono-actif sans enfant,2600,1733.3333333333333,0.0,0.0,0.0
2022,Couple mono-actif sans enfant,2625,1750.0,0.0,0.0,0.0
2022,Couple mono-actif sans enfant,2650,1766.6666666666667,0.0,0.0,0.0
2022,Couple mono-actif sans enfant,2675,1782.0979774803616,0.0,0.0,0.0
2022,Couple mono-actif sans enfant,2700,1796.4109065533867,0.0,0.0,0.0
2022,Couple mono-actif sans enfant,2725,1810.7238356264122,0.0,0.0,0.0
2022,Couple mono-actif sans enfant,2750,1825.0367646994373,0.0,0.0,0.0
2022,Couple mono-actif sans enfant,2775,1839.3496937724624,0.0,0.0,0.0
2022,Couple mono-actif sans enfant,2800,1853.6626228454877,0.0,0.0,0.0
2022,Couple mono-actif sans enfant,2825,1867.9755519185128,0.0,0.0,0.0
2022,Couple mono-actif sans enfant,2850,1882.2884809915379,0.0,0.0,0.0
2022,Couple mono-actif sans enfant,2875,1896.6014100645632,0.0,0.0,0.0
2022,Couple mono-actif sans enfant,2900,1910.9143391375883,0.0,0.0,0.0
2022,Couple mono-actif sans enfant,2925,1925.2272682106134,0.0,0.0,0.0
2022,Couple mono-actif sans enfant,2950,1939.5401972836387,0.0,0.0,0.0
2022,Couple mono-actif sans enfant,2975,1953.8531263566638,0.0,0.0,0.0
2022,Couple mono-actif sans enfant,3000,1968.1660554296893,0.0,0.0,0.0
2022,Couple mono-actif sans enfant,3025,1982.4789845027142,0.0,0.0,0.0
2022,Couple mono-actif sans enfant,3050,1996.7919135757395,0.0,0.0,0.0
2022,Couple mono-actif sans enfant,3075,2011.1048426487648,0.0,0.0,0.0
2022,Couple mono-actif sans enfant,3100,2025.41777172179,0.0,0.0,0.0
2022,Couple mono-actif sans enfant,3125,2039.730700794815,0.0,0.0,0.0
2022,Couple mono-actif sans enfant,3150,2054.04362986784,0.0,0.0,0.0
2022,Couple mono-actif sans enfant,3175,2068.3565589408654,0.0,0.0,0.0
2022,Couple mono-actif sans enfant,3200,2082.6694880138907,0.0,0.0,0.0
2022,Couple mono-actif sans enfant,3225,2096.9824170869156,0.0,0.0,0.0
2022,Couple mono-actif sans enfant,3250,2111.295346159941,0.0,0.0,0.0
2022,Couple mono-actif sans enfant,3275,2125.608275232966,0.0,0.0,0.0
2022,Couple mono-actif sans enfant,3300,2139.921204305991,0.0,0.0,0.0
2022,Couple mono-actif sans enfant,3325,2154.234133379017,0.0,0.0,0.0
2022,Couple mono-actif sans enfant,3350,2168.5470624520417,0.0,0.0,0.0
2022,Couple mono-actif sans enfant,3375,2182.859991525067,0.0,0.0,0.0
2022,Couple mono-actif sans enfant,3400,2197.1729205980923,0.0,0.0,0.0
2022,Couple mono-actif sans enfant,3425,2211.485849671117,0.0,0.0,0.0
2022,Couple mono-actif sans enfant,3450,2225.7987787441425,0.0,0.0,0.0
2022,Couple mono-actif sans enfant,3475,2240.111707817168,0.0,0.0,0.0
2022,Couple mono-actif sans enfant,3500,2254.4246368901927,0.0,0.0,0.0
2022,Couple mono-actif avec enfant(s),0,781.362246475595,938.6332199999997,0.0,455.50104999999996
2022,Couple mono-actif avec enfant(s),25,781.362246475595,913.6332199999997,0.0,455.50104999999996
2022,Couple mono-actif avec enfant(s),50,781.362246475595,888.6332199999997,0.0,455.50104999999996
2022,Couple mono-actif avec enfant(s),75,781.362246475595,863.6332199999997,0.0,455.50104999999996
2022,Couple mono-actif avec enfant(s),100,781.362246475595,838.6332199999997,0.0,455.50104999999996
2022,Couple mono-actif avec enfant(s),125,781.362246475595,813.6332199999997,0.0,455.50104999999996
2022,Couple mono-actif avec enfant(s),150,795.0038750470237,788.6332199999997,28.64742000000024,455.50104999999996
2022,Couple mono-actif avec enfant(s),175,802.2657798089285,763.6332199999997,43.89742000000024,455.50104999999996
2022,Couple mono-actif avec enfant(s),200,809.5276845708332,738.6332199999997,59.14742000000024,455.50104999999996
2022,Couple mono-actif avec enfant(s),225,816.789589332738,713.6332199999997,74.39742000000024,455.50104999999996
2022,Couple mono-actif avec enfant(s),250,824.0514940946427,688.6332199999997,89.64742000000024,455.50104999999996
2022,Couple mono-actif avec enfant(s),275,831.3133988565476,663.6332199999997,104.89742000000024,455.50104999999996
2022,Couple mono-actif avec enfant(s),300,838.5753036184523,638.6332199999997,120.14742000000024,455.50104999999996
2022,Couple mono-actif avec enfant(s),325,845.8372083803571,613.6332199999997,135.39742000000024,455.50104999999996
2022,Couple mono-actif avec enfant(s),350,853.0991131422619,588.6332199999997,150.64742000000024,455.50104999999996
2022,Couple mono-actif avec enfant(s),375,853.5753036184523,563.6332199999997,165.89742000000024,455.50104999999996
2022,Couple mono-actif avec enfant(s),400,860.8372083803571,538.6332199999997,181.14742000000024,455.50104999999996
2022,Couple mono-actif avec enfant(s),425,868.0991131422619,513.6332199999997,196.39742000000024,455.50104999999996
2022,Couple mono-actif avec enfant(s),450,875.3610179041666,488.6332199999997,211.64742000000024,455.50104999999996
2022,Couple mono-actif avec enfant(s),475,882.6229226660714,463.6332199999997,226.89742000000024,455.50104999999996
2022,Couple mono-actif avec enfant(s),500,889.8848274279761,438.6332199999997,242.14742000000024,455.50104999999996
2022,Couple mono-actif avec enfant(s),525,897.1467321898809,413.6332199999997,257.39742000000024,455.50104999999996
2022,Couple mono-actif avec enfant(s),550,904.4086369517856,388.6332199999997,272.64742000000024,455.50104999999996
2022,Couple mono-actif avec enfant(s),575,911.6705417136905,363.6332199999997,287.89742000000024,455.50104999999996
2022,Couple mono-actif avec enfant(s),600,918.9324464755952,338.6332199999997,303.14742000000024,455.50104999999996
2022,Couple mono-actif avec enfant(s),625,926.1943512375,313.6332199999997,318.39742000000024,455.50104999999996
2022,Couple mono-actif avec enfant(s),650,934.8494562886391,288.6332199999997,336.57314060739236,455.50104999999996
2022,Couple mono-actif avec enfant(s),675,945.1862377864646,263.6332199999997,358.2803817528261,455.50104999999996
2022,Couple mono-actif avec enfant(s),700,955.52301928429,238.6332199999997,379.98762289825936,455.50104999999996
2022,Couple mono-actif avec enfant(s),725,965.8598007821156,213.6332199999997,401.6948640436931,455.50104999999996
2022,Couple mono-actif avec enfant(s),750,976.1965822799408,188.6332199999997,423.40210518912636,455.50104999999996
2022,Couple mono-actif avec enfant(s),775,986.5333637777665,163.6332199999997,445.1093463345601,455.50104999999996
2022,Couple mono-actif avec enfant(s),800,996.870145275592,138.6332199999997,466.81658747999336,455.50104999999996
2022,Couple mono-actif avec enfant(s),825,1004.133899462806,113.63321999999971,488.5238286254271,449.04769264771573
2022,Couple mono-actif avec enfant(s),850,1011.0972657499202,88.63321999999971,510.23106977086036,441.9635207052223
2022,Couple mono-actif avec enfant(s),875,1018.0606320370346,63.63321999999971,531.9383109162941,434.87934876272885
2022,Couple mono-actif avec enfant(s),900,1025.0239983241486,38.63321999999971,553.6455520617274,427.7951768202354
2022,Couple mono-actif avec enfant(s),925,1031.987364611263,13.63321999999971,575.3527932071611,420.7110048777419
2022,Couple mono-actif avec enfant(s),950,1038.9507308983775,0.0,585.6932543525941,413.62683293524844
2022,Couple mono-actif avec enfant(s),975,1045.914097185492,0.0,582.4004954980278,406.54266099275503
2022,Couple mono-actif avec enfant(s),1000,1052.877463472606,0.0,579.1077366434611,399.4584890502615
2022,Couple mono-actif avec enfant(s),1025,1052.102734521625,0.0,575.8149777888948,392.3743171077681
2022,Couple mono-actif avec enfant(s),1050,1059.0661008087393,0.0,572.5222189343281,385.2901451652746
2022,Couple mono-actif avec enfant(s),1075,1066.0294670958538,0.0,569.2294600797618,378.20597322278115
2022,Couple mono-actif avec enfant(s),1100,1072.992833382968,0.0,565.9367012251951,371.12180128028774
2022,Couple mono-actif avec enfant(s),1125,1079.9561996700825,0.0,562.6439423706288,364.0376293377942
2022,Couple mono-actif avec enfant(s),1150,1086.9195659571965,0.0,559.3511835160621,356.9534573953008
2022,Couple mono-actif avec enfant(s),1175,1093.882932244311,0.0,556.0584246614958,349.8692854528074
2022,Couple mono-actif avec enfant(s),1200,1100.8462985314252,0.0,552.7656658069291,342.78511351031386
2022,Couple mono-actif avec enfant(s),1225,1107.8096648185397,0.0,549.4729069523628,335.70094156782045
2022,Couple mono-actif avec enfant(s),1250,1114.7730311056537,0.0,546.1801480977961,328.6167696253269
2022,Couple mono-actif avec enfant(s),1275,1121.736397392768,0.0,542.8873892432293,321.5325976828335
2022,Couple mono-actif avec enfant(s),1300,1128.5978634948046,0.0,539.3806399999999,314.44842574034004
2022,Couple mono-actif avec enfant(s),1325,1132.4863530459984,0.0,529.6306399999999,307.3642537978466
2022,Couple mono-actif avec enfant(s),1350,1136.374842597192,0.0,519.8806399999999,300.28008185535305
2022,Couple mono-actif avec enfant(s),1375,1140.2633321483854,0.0,510.13063999999986,293.19590991285963
2022,Couple mono-actif avec enfant(s),1400,1144.1518216995792,0.0,500.38063999999986,286.1117379703661
2022,Couple mono-actif avec enfant(s),1425,1148.0403112507727,0.0,490.63063999999986,279.0275660278727
2022,Couple mono-actif avec enfant(s),1450,1151.9288008019664,0.0,480.88063999999986,271.9433940853793
2022,Couple mono-actif avec enfant(s),1475,1155.8172903531597,0.0,471.13063999999986,264.85922214288576
2022,Couple mono-actif avec enfant(s),1500,1159.7057799043534,0.0,461.38063999999986,257.77505020039234
2022,Couple mono-actif avec enfant(s),1525,1163.594269455547,0.0,451.63063999999986,250.6908782578989
2022,Couple mono-actif avec enfant(s),1550,1167.4827590067405,0.0,441.88063999999986,243.60670631540543
2022,Couple mono-actif avec enfant(s),1575,1171.3712485579342,0.0,432.13063999999986,236.5225343729119
2022,Couple mono-actif avec enfant(s),1600,1175.2597381091277,0.0,422.38063999999986,229.4383624304185
2022,Couple mono-actif avec enfant(s),1625,1179.1482276603213,0.0,412.63063999999986,222.35419048792502
2022,Couple mono-actif avec enfant(s),1650,1183.0367172115148,0.0,402.88063999999986,215.2700185454315
2022,Couple mono-actif avec enfant(s),1675,1186.9252067627085,0.0,393.13063999999986,208.18584660293814
2022,Couple mono-actif avec enfant(s),1700,1190.813696313902,0.0,383.38063999999986,201.10167466044473
2022,Couple mono-actif avec enfant(s),1725,1194.7021858650955,0.0,373.63063999999986,194.01750271795126
2022,Couple mono-actif avec enfant(s),1750,1198.5906754162893,0.0,363.88063999999986,186.93333077545773
2022,Couple mono-actif avec enfant(s),1775,1202.4791649674828,0.0,354.13063999999986,179.84915883296426
2022,Couple mono-actif avec enfant(s),1800,1206.3676545186765,0.0,344.38063999999986,172.76498689047085
2022,Couple mono-actif avec enfant(s),1825,1211.080975047024,0.0,336.3627850520229,165.68081494797727
2022,Couple mono-actif avec enfant(s),1850,1218.3428798089287,0.0,333.6969569945163,158.59664300548386
2022,Couple mono-actif avec enfant(s),1875,1221.2000226660716,0.0,331.0311289370097,151.5124710629904
2022,Couple mono-actif avec enfant(s),1900,1228.4619274279762,0.0,328.36530087950314,144.42829912049697
2022,Couple mono-actif avec enfant(s),1925,1235.7238321898808,0.0,325.69947282199655,137.3441271780035
2022,Couple mono-actif avec enfant(s),1950,1242.9857369517856,0.0,323.03364476448996,130.2599552355101
2022,Couple mono-actif avec enfant(s),1975,1250.2476417136904,0.0,320.3678167069834,123.17578329301658
2022,Couple mono-actif avec enfant(s),2000,1257.5095464755952,0.0,317.7019886494768,116.09161135052311
2022,Couple mono-actif avec enfant(s),2025,1264.7714512374998,0.0,315.0361605919702,109.00743940802964
2022,Couple mono-actif avec enfant(s),2050,1272.0333559994046,0.0,312.3703325344636,101.92326746553623
2022,Couple mono-actif avec enfant(s),2075,1279.2952607613097,0.0,309.7045044769575,94.8390955230427
2022,Couple mono-actif avec enfant(s),2100,1286.5571655232145,0.0,307.0386764194509,87.75492358054923
2022,Couple mono-actif avec enfant(s),2125,1293.819070285119,0.0,304.3728483619443,80.67075163805588
2022,Couple mono-actif avec enfant(s),2150,1301.080975047024,0.0,301.7070203044377,73.58657969556235
2022,Couple mono-actif avec enfant(s),2175,1308.3428798089287,0.0,299.04119224693113,66.50240775306894
2022,Couple mono-actif avec enfant(s),2200,1315.6047845708333,0.0,296.37536418942454,59.418235810575474
2022,Couple mono-actif avec enfant(s),2225,1322.866689332738,0.0,293.70953613191796,52.33406386808195
2022,Couple mono-actif avec enfant(s),2250,1330.1285940946427,0.0,291.04370807441137,45.24989192558848
2022,Couple mono-actif avec enfant(s),2275,1337.3904988565475,0.0,288.3778800169048,38.165719983095066
2022,Couple mono-actif avec enfant(s),2300,1344.6524036184524,0.0,285.7120519593982,31.0815480406016
2022,Couple mono-actif avec enfant(s),2325,1351.9143083803572,0.0,283.04622390189206,23.997376098108074
2022,Couple mono-actif avec enfant(s),2350,1359.176213142262,0.0,280.3803958443855,16.913204155614718
2022,Couple mono-actif avec enfant(s),2375,1366.4381179041666,0.0,287.54359999999997,0.0
2022,Couple mono-actif avec enfant(s),2400,1373.7000226660714,0.0,277.79359999999997,0.0
2022,Couple mono-actif avec enfant(s),2425,1380.961927427976,0.0,268.04359999999997,0.0
2022,Couple mono-actif avec enfant(s),2450,1388.2238321898808,0.0,258.29359999999997,0.0
2022,Couple mono-actif avec enfant(s),2475,1395.4857369517856,0.0,248.54359999999997,0.0
2022,Couple mono-actif avec enfant(s),2500,1402.7476417136904,0.0,238.79359999999997,0.0
2022,Couple mono-actif avec enfant(s),2525,1410.009546475595,0.0,229.04359999999997,0.0
2022,Couple mono-actif avec enfant(s),2550,1417.2714512374998,0.0,219.29359999999997,0.0
2022,Couple mono-actif avec enfant(s),2575,1424.5333559994046,0.0,209.54359999999997,0.0
2022,Couple mono-actif avec enfant(s),2600,1431.7952607613095,0.0,199.79359999999997,0.0
2022,Couple mono-actif avec enfant(s),2625,1439.0571655232143,0.0,190.04359999999997,0.0
2022,Couple mono-actif avec enfant(s),2650,1446.3190702851189,0.0,180.29359999999997,0.0
2022,Couple mono-actif avec enfant(s),2675,1453.5809750470237,0.0,170.54359999999997,0.0
2022,Couple mono-actif avec enfant(s),2700,1460.8428798089285,0.0,160.79359999999997,0.0
2022,Couple mono-actif avec enfant(s),2725,1468.1047845708333,0.0,151.04359999999997,0.0
2022,Couple mono-actif avec enfant(s),2750,1475.366689332738,0.0,141.29359999999997,0.0
2022,Couple mono-actif avec enfant(s),2775,1482.6285940946427,0.0,131.54359999999997,0.0
2022,Couple mono-actif avec enfant(s),2800,1489.8904988565475,0.0,121.79359999999997,0.0
2022,Couple mono-actif avec enfant(s),2825,1497.1524036184524,0.0,112.04359999999997,0.0
2022,Couple mono-actif avec enfant(s),2850,1504.414308380357,0.0,102.29359999999997,0.0
2022,Couple mono-actif avec enfant(s),2875,1511.6762131422618,0.0,92.54359999999997,0.0
2022,Couple mono-actif avec enfant(s),2900,1518.9381179041666,0.0,82.79359999999997,0.0
2022,Couple mono-actif avec enfant(s),2925,1526.2000226660714,0.0,73.04359999999997,0.0
2022,Couple mono-actif avec enfant(s),2950,1533.461927427976,0.0,63.29359999999997,0.0
2022,Couple mono-actif avec enfant(s),2975,1539.8477022694908,0.0,53.54359999999997,0.0
2022,Couple mono-actif avec enfant(s),3000,1536.6897462624238,0.0,43.79359999999997,0.0
2022,Couple mono-actif avec enfant(s),3025,1533.531790255356,0.0,34.04359999999997,0.0
2022,Couple mono-actif avec enfant(s),3050,1530.5358704761904,0.0,24.29359999999997,0.0
2022,Couple mono-actif avec enfant(s),3075,1530.8722514285714,0.0,0.0,0.0
2022,Couple mono-actif avec enfant(s),3100,1542.7770133333333,0.0,0.0,0.0
2022,Couple mono-actif avec enfant(s),3125,1554.6817752380953,0.0,0.0,0.0
2022,Couple mono-actif avec enfant(s),3150,1566.5865371428572,0.0,0.0,0.0
2022,Couple mono-actif avec enfant(s),3175,1578.4912990476191,0.0,0.0,0.0
2022,Couple mono-actif avec enfant(s),3200,1590.396060952381,0.0,0.0,0.0
2022,Couple mono-actif avec enfant(s),3225,1602.3008228571427,0.0,0.0,0.0
2022,Couple mono-actif avec enfant(s),3250,1614.2055847619047,0.0,0.0,0.0
2022,Couple mono-actif avec enfant(s),3275,1626.1103466666666,0.0,0.0,0.0
2022,Couple mono-actif avec enfant(s),3300,1638.0151085714285,0.0,0.0,0.0
2022,Couple mono-actif avec enfant(s),3325,1649.9198704761905,0.0,0.0,0.0
2022,Couple mono-actif avec enfant(s),3350,1661.8246323809524,0.0,0.0,0.0
2022,Couple mono-actif avec enfant(s),3375,1673.7293942857143,0.0,0.0,0.0
2022,Couple mono-actif avec enfant(s),3400,1685.6341561904762,0.0,0.0,0.0
2022,Couple mono-actif avec enfant(s),3425,1697.5389180952382,0.0,0.0,0.0
2022,Couple mono-actif avec enfant(s),3450,1709.44368,0.0,0.0,0.0
2022,Couple mono-actif avec enfant(s),3475,1721.3484419047618,0.0,0.0,0.0
2022,Couple mono-actif avec enfant(s),3500,1733.2532038095237,0.0,0.0,0.0
2022,Couple bi-actif avec enfant(s),0,1266.2238321898808,0.0,314.5029949804689,107.59060501953104
2022,Couple bi-actif avec enfant(s),25,1273.4857369517854,0.0,311.8371669229623,100.50643307703757
2022,Couple bi-actif avec enfant(s),50,1280.7476417136902,0.0,309.1713388654557,93.42226113454404
2022,Couple bi-actif avec enfant(s),75,1288.009546475595,0.0,306.5055108079491,86.33808919205057
2022,Couple bi-actif avec enfant(s),100,1295.2714512374998,0.0,303.83968275044253,79.25391724955705
2022,Couple bi-actif avec enfant(s),125,1302.5333559994044,0.0,301.17385469293595,72.16974530706364
2022,Couple bi-actif avec enfant(s),150,1309.7952607613092,0.0,298.50802663542936,65.08557336457017
2022,Couple bi-actif avec enfant(s),175,1317.057165523214,0.0,295.8421985779228,58.00140142207682
2022,Couple bi-actif avec enfant(s),200,1324.3190702851189,0.0,293.1763705204162,50.91722947958329
2022,Couple bi-actif avec enfant(s),225,1331.5809750470237,0.0,290.5105424629096,43.83305753708988
2022,Couple bi-actif avec enfant(s),250,1338.8428798089283,0.0,287.84471440540347,36.74888559459641
2022,Couple bi-actif avec enfant(s),275,1346.104784570833,0.0,285.1788863478969,29.664713652102883
2022,Couple bi-actif avec enfant(s),300,1353.366689332738,0.0,282.5130582903903,22.580541709609417
2022,Couple bi-actif avec enfant(s),325,1360.6285940946427,0.0,279.8472302328837,15.496369767116002
2022,Couple bi-actif avec enfant(s),350,1367.8904988565473,0.0,285.5935999999997,0.0
2022,Couple bi-actif avec enfant(s),375,1375.1524036184521,0.0,275.8435999999997,0.0
2022,Couple bi-actif avec enfant(s),400,1382.414308380357,0.0,266.0935999999997,0.0
2022,Couple bi-actif avec enfant(s),425,1389.6762131422618,0.0,256.3435999999997,0.0
2022,Couple bi-actif avec enfant(s),450,1396.9381179041663,0.0,246.5935999999997,0.0
2022,Couple bi-actif avec enfant(s),475,1404.2000226660712,0.0,236.8435999999997,0.0
2022,Couple bi-actif avec enfant(s),500,1411.461927427976,0.0,227.0935999999997,0.0
2022,Couple bi-actif avec enfant(s),525,1418.7238321898808,0.0,217.3435999999997,0.0
2022,Couple bi-actif avec enfant(s),550,1425.9857369517854,0.0,207.5935999999997,0.0
2022,Couple bi-actif avec enfant(s),575,1433.2476417136902,0.0,197.8435999999997,0.0
2022,Couple bi-actif avec enfant(s),600,1440.509546475595,0.0,188.0935999999997,0.0
2022,Couple bi-actif avec enfant(s),625,1447.7714512374998,0.0,178.3435999999997,0.0
2022,Couple bi-actif avec enfant(s),650,1456.4265562886392,0.0,171.51932060739227,0.0
2022,Couple bi-actif avec enfant(s),675,1466.7633377864645,0.0,168.22656175282555,0.0
2022,Couple bi-actif avec enfant(s),700,1477.1001192842898,0.0,164.93380289825882,0.0
2022,Couple bi-actif avec enfant(s),725,1487.4369007821153,0.0,161.64104404369255,0.0
2022,Couple bi-actif avec enfant(s),750,1497.7736822799409,0.0,158.34828518912627,0.0
2022,Couple bi-actif avec enfant(s),775,1508.1104637777664,0.0,155.05552633455954,0.0
2022,Couple bi-actif avec enfant(s),800,1518.4472452755917,0.0,151.76276747999282,0.0
2022,Couple bi-actif avec enfant(s),825,1528.7840267734173,0.0,148.47000862542654,0.0
2022,Couple bi-actif avec enfant(s),850,1539.1208082712428,0.0,145.17724977086027,0.0
2022,Couple bi-actif avec enfant(s),875,1549.4575897690684,0.0,141.884490916294,0.0
2022,Couple bi-actif avec enfant(s),900,1559.7943712668937,0.0,138.59173206172682,0.0
2022,Couple bi-actif avec enfant(s),925,1570.1311527647192,0.0,135.29897320716054,0.0
2022,Couple bi-actif avec enfant(s),950,1577.5078321883605,0.0,132.00621435259427,0.0
2022,Couple bi-actif avec enfant(s),975,1577.424752917214,0.0,128.713455498028,0.0
2022,Couple bi-actif avec enfant(s),1000,1577.341673646067,0.0,125.42069664346081,0.0
2022,Couple bi-actif avec enfant(s),1025,1579.5046027566164,0.0,122.12793778889454,0.0
2022,Couple bi-actif avec enfant(s),1050,1589.8413842544421,0.0,118.83517893432827,0.0
2022,Couple bi-actif avec enfant(s),1075,1600.1781657522677,0.0,115.542420079762,0.0
2022,Couple bi-actif avec enfant(s),1100,1610.5149472500927,0.0,112.24966122519481,0.0
2022,Couple bi-actif avec enfant(s),1125,1620.8517287479183,0.0,108.95690237062854,0.0
2022,Couple bi-actif avec enfant(s),1150,1631.1885102457438,0.0,105.66414351606227,0.0
2022,Couple bi-actif avec enfant(s),1175,1641.5252917435696,0.0,102.371384661496,0.0
2022,Couple bi-actif avec enfant(s),1200,1651.8620732413947,0.0,99.07862580692881,0.0
2022,Couple bi-actif avec enfant(s),1225,1662.1988547392202,0.0,95.78586695236254,0.0
2022,Couple bi-actif avec enfant(s),1250,1672.5356362370458,0.0,92.49310809779627,0.0
2022,Couple bi-actif avec enfant(s),1275,1682.8724177348713,0.0,89.20034924323,0.0
2022,Couple bi-actif avec enfant(s),1300,1693.107299047619,0.0,85.69360000000006,0.0
2022,Couple bi-actif avec enfant(s),1325,1700.369203809524,0.0,75.94360000000006,0.0
2022,Couple bi-actif avec enfant(s),1350,1707.6311085714285,0.0,66.19360000000006,0.0
2022,Couple bi-actif avec enfant(s),1375,1714.8930133333333,0.0,56.44360000000006,0.0
2022,Couple bi-actif avec enfant(s),1400,1722.1549180952381,0.0,46.69360000000006,0.0
2022,Couple bi-actif avec enfant(s),1425,1729.416822857143,0.0,36.94360000000006,0.0
2022,Couple bi-actif avec enfant(s),1450,1736.6787276190475,0.0,27.19360000000006,0.0
2022,Couple bi-actif avec enfant(s),1475,1743.9406323809524,0.0,17.44360000000006,0.0
2022,Couple bi-actif avec enfant(s),1500,1747.5389180952382,0.0,0.0,0.0
2022,Couple bi-actif avec enfant(s),1525,1759.44368,0.0,0.0,0.0
2022,Couple bi-actif avec enfant(s),1550,1771.3484419047618,0.0,0.0,0.0
2022,Couple bi-actif avec enfant(s),1575,1783.2532038095237,0.0,0.0,0.0
2022,Couple bi-actif avec enfant(s),1600,1795.1579657142856,0.0,0.0,0.0
2022,Couple bi-actif avec enfant(s),1625,1806.6316739909953,0.0,0.0,0.0
2022,Couple bi-actif avec enfant(s),1650,1816.8551947574417,0.0,0.0,0.0
2022,Couple bi-actif avec enfant(s),1675,1827.0787155238884,0.0,0.0,0.0
2022,Couple bi-actif avec enfant(s),1700,1837.3022362903348,0.0,0.0,0.0
2022,Couple bi-actif avec enfant(s),1725,1847.5257570567815,0.0,0.0,0.0
2022,Couple bi-actif avec enfant(s),1750,1857.749277823228,0.0,0.0,0.0
2022,Couple bi-actif avec enfant(s),1775,1867.9727985896748,0.0,0.0,0.0
2022,Couple bi-actif avec enfant(s),1800,1878.1963193561212,0.0,0.0,0.0
2022,Couple bi-actif avec enfant(s),1825,1888.4198401225678,0.0,0.0,0.0
2022,Couple bi-actif avec enfant(s),1850,1898.6433608890145,0.0,0.0,0.0
2022,Couple bi-actif avec enfant(s),1875,1908.866881655461,0.0,0.0,0.0
2022,Couple bi-actif avec enfant(s),1900,1919.0904024219076,0.0,0.0,0.0
2022,Couple bi-actif avec enfant(s),1925,1929.313923188354,0.0,0.0,0.0
2022,Couple bi-actif avec enfant(s),1950,1939.5374439548007,0.0,0.0,0.0
2022,Couple bi-actif avec enfant(s),1975,1949.760964721247,0.0,0.0,0.0
2022,Couple bi-actif avec enfant(s),2000,1959.9844854876937,0.0,0.0,0.0
2022,Couple bi-actif avec enfant(s),2025,1970.2080062541404,0.0,0.0,0.0
2022,Couple bi-actif avec enfant(s),2050,1980.4315270205868,0.0,0.0,0.0
2022,Couple bi-actif avec enfant(s),2075,1990.6550477870335,0.0,0.0,0.0
2022,Couple bi-actif avec enfant(s),2100,2000.87856855348,0.0,0.0,0.0
2022,Couple bi-actif avec enfant(s),2125,2011.1020893199266,0.0,0.0,0.0
2022,Couple bi-actif avec enfant(s),2150,2021.325610086373,0.0,0.0,0.0
2022,Couple bi-actif avec enfant(s),2175,2031.5491308528196,0.0,0.0,0.0
2022,Couple bi-actif avec enfant(s),2200,2041.772651619266,0.0,0.0,0.0
2022,Couple bi-actif avec enfant(s),2225,2051.9961723857127,0.0,0.0,0.0
2022,Couple bi-actif avec enfant(s),2250,2062.219693152159,0.0,0.0,0.0
2022,Couple bi-actif avec enfant(s),2275,2072.443213918606,0.0,0.0,0.0
2022,Couple bi-actif avec enfant(s),2300,2082.6667346850527,0.0,0.0,0.0
2022,Couple bi-actif avec enfant(s),2325,2092.890255451499,0.0,0.0,0.0
2022,Couple bi-actif avec enfant(s),2350,2103.1137762179455,0.0,0.0,0.0
2022,Couple bi-actif avec enfant(s),2375,2113.337296984392,0.0,0.0,0.0
2022,Couple bi-actif avec enfant(s),2400,2123.560817750839,0.0,0.0,0.0
2022,Couple bi-actif avec enfant(s),2425,2133.784338517285,0.0,0.0,0.0
2022,Couple bi-actif avec enfant(s),2450,2144.0078592837317,0.0,0.0,0.0
2022,Couple bi-actif avec enfant(s),2475,2154.2313800501784,0.0,0.0,0.0
2022,Couple bi-actif avec enfant(s),2500,2164.454900816625,0.0,0.0,0.0
2022,Couple bi-actif avec enfant(s),2525,2174.678421583071,0.0,0.0,0.0
2022,Couple bi-actif avec enfant(s),2550,2184.9019423495183,0.0,0.0,0.0
2022,Couple bi-actif avec enfant(s),2575,2195.1254631159645,0.0,0.0,0.0
2022,Couple bi-actif avec enfant(s),2600,2205.348983882411,0.0,0.0,0.0
2022,Couple bi-actif avec enfant(s),2625,2215.572504648858,0.0,0.0,0.0
2022,Couple bi-actif avec enfant(s),2650,2225.7960254153045,0.0,0.0,0.0
2022,Couple bi-actif avec enfant(s),2675,2236.019546181751,0.0,0.0,0.0
2022,Couple bi-actif avec enfant(s),2700,2246.2430669481973,0.0,0.0,0.0
2022,Couple bi-actif avec enfant(s),2725,2256.466587714644,0.0,0.0,0.0
2022,Couple bi-actif avec enfant(s),2750,2266.6901084810906,0.0,0.0,0.0
2022,Couple bi-actif avec enfant(s),2775,2276.9136292475373,0.0,0.0,0.0
2022,Couple bi-actif avec enfant(s),2800,2287.1371500139835,0.0,0.0,0.0
2022,Couple bi-actif avec enfant(s),2825,2297.36067078043,0.0,0.0,0.0
2022,Couple bi-actif avec enfant(s),2850,2307.584191546877,0.0,0.0,0.0
2022,Couple bi-actif avec enfant(s),2875,2317.8077123133235,0.0,0.0,0.0
2022,Couple bi-actif avec enfant(s),2900,2328.0312330797697,0.0,0.0,0.0
2022,Couple bi-actif avec enfant(s),2925,2338.2547538462163,0.0,0.0,0.0
2022,Couple bi-actif avec enfant(s),2950,2348.478274612663,0.0,0.0,0.0
2022,Couple bi-actif avec enfant(s),2975,2358.7017953791096,0.0,0.0,0.0
2022,Couple bi-actif avec enfant(s),3000,2368.9253161455563,0.0,0.0,0.0
2022,Couple bi-actif avec enfant(s),3025,2379.1488369120025,0.0,0.0,0.0
2022,Couple bi-actif avec enfant(s),3050,2389.3723576784496,0.0,0.0,0.0
2022,Couple bi-actif avec enfant(s),3075,2399.595878444896,0.0,0.0,0.0
2022,Couple bi-actif avec enfant(s),3100,2409.8193992113424,0.0,0.0,0.0
2022,Couple bi-actif avec enfant(s),3125,2420.0429199777886,0.0,0.0,0.0
2022,Couple bi-actif avec enfant(s),3150,2430.2664407442358,0.0,0.0,0.0
2022,Couple bi-actif avec enfant(s),3175,2440.489961510682,0.0,0.0,0.0
2022,Couple bi-actif avec enfant(s),3200,2450.7134822771286,0.0,0.0,0.0
2022,Couple bi-actif avec enfant(s),3225,2460.9370030435753,0.0,0.0,0.0
2022,Couple bi-actif avec enfant(s),3250,2471.160523810022,0.0,0.0,0.0
2022,Couple bi-actif avec enfant(s),3275,2592.7770133333333,0.0,0.0,0.0
2022,Couple bi-actif avec enfant(s),3300,2604.6817752380953,0.0,0.0,0.0
2022,Couple bi-actif avec enfant(s),3325,2616.586537142857,0.0,0.0,0.0
2022,Couple bi-actif avec enfant(s),3350,2628.491299047619,0.0,0.0,0.0
2022,Couple bi-actif avec enfant(s),3375,2640.396060952381,0.0,0.0,0.0
2022,Couple bi-actif avec enfant(s),3400,2652.300822857143,0.0,0.0,0.0
2022,Couple bi-actif avec enfant(s),3425,2664.205584761905,0.0,0.0,0.0
2022,Couple bi-actif avec enfant(s),3450,2676.110346666667,0.0,0.0,0.0
2022,Couple bi-actif avec enfant(s),3475,2688.0151085714283,0.0,0.0,0.0
2022,Couple bi-actif avec enfant(s),3500,2699.91987047619,0.0,0.0,0.0
2021,Personne seule,0,931.632436354851,658.6518522613065,0.0,379.70195
2021,Personne seule,25,931.632436354851,633.6518522613065,0.0,379.70195
2021,Personne seule,50,931.632436354851,608.6518522613065,0.0,379.70195
2021,Personne seule,75,953.018302201005,583.6518522613065,27.801625599999966,379.70195
2021,Personne seule,100,964.7490714317743,558.6518522613065,43.051625599999966,379.70195
2021,Personne seule,125,976.4798406625434,533.6518522613065,58.301625599999966,379.70195
2021,Personne seule,150,988.2106098933127,508.65185226130654,73.55162559999997,379.70195
2021,Personne seule,175,999.9413791240819,483.65185226130654,88.80162559999997,379.70195
2021,Personne seule,200,1011.6721483548512,458.65185226130654,104.05162559999997,379.70195
2021,Personne seule,225,1023.4029175856203,433.65185226130654,119.30162559999997,379.70195
2021,Personne seule,250,1035.1336868163896,408.65185226130654,134.55162559999997,379.70195
2021,Personne seule,275,1046.864456047159,383.65185226130654,149.80162559999997,379.70195
2021,Personne seule,300,1058.595225277928,358.65185226130654,165.05162559999997,379.70195
2021,Personne seule,325,1070.3259945086972,333.65185226130654,180.30162559999997,379.70195
2021,Personne seule,350,1082.0567637394665,308.65185226130654,195.55162559999997,379.70195
2021,Personne seule,375,1093.7875329702358,283.65185226130654,210.80162559999997,379.70195
2021,Personne seule,400,1105.518302201005,258.65185226130654,226.05162559999997,379.70195
2021,Personne seule,425,1117.2490714317742,233.65185226130654,241.30162559999997,379.70195
2021,Personne seule,450,1128.9798406625434,208.65185226130654,256.55162559999997,379.70195
2021,Personne seule,475,1142.5135445780732,183.65185226130654,274.1454406901886,379.70195
2021,Personne seule,500,1160.6427362717754,158.65185226130654,297.7133898920016,379.70195
2021,Personne seule,525,1178.771927965478,133.65185226130654,321.28133909381484,379.70195
2021,Personne seule,550,1196.9011196591805,108.65185226130654,344.84928829562807,379.70195
2021,Personne seule,575,1215.030311352883,83.65185226130654,368.4172374974413,379.70195
2021,Personne seule,600,1233.1595030465855,58.651852261306544,391.98518669925454,379.70195
2021,Personne seule,625,1251.2886947402878,33.651852261306544,415.55313590106755,379.70195
2021,Personne seule,650,1269.4178864339904,8.651852261306544,439.121085102881,379.70195
2021,Personne seule,675,1287.5470781276927,0.0,446.34088656600056,379.70195
2021,Personne seule,700,1305.6762698213952,0.0,444.9088357678138,379.70195
2021,Personne seule,725,1319.203595098802,0.0,443.47678496962703,373.71952365881555
2021,Personne seule,750,1330.9570157953908,0.0,442.04473417144027,365.43102136256783
2021,Personne seule,775,1342.7104364919796,0.0,440.6126833732535,357.1425190663201
2021,Personne seule,800,1354.4638571885682,0.0,439.1806325750665,348.85401677007235
2021,Personne seule,825,1366.2172778851573,0.0,437.74858177687975,340.5655144738246
2021,Personne seule,850,1377.970698581746,0.0,436.316530978693,332.2770121775769
2021,Personne seule,875,1389.724119278335,0.0,434.8844801805062,323.9885098813292
2021,Personne seule,900,1401.4775399749237,0.0,433.45242938231945,315.7000075850814
2021,Personne seule,925,1413.2309606715125,0.0,432.0203785841327,307.41150528883367
2021,Personne seule,950,1424.9843813681014,0.0,430.5883277859459,299.1230029925859
2021,Personne seule,975,1430.7934116597269,0.0,421.42856946130655,290.8345006963382
2021,Personne seule,1000,1436.1484098933822,0.0,411.67856946130655,282.54599840009047
2021,Personne seule,1025,1441.5034081270378,0.0,401.92856946130655,274.2574961038427
2021,Personne seule,1050,1446.8584063606934,0.0,392.17856946130655,265.968993807595
2021,Personne seule,1075,1452.213404594349,0.0,382.42856946130655,257.6804915113472
2021,Personne seule,1100,1457.5684028280045,0.0,372.67856946130655,249.3919892150995
2021,Personne seule,1125,1462.9234010616601,0.0,362.92856946130655,241.10348691885173
2021,Personne seule,1150,1468.2783992953157,0.0,353.17856946130655,232.814984622604
2021,Personne seule,1175,1473.6333975289715,0.0,343.42856946130655,224.52648232635633
2021,Personne seule,1200,1478.9883957626269,0.0,333.67856946130655,216.23798003010853
2021,Personne seule,1225,1484.3433939962827,0.0,323.92856946130655,207.9494777338608
2021,Personne seule,1250,1489.698392229938,0.0,314.17856946130655,199.66097543761302
2021,Personne seule,1275,1495.0533904635936,0.0,304.42856946130655,191.37247314136533
2021,Personne seule,1300,1500.4083886972494,0.0,294.67856946130655,183.08397084511762
2021,Personne seule,1325,1505.7633869309047,0.0,284.92856946130655,174.79546854886982
2021,Personne seule,1350,1511.1183851645606,0.0,275.17856946130655,166.5069662526221
2021,Personne seule,1375,1516.4733833982161,0.0,265.42856946130655,158.21846395637436
2021,Personne seule,1400,1521.8283816318717,0.0,255.67856946130655,149.9299616601266
2021,Personne seule,1425,1527.1833798655273,0.0,245.92856946130655,141.6414593638789
2021,Personne seule,1450,1532.5383780991829,0.0,236.17856946130655,133.35295706763114
2021,Personne seule,1475,1543.8117957394666,0.0,234.12251468992326,125.06445477138334
2021,Personne seule,1500,1555.5425649702356,0.0,232.6610169861708,116.77595247513567
2021,Personne seule,1525,1567.273334201005,0.0,231.19951928241858,108.48745017888794
2021,Personne seule,1550,1579.0041034317742,0.0,229.73802157866635,100.19894788264016
2021,Personne seule,1575,1590.7348726625432,0.0,228.27652387491412,91.91044558639243
2021,Personne seule,1600,1602.4656418933125,0.0,226.81502617116166,83.62194329014476
2021,Personne seule,1625,1614.1964111240818,0.0,225.35352846740966,75.33344099389691
2021,Personne seule,1650,1625.927180354851,0.0,223.89203076365743,67.04493869764913
2021,Personne seule,1675,1637.6579495856201,0.0,222.43053305990497,58.75643640140151
2021,Personne seule,1700,1649.3887188163894,0.0,220.96903535615274,50.467934105153724
2021,Personne seule,1725,1661.1194880471587,0.0,219.50753765240052,42.179431808905996
2021,Personne seule,1750,1672.8502572779282,0.0,218.04603994864829,33.890929512658325
2021,Personne seule,1775,1684.5810265086973,0.0,216.58454224489606,25.602427216410483
2021,Personne seule,1800,1696.3117957394668,0.0,215.12304454114383,17.31392492016281
2021,Personne seule,1825,1708.0425649702356,0.0,222.6869694613065,0.0
2021,Personne seule,1850,1719.773334201005,0.0,212.9369694613065,0.0
2021,Personne seule,1875,1731.5041034317742,0.0,203.1869694613065,0.0
2021,Personne seule,1900,1743.2348726625432,0.0,193.4369694613065,0.0
2021,Personne seule,1925,1754.9656418933125,0.0,183.6869694613065,0.0
2021,Personne seule,1950,1766.6964111240818,0.0,173.9369694613065,0.0
2021,Personne seule,1975,1778.427180354851,0.0,164.1869694613065,0.0
2021,Personne seule,2000,1790.1579495856201,0.0,154.4369694613065,0.0
2021,Personne seule,2025,1801.8887188163894,0.0,144.6869694613065,0.0
2021,Personne seule,2050,1813.6194880471587,0.0,134.9369694613065,0.0
2021,Personne seule,2075,1825.350257277928,0.0,125.18696946130649,0.0
2021,Personne seule,2100,1837.081026508697,0.0,115.43696946130649,0.0
2021,Personne seule,2125,1848.8117957394663,0.0,105.68696946130649,0.0
2021,Personne seule,2150,1860.5425649702356,0.0,95.93696946130649,0.0
2021,Personne seule,2175,1872.273334201005,0.0,86.18696946130649,0.0
2021,Personne seule,2200,1884.0041034317742,0.0,76.43696946130649,0.0
2021,Personne seule,2225,1895.7348726625432,0.0,66.68696946130649,0.0
2021,Personne seule,2250,1907.4656418933125,0.0,56.93696946130649,0.0
2021,Personne seule,2275,1917.3115761112551,0.0,47.18696946130649,0.0
2021,Personne seule,2300,1926.2031666112548,0.0,37.43696946130649,0.0
2021,Personne seule,2325,1935.094757111255,0.0,27.68696946130649,0.0
2021,Personne seule,2350,1943.9863476112546,0.0,17.93696946130649,0.0
2021,Personne seule,2375,1946.580269294865,0.0,0.0,0.0
2021,Personne seule,2400,1962.9718597948652,0.0,0.0,0.0
2021,Personne seule,2425,1979.3634502948648,0.0,0.0,0.0
2021,Personne seule,2450,1995.755040794865,0.0,0.0,0.0
2021,Personne seule,2475,2012.1466312948646,0.0,0.0,0.0
2021,Personne seule,2500,2028.5382217948647,0.0,0.0,0.0
2021,Personne seule,2525,2044.9298122948646,0.0,0.0,0.0
2021,Personne seule,2550,2061.3214027948643,0.0,0.0,0.0
2021,Personne seule,2575,2077.7129932948646,0.0,0.0,0.0
2021,Personne seule,2600,2094.1045837948645,0.0,0.0,0.0
2021,Personne seule,2625,2110.4961742948644,0.0,0.0,0.0
2021,Personne seule,2650,2126.8877647948643,0.0,0.0,0.0
2021,Personne seule,2675,2143.279355294864,0.0,0.0,0.0
2021,Personne seule,2700,2159.670945794864,0.0,0.0,0.0
2021,Personne seule,2725,2176.062536294864,0.0,0.0,0.0
2021,Personne seule,2750,2192.454126794864,0.0,0.0,0.0
2021,Personne seule,2775,2208.845717294864,0.0,0.0,0.0
2021,Personne seule,2800,2225.2373077948637,0.0,0.0,0.0
2021,Personne seule,2825,2241.6288982948636,0.0,0.0,0.0
2021,Personne seule,2850,2258.020488794864,0.0,0.0,0.0
2021,Personne seule,2875,2274.4120792948634,0.0,0.0,0.0
2021,Personne seule,2900,2290.8036697948637,0.0,0.0,0.0
2021,Personne seule,2925,2307.195260294863,0.0,0.0,0.0
2021,Personne seule,2950,2323.5868507948635,0.0,0.0,0.0
2021,Personne seule,2975,2339.978441294863,0.0,0.0,0.0
2021,Personne seule,3000,2356.3700317948633,0.0,0.0,0.0
2021,Personne seule,3025,2372.761622294863,0.0,0.0,0.0
2021,Personne seule,3050,2389.1532127948635,0.0,0.0,0.0
2021,Personne seule,3075,2405.544803294863,0.0,0.0,0.0
2021,Personne seule,3100,2421.9363937948633,0.0,0.0,0.0
2021,Personne seule,3125,2438.3279842948627,0.0,0.0,0.0
2021,Personne seule,3150,2454.719574794863,0.0,0.0,0.0
2021,Personne seule,3175,2471.111165294863,0.0,0.0,0.0
2021,Personne seule,3200,2487.502755794863,0.0,0.0,0.0
2021,Personne seule,3225,2503.8943462948628,0.0,0.0,0.0
2021,Personne seule,3250,2521.0000589589063,0.0,0.0,0.0
2021,Personne seule,3275,2538.2761440376826,0.0,0.0,0.0
2021,Personne seule,3300,2555.5522291164593,0.0,0.0,0.0
2021,Personne seule,3325,2572.828314195236,0.0,0.0,0.0
2021,Personne seule,3350,2590.104399274013,0.0,0.0,0.0
2021,Personne seule,3375,2607.380484352789,0.0,0.0,0.0
2021,Personne seule,3400,2624.656569431566,0.0,0.0,0.0
2021,Personne seule,3425,2641.9326545103427,0.0,0.0,0.0
2021,Personne seule,3450,2659.208739589119,0.0,0.0,0.0
2021,Personne seule,3475,2676.4848246678957,0.0,0.0,0.0
2021,Personne seule,3500,2693.760909746672,0.0,0.0,0.0
2021,Famille monoparentale 1 enfant,0,863.7609547653847,712.3284,0.0,379.70195
2021,Famille monoparentale 1 enfant,25,863.7609547653847,687.3284,0.0,379.70195
2021,Famille monoparentale 1 enfant,50,875.4172624576925,662.3284,15.153200000000083,379.70195
2021,Famille monoparentale 1 enfant,75,887.1480316884617,637.3284,30.403200000000083,379.70195
2021,Famille monoparentale 1 enfant,100,898.8788009192309,612.3284,45.65320000000008,379.70195
2021,Famille monoparentale 1 enfant,125,910.6095701500002,587.3284,60.90320000000008,379.70195
2021,Famille monoparentale 1 enfant,150,922.3403393807694,562.3284,76.15320000000008,379.70195
2021,Famille monoparentale 1 enfant,175,934.0711086115386,537.3284,91.40320000000008,379.70195
2021,Famille monoparentale 1 enfant,200,945.8018778423078,512.3284,106.65320000000008,379.70195
2021,Famille monoparentale 1 enfant,225,957.5326470730771,487.3284,121.90320000000008,379.70195
2021,Famille monoparentale 1 enfant,250,969.2634163038463,462.3284,137.15320000000008,379.70195
2021,Famille monoparentale 1 enfant,275,980.9941855346156,437.3284,152.40320000000008,379.70195
2021,Famille monoparentale 1 enfant,300,992.7249547653848,412.3284,167.65320000000008,379.70195
2021,Famille monoparentale 1 enfant,325,1004.455723996154,387.3284,182.90320000000008,379.70195
2021,Famille monoparentale 1 enfant,350,1016.1864932269233,362.3284,198.15320000000008,379.70195
2021,Famille monoparentale 1 enfant,375,1027.9172624576925,337.3284,213.40320000000008,379.70195
2021,Famille monoparentale 1 enfant,400,1039.6480316884617,312.3284,228.65320000000008,379.70195
2021,Famille monoparentale 1 enfant,425,1051.378800919231,287.3284,243.90320000000008,379.70195
2021,Famille monoparentale 1 enfant,450,1063.10957015,262.3284,259.1532000000001,379.70195
2021,Famille monoparentale 1 enfant,475,1076.6432740655298,237.3284,276.7470150901887,379.70195
2021,Famille monoparentale 1 enfant,500,1094.772465759232,212.3284,300.3149642920017,379.70195
2021,Famille monoparentale 1 enfant,525,1112.9016574529346,187.3284,323.88291349381495,379.70195
2021,Famille monoparentale 1 enfant,550,1131.030849146637,162.3284,347.4508626956282,379.70195
2021,Famille monoparentale 1 enfant,575,1149.1600408403397,137.3284,371.0188118974414,379.70195
2021,Famille monoparentale 1 enfant,600,1167.289232534042,112.32839999999999,394.58676109925466,379.70195
2021,Famille monoparentale 1 enfant,625,1185.4184242277443,87.32839999999999,418.15471030106767,379.70195
2021,Famille monoparentale 1 enfant,650,1203.547615921447,62.32839999999999,441.72265950288113,379.70195
2021,Famille monoparentale 1 enfant,675,1221.6768076151493,37.32839999999999,465.29060870469414,379.70195
2021,Famille monoparentale 1 enfant,700,1239.8059993088518,12.328399999999988,488.8585579065074,379.70195
2021,Famille monoparentale 1 enfant,725,1253.3333245862584,0.0,499.7549071083206,373.71952365881555
2021,Famille monoparentale 1 enfant,750,1265.0867452828472,0.0,498.3228563101336,365.43102136256783
2021,Famille monoparentale 1 enfant,775,1276.8401659794363,0.0,496.89080551194706,357.1425190663201
2021,Famille monoparentale 1 enfant,800,1288.5935866760249,0.0,495.4587547137601,348.85401677007235
2021,Famille monoparentale 1 enfant,825,1300.3470073726137,0.0,494.0267039155733,340.5655144738246
2021,Famille monoparentale 1 enfant,850,1312.1004280692025,0.0,492.59465311738654,332.2770121775769
2021,Famille monoparentale 1 enfant,875,1323.8538487657916,0.0,491.1626023191998,323.9885098813292
2021,Famille monoparentale 1 enfant,900,1335.6072694623801,0.0,489.730551521013,315.7000075850814
2021,Famille monoparentale 1 enfant,925,1347.360690158969,0.0,488.298500722826,307.41150528883367
2021,Famille monoparentale 1 enfant,950,1359.1141108555578,0.0,486.8664499246395,299.1230029925859
2021,Famille monoparentale 1 enfant,975,1364.9231411471833,0.0,477.7066916000001,290.8345006963382
2021,Famille monoparentale 1 enfant,1000,1370.2781393808389,0.0,467.9566916000001,282.54599840009047
2021,Famille monoparentale 1 enfant,1025,1375.6331376144944,0.0,458.2066916000001,274.2574961038427
2021,Famille monoparentale 1 enfant,1050,1380.98813584815,0.0,448.4566916000001,265.968993807595
2021,Famille monoparentale 1 enfant,1075,1386.3431340818056,0.0,438.7066916000001,257.6804915113472
2021,Famille monoparentale 1 enfant,1100,1391.6981323154612,0.0,428.9566916000001,249.3919892150995
2021,Famille monoparentale 1 enfant,1125,1397.0531305491168,0.0,419.2066916000001,241.10348691885173
2021,Famille monoparentale 1 enfant,1150,1402.4081287827723,0.0,409.4566916000001,232.814984622604
2021,Famille monoparentale 1 enfant,1175,1407.763127016428,0.0,399.7066916000001,224.52648232635633
2021,Famille monoparentale 1 enfant,1200,1413.1181252500835,0.0,389.9566916000001,216.23798003010853
2021,Famille monoparentale 1 enfant,1225,1418.473123483739,0.0,380.2066916000001,207.9494777338608
2021,Famille monoparentale 1 enfant,1250,1423.8281217173947,0.0,370.4566916000001,199.66097543761302
2021,Famille monoparentale 1 enfant,1275,1429.1831199510502,0.0,360.7066916000001,191.37247314136533
2021,Famille monoparentale 1 enfant,1300,1434.538118184706,0.0,350.9566916000001,183.08397084511762
2021,Famille monoparentale 1 enfant,1325,1439.8931164183614,0.0,341.2066916000001,174.79546854886982
2021,Famille monoparentale 1 enfant,1350,1445.248114652017,0.0,331.4566916000001,166.5069662526221
2021,Famille monoparentale 1 enfant,1375,1450.6031128856725,0.0,321.7066916000001,158.21846395637436
2021,Famille monoparentale 1 enfant,1400,1455.9581111193281,0.0,311.9566916000001,149.9299616601266
2021,Famille monoparentale 1 enfant,1425,1461.3131093529837,0.0,302.2066916000001,141.6414593638789
2021,Famille monoparentale 1 enfant,1450,1466.6681075866393,0.0,292.4566916000001,133.35295706763114
2021,Famille monoparentale 1 enfant,1475,1477.9415252269232,0.0,290.4006368286168,125.06445477138334
2021,Famille monoparentale 1 enfant,1500,1489.6722944576923,0.0,288.93913912486437,116.77595247513567
2021,Famille monoparentale 1 enfant,1525,1501.4030636884615,0.0,287.47764142111214,108.48745017888794
2021,Famille monoparentale 1 enfant,1550,1513.1338329192308,0.0,286.0161437173599,100.19894788264016
2021,Famille monoparentale 1 enfant,1575,1524.86460215,0.0,284.5546460136077,91.91044558639243
2021,Famille monoparentale 1 enfant,1600,1536.5953713807692,0.0,283.0931483098552,83.62194329014476
2021,Famille monoparentale 1 enfant,1625,1548.3261406115384,0.0,281.6316506061032,75.33344099389691
2021,Famille monoparentale 1 enfant,1650,1560.0569098423077,0.0,280.170152902351,67.04493869764913
2021,Famille monoparentale 1 enfant,1675,1571.787679073077,0.0,278.70865519859854,58.75643640140151
2021,Famille monoparentale 1 enfant,1700,1583.5184483038463,0.0,277.2471574948463,50.467934105153724
2021,Famille monoparentale 1 enfant,1725,1595.2492175346154,0.0,275.7856597910941,42.179431808905996
2021,Famille monoparentale 1 enfant,1750,1606.9799867653846,0.0,274.3241620873416,33.890929512658325
2021,Famille monoparentale 1 enfant,1775,1618.710755996154,0.0,272.8626643835896,25.602427216410483
2021,Famille monoparentale 1 enfant,1800,1630.4415252269232,0.0,271.4011666798374,17.31392492016281
2021,Famille monoparentale 1 enfant,1825,1642.1722944576923,0.0,278.96509160000005,0.0
2021,Famille monoparentale 1 enfant,1850,1653.9030636884615,0.0,269.21509160000005,0.0
2021,Famille monoparentale 1 enfant,1875,1665.6338329192308,0.0,259.46509160000005,0.0
2021,Famille monoparentale 1 enfant,1900,1677.36460215,0.0,249.71509160000005,0.0
2021,Famille monoparentale 1 enfant,1925,1689.0953713807692,0.0,239.96509160000005,0.0
2021,Famille monoparentale 1 enfant,1950,1700.8261406115384,0.0,230.21509160000005,0.0
2021,Famille monoparentale 1 enfant,1975,1712.5569098423077,0.0,220.46509160000005,0.0
2021,Famille monoparentale 1 enfant,2000,1724.287679073077,0.0,210.71509160000005,0.0
2021,Famille monoparentale 1 enfant,2025,1736.0184483038463,0.0,200.96509160000005,0.0
2021,Famille monoparentale 1 enfant,2050,1747.7492175346154,0.0,191.21509160000005,0.0
2021,Famille monoparentale 1 enfant,2075,1759.4799867653846,0.0,181.46509160000005,0.0
2021,Famille monoparentale 1 enfant,2100,1771.210755996154,0.0,171.71509160000005,0.0
2021,Famille monoparentale 1 enfant,2125,1782.9415252269232,0.0,161.96509160000005,0.0
2021,Famille monoparentale 1 enfant,2150,1794.6722944576923,0.0,152.21509160000005,0.0
2021,Famille monoparentale 1 enfant,2175,1806.4030636884615,0.0,142.46509160000005,0.0
2021,Famille monoparentale 1 enfant,2200,1818.1338329192308,0.0,132.71509160000005,0.0
2021,Famille monoparentale 1 enfant,2225,1829.86460215,0.0,122.96509160000005,0.0
2021,Famille monoparentale 1 enfant,2250,1841.5953713807692,0.0,113.21509160000005,0.0
2021,Famille monoparentale 1 enfant,2275,1851.4413055987118,0.0,103.46509160000005,0.0
2021,Famille monoparentale 1 enfant,2300,1860.3328960987114,0.0,93.71509160000005,0.0
2021,Famille monoparentale 1 enfant,2325,1859.1691738427564,0.0,83.96509160000005,0.0
2021,Famille monoparentale 1 enfant,2350,1854.3784684871728,0.0,74.21509160000005,0.0
2021,Famille monoparentale 1 enfant,2375,1863.270058987173,0.0,64.46509160000005,0.0
2021,Famille monoparentale 1 enfant,2400,1872.1616494871728,0.0,54.71509160000005,0.0
2021,Famille monoparentale 1 enfant,2425,1881.0532399871727,0.0,44.96509160000005,0.0
2021,Famille monoparentale 1 enfant,2450,1889.9448304871726,0.0,35.21509160000005,0.0
2021,Famille monoparentale 1 enfant,2475,1898.8364209871725,0.0,25.46509160000005,0.0
2021,Famille monoparentale 1 enfant,2500,1907.7280114871724,0.0,15.71509160000005,0.0
2021,Famille monoparentale 1 enfant,2525,1912.0310699871725,0.0,0.0,0.0
2021,Famille monoparentale 1 enfant,2550,1928.4226604871722,0.0,0.0,0.0
2021,Famille monoparentale 1 enfant,2575,1944.8142509871723,0.0,0.0,0.0
2021,Famille monoparentale 1 enfant,2600,1961.2058414871724,0.0,0.0,0.0
2021,Famille monoparentale 1 enfant,2625,1977.597431987172,0.0,0.0,0.0
2021,Famille monoparentale 1 enfant,2650,1993.9890224871722,0.0,0.0,0.0
2021,Famille monoparentale 1 enfant,2675,2010.3806129871718,0.0,0.0,0.0
2021,Famille monoparentale 1 enfant,2700,2026.772203487172,0.0,0.0,0.0
2021,Famille monoparentale 1 enfant,2725,2043.1637939871716,0.0,0.0,0.0
2021,Famille monoparentale 1 enfant,2750,2059.5553844871715,0.0,0.0,0.0
2021,Famille monoparentale 1 enfant,2775,2075.946974987172,0.0,0.0,0.0
2021,Famille monoparentale 1 enfant,2800,2092.3385654871713,0.0,0.0,0.0
2021,Famille monoparentale 1 enfant,2825,2108.7301559871717,0.0,0.0,0.0
2021,Famille monoparentale 1 enfant,2850,2125.1217464871715,0.0,0.0,0.0
2021,Famille monoparentale 1 enfant,2875,2141.5133369871714,0.0,0.0,0.0
2021,Famille monoparentale 1 enfant,2900,2157.9049274871713,0.0,0.0,0.0
2021,Famille monoparentale 1 enfant,2925,2174.2965179871712,0.0,0.0,0.0
2021,Famille monoparentale 1 enfant,2950,2190.688108487171,0.0,0.0,0.0
2021,Famille monoparentale 1 enfant,2975,2207.079698987171,0.0,0.0,0.0
2021,Famille monoparentale 1 enfant,3000,2223.471289487171,0.0,0.0,0.0
2021,Famille monoparentale 1 enfant,3025,2239.8628799871713,0.0,0.0,0.0
2021,Famille monoparentale 1 enfant,3050,2256.254470487171,0.0,0.0,0.0
2021,Famille monoparentale 1 enfant,3075,2272.646060987171,0.0,0.0,0.0
2021,Famille monoparentale 1 enfant,3100,2289.037651487171,0.0,0.0,0.0
2021,Famille monoparentale 1 enfant,3125,2305.429241987171,0.0,0.0,0.0
2021,Famille monoparentale 1 enfant,3150,2321.8208324871707,0.0,0.0,0.0
2021,Famille monoparentale 1 enfant,3175,2338.2124229871706,0.0,0.0,0.0
2021,Famille monoparentale 1 enfant,3200,2354.6040134871705,0.0,0.0,0.0
2021,Famille monoparentale 1 enfant,3225,2370.9956039871704,0.0,0.0,0.0
2021,Famille monoparentale 1 enfant,3250,2388.101316651214,0.0,0.0,0.0
2021,Famille monoparentale 1 enfant,3275,2405.37740172999,0.0,0.0,0.0
2021,Famille monoparentale 1 enfant,3300,2422.653486808767,0.0,0.0,0.0
2021,Famille monoparentale 1 enfant,3325,2439.9295718875437,0.0,0.0,0.0
2021,Famille monoparentale 1 enfant,3350,2457.2056569663205,0.0,0.0,0.0
2021,Famille monoparentale 1 enfant,3375,2474.4817420450972,0.0,0.0,0.0
2021,Famille monoparentale 1 enfant,3400,2491.7578271238735,0.0,0.0,0.0
2021,Famille monoparentale 1 enfant,3425,2509.0339122026503,0.0,0.0,0.0
2021,Famille monoparentale 1 enfant,3450,2526.309997281427,0.0,0.0,0.0
2021,Famille monoparentale 1 enfant,3475,2543.5860823602034,0.0,0.0,0.0
2021,Famille monoparentale 1 enfant,3500,2560.86216743898,0.0,0.0,0.0
2021,Famille monoparentale 2 enfants,0,867.9883076148436,716.96682,0.0,438.06865
2021,Famille monoparentale 2 enfants,25,867.9883076148436,691.96682,0.0,438.06865
2021,Famille monoparentale 2 enfants,50,867.9883076148436,666.96682,0.0,438.06865
2021,Famille monoparentale 2 enfants,75,885.1404701148437,641.96682,27.443460000000073,438.06865
2021,Famille monoparentale 2 enfants,100,894.6717201148437,616.96682,42.69346000000007,438.06865
2021,Famille monoparentale 2 enfants,125,904.2029701148437,591.96682,57.94346000000007,438.06865
2021,Famille monoparentale 2 enfants,150,913.7342201148437,566.96682,73.19346000000007,438.06865
2021,Famille monoparentale 2 enfants,175,923.2654701148437,541.96682,88.44346000000007,438.06865
2021,Famille monoparentale 2 enfants,200,932.7967201148437,516.96682,103.69346000000007,438.06865
2021,Famille monoparentale 2 enfants,225,942.3279701148437,491.96682,118.94346000000007,438.06865
2021,Famille monoparentale 2 enfants,250,951.8592201148437,466.96682,134.19346000000007,438.06865
2021,Famille monoparentale 2 enfants,275,961.3904701148437,441.96682,149.44346000000007,438.06865
2021,Famille monoparentale 2 enfants,300,970.9217201148437,416.96682,164.69346000000007,438.06865
2021,Famille monoparentale 2 enfants,325,980.4529701148437,391.96682,179.94346000000007,438.06865
2021,Famille monoparentale 2 enfants,350,981.3904701148437,366.96682,195.19346000000007,438.06865
2021,Famille monoparentale 2 enfants,375,990.9217201148438,341.96682,210.44346000000007,438.06865
2021,Famille monoparentale 2 enfants,400,1000.4529701148438,316.96682,225.69346000000007,438.06865
2021,Famille monoparentale 2 enfants,425,1009.9842201148438,291.96682,240.94346000000007,438.06865
2021,Famille monoparentale 2 enfants,450,1019.5154701148438,266.96682,256.1934600000001,438.06865
2021,Famille monoparentale 2 enfants,475,1030.5116045462114,241.96681999999998,273.7872750901885,438.06865
2021,Famille monoparentale 2 enfants,500,1045.2415727973448,216.96681999999998,297.3552242920017,438.06865
2021,Famille monoparentale 2 enfants,525,1059.971541048478,191.96681999999998,320.92317349381494,438.06865
2021,Famille monoparentale 2 enfants,550,1074.7015092996112,166.96681999999998,344.49112269562795,438.06865
2021,Famille monoparentale 2 enfants,575,1089.4314775507444,141.96681999999998,368.0590718974412,438.06865
2021,Famille monoparentale 2 enfants,600,1104.1614458018778,116.96681999999998,391.6270210992544,438.06865
2021,Famille monoparentale 2 enfants,625,1118.891414053011,91.96681999999998,415.19497030106766,438.06865
2021,Famille monoparentale 2 enfants,650,1133.6213823041442,66.96681999999998,438.7629195028809,438.06865
2021,Famille monoparentale 2 enfants,675,1148.3513505552776,41.966819999999984,462.3308687046941,438.06865
2021,Famille monoparentale 2 enfants,700,1163.0813188064108,16.966819999999984,485.89881790650736,438.06865
2021,Famille monoparentale 2 enfants,725,1177.4091679090247,0.0,501.43358710832035,437.42525936236933
2021,Famille monoparentale 2 enfants,750,1187.5104696324074,0.0,500.0015363101336,430.0193929179682
2021,Famille monoparentale 2 enfants,775,1197.6117713557899,0.0,498.5694855119468,422.61352647356716
2021,Famille monoparentale 2 enfants,800,1207.7130730791725,0.0,497.13743471376006,415.20766002916616
2021,Famille monoparentale 2 enfants,825,1217.8143748025552,0.0,495.7053839155733,407.80179358476505
2021,Famille monoparentale 2 enfants,850,1227.9156765259377,0.0,494.2733331173865,400.395927140364
2021,Famille monoparentale 2 enfants,875,1238.0169782493203,0.0,492.84128231919976,392.990060695963
2021,Famille monoparentale 2 enfants,900,1248.1182799727028,0.0,491.40923152101277,385.5841942515619
2021,Famille monoparentale 2 enfants,925,1258.2195816960855,0.0,489.977180722826,378.17832780716077
2021,Famille monoparentale 2 enfants,950,1268.3208834194681,0.0,488.54512992463924,370.7724613627597
2021,Famille monoparentale 2 enfants,975,1263.748617938818,0.0,479.38537159999987,363.3665949183587
2021,Famille monoparentale 2 enfants,1000,1268.6512014110672,0.0,469.63537159999987,355.9607284739577
2021,Famille monoparentale 2 enfants,1025,1273.5537848833164,0.0,459.88537159999987,348.5548620295566
2021,Famille monoparentale 2 enfants,1050,1278.456368355566,0.0,450.13537159999987,341.14899558515555
2021,Famille monoparentale 2 enfants,1075,1283.358951827815,0.0,440.38537159999987,333.74312914075443
2021,Famille monoparentale 2 enfants,1100,1288.2615353000645,0.0,430.63537159999987,326.33726269635343
2021,Famille monoparentale 2 enfants,1125,1293.1641187723137,0.0,420.88537159999987,318.9313962519523
2021,Famille monoparentale 2 enfants,1150,1298.0667022445632,0.0,411.13537159999987,311.52552980755127
2021,Famille monoparentale 2 enfants,1175,1302.9692857168125,0.0,401.38537159999987,304.11966336315027
2021,Famille monoparentale 2 enfants,1200,1307.871869189062,0.0,391.63537159999987,296.7137969187492
2021,Famille monoparentale 2 enfants,1225,1312.774452661311,0.0,381.88537159999987,289.3079304743481
2021,Famille monoparentale 2 enfants,1250,1317.6770361335605,0.0,372.13537159999987,281.90206402994704
2021,Famille monoparentale 2 enfants,1275,1322.5796196058097,0.0,362.38537159999987,274.496197585546
2021,Famille monoparentale 2 enfants,1300,1327.4822030780592,0.0,352.63537159999987,267.090331141145
2021,Famille monoparentale 2 enfants,1325,1332.3847865503085,0.0,342.88537159999987,259.6844646967439
2021,Famille monoparentale 2 enfants,1350,1337.287370022558,0.0,333.13537159999987,252.27859825234285
2021,Famille monoparentale 2 enfants,1375,1342.1899534948072,0.0,323.38537159999987,244.87273180794173
2021,Famille monoparentale 2 enfants,1400,1347.0925369670567,0.0,313.63537159999987,237.46686536354068
2021,Famille monoparentale 2 enfants,1425,1351.995120439306,0.0,303.88537159999987,230.06099891913965
2021,Famille monoparentale 2 enfants,1450,1356.8977039115555,0.0,294.13537159999987,222.6551324747386
2021,Famille monoparentale 2 enfants,1475,1361.8002873838045,0.0,284.38537159999987,215.24926603033754
2021,Famille monoparentale 2 enfants,1500,1366.7028708560538,0.0,274.63537159999987,207.84339958593648
2021,Famille monoparentale 2 enfants,1525,1371.6054543283033,0.0,264.88537159999987,200.43753314153545
2021,Famille monoparentale 2 enfants,1550,1376.5080378005525,0.0,255.13537159999987,193.03166669713434
2021,Famille monoparentale 2 enfants,1575,1381.410621272802,0.0,245.38537159999987,185.62580025273334
2021,Famille monoparentale 2 enfants,1600,1386.313204745051,0.0,235.63537159999987,178.21993380833226
2021,Famille monoparentale 2 enfants,1625,1391.2157882173005,0.0,225.88537159999987,170.81406736393114
2021,Famille monoparentale 2 enfants,1650,1396.6685711148436,0.0,217.01569068047002,163.40820091953003
2021,Famille monoparentale 2 enfants,1675,1406.1998211148436,0.0,214.6715571248708,156.00233447512906
2021,Famille monoparentale 2 enfants,1700,1415.7310711148436,0.0,212.327423569272,148.59646803072795
2021,Famille monoparentale 2 enfants,1725,1425.2623211148436,0.0,209.983290013673,141.19060158632695
2021,Famille monoparentale 2 enfants,1750,1434.7935711148436,0.0,207.639156458074,133.78473514192592
2021,Famille monoparentale 2 enfants,1775,1438.8560711148436,0.0,205.295022902475,126.37886869752481
2021,Famille monoparentale 2 enfants,1800,1448.3873211148436,0.0,202.950889346876,118.97300225312375
2021,Famille monoparentale 2 enfants,1825,1457.9185711148436,0.0,200.60675579127746,111.56713580872263
2021,Famille monoparentale 2 enfants,1850,1467.4498211148436,0.0,198.26262223567846,104.16126936432161
2021,Famille monoparentale 2 enfants,1875,1476.9810711148436,0.0,195.91848868007946,96.75540291992061
2021,Famille monoparentale 2 enfants,1900,1486.5123211148436,0.0,193.57435512448046,89.34953647551949
2021,Famille monoparentale 2 enfants,1925,1496.0435711148436,0.0,191.23022156888146,81.94367003111853
2021,Famille monoparentale 2 enfants,1950,1505.5748211148436,0.0,188.88608801328246,74.53780358671742
2021,Famille monoparentale 2 enfants,1975,1515.1060711148436,0.0,186.54195445768346,67.13193714231629
2021,Famille monoparentale 2 enfants,2000,1524.6373211148436,0.0,184.19782090208446,59.72607069791534
2021,Famille monoparentale 2 enfants,2025,1534.1685711148436,0.0,181.8536873464859,52.32020425351422
2021,Famille monoparentale 2 enfants,2050,1543.6998211148436,0.0,179.5095537908869,44.9143378091131
2021,Famille monoparentale 2 enfants,2075,1553.2310711148436,0.0,177.1654202352879,37.50847136471209
2021,Famille monoparentale 2 enfants,2100,1562.7623211148436,0.0,174.8212866796889,30.102604920311084
2021,Famille monoparentale 2 enfants,2125,1572.2935711148436,0.0,172.4771531240899,22.696738475909903
2021,Famille monoparentale 2 enfants,2150,1581.8248211148436,0.0,170.1330195684909,15.290872031508897
2021,Famille monoparentale 2 enfants,2175,1591.3560711148436,0.0,175.67389159999993,0.0
2021,Famille monoparentale 2 enfants,2200,1600.8873211148436,0.0,165.92389159999993,0.0
2021,Famille monoparentale 2 enfants,2225,1610.4185711148436,0.0,156.17389159999993,0.0
2021,Famille monoparentale 2 enfants,2250,1619.9498211148436,0.0,146.42389159999993,0.0
2021,Famille monoparentale 2 enfants,2275,1629.4810711148436,0.0,136.67389159999993,0.0
2021,Famille monoparentale 2 enfants,2300,1639.0123211148436,0.0,126.92389159999993,0.0
2021,Famille monoparentale 2 enfants,2325,1648.5435711148436,0.0,117.17389159999993,0.0
2021,Famille monoparentale 2 enfants,2350,1658.0748211148436,0.0,107.42389159999993,0.0
2021,Famille monoparentale 2 enfants,2375,1667.6060711148436,0.0,97.67389159999993,0.0
2021,Famille monoparentale 2 enfants,2400,1677.1373211148436,0.0,87.92389159999993,0.0
2021,Famille monoparentale 2 enfants,2425,1686.6685711148436,0.0,78.17389159999993,0.0
2021,Famille monoparentale 2 enfants,2450,1696.1998211148436,0.0,68.42389159999993,0.0
2021,Famille monoparentale 2 enfants,2475,1705.7310711148436,0.0,58.67389159999993,0.0
2021,Famille monoparentale 2 enfants,2500,1715.2623211148436,0.0,48.92389159999993,0.0
2021,Famille monoparentale 2 enfants,2525,1724.7935711148436,0.0,39.17389159999993,0.0
2021,Famille monoparentale 2 enfants,2550,1734.3248211148436,0.0,29.423891599999934,0.0
2021,Famille monoparentale 2 enfants,2575,1743.8560711148436,0.0,19.673891599999934,0.0
2021,Famille monoparentale 2 enfants,2600,1747.1848888648437,0.0,0.0,0.0
2021,Famille monoparentale 2 enfants,2625,1762.8098888648437,0.0,0.0,0.0
2021,Famille monoparentale 2 enfants,2650,1778.4348888648437,0.0,0.0,0.0
2021,Famille monoparentale 2 enfants,2675,1794.0598888648437,0.0,0.0,0.0
2021,Famille monoparentale 2 enfants,2700,1809.6848888648437,0.0,0.0,0.0
2021,Famille monoparentale 2 enfants,2725,1825.3098888648437,0.0,0.0,0.0
2021,Famille monoparentale 2 enfants,2750,1840.7083028231707,0.0,0.0,0.0
2021,Famille monoparentale 2 enfants,2775,1854.0264701044207,0.0,0.0,0.0
2021,Famille monoparentale 2 enfants,2800,1867.3446373856707,0.0,0.0,0.0
2021,Famille monoparentale 2 enfants,2825,1880.6628046669205,0.0,0.0,0.0
2021,Famille monoparentale 2 enfants,2850,1890.5186241630058,0.0,0.0,0.0
2021,Famille monoparentale 2 enfants,2875,1889.5693951186547,0.0,0.0,0.0
2021,Famille monoparentale 2 enfants,2900,1888.6201660743036,0.0,0.0,0.0
2021,Famille monoparentale 2 enfants,2925,1894.2977749270767,0.0,0.0,0.0
2021,Famille monoparentale 2 enfants,2950,1907.6159422083265,0.0,0.0,0.0
2021,Famille monoparentale 2 enfants,2975,1920.9341094895765,0.0,0.0,0.0
2021,Famille monoparentale 2 enfants,3000,1934.2522767708265,0.0,0.0,0.0
2021,Famille monoparentale 2 enfants,3025,1947.5704440520763,0.0,0.0,0.0
2021,Famille monoparentale 2 enfants,3050,1960.8886113333263,0.0,0.0,0.0
2021,Famille monoparentale 2 enfants,3075,1974.206778614576,0.0,0.0,0.0
2021,Famille monoparentale 2 enfants,3100,1987.5249458958262,0.0,0.0,0.0
2021,Famille monoparentale 2 enfants,3125,2000.843113177076,0.0,0.0,0.0
2021,Famille monoparentale 2 enfants,3150,2014.161280458326,0.0,0.0,0.0
2021,Famille monoparentale 2 enfants,3175,2027.479447739576,0.0,0.0,0.0
2021,Famille monoparentale 2 enfants,3200,2040.7976150208258,0.0,0.0,0.0
2021,Famille monoparentale 2 enfants,3225,2054.115782302076,0.0,0.0,0.0
2021,Famille monoparentale 2 enfants,3250,2067.433949583326,0.0,0.0,0.0
2021,Famille monoparentale 2 enfants,3275,2080.752116864576,0.0,0.0,0.0
2021,Famille monoparentale 2 enfants,3300,2094.0702841458256,0.0,0.0,0.0
2021,Famille monoparentale 2 enfants,3325,2107.388451427076,0.0,0.0,0.0
2021,Famille monoparentale 2 enfants,3350,2120.7066187083255,0.0,0.0,0.0
2021,Famille monoparentale 2 enfants,3375,2134.024785989576,0.0,0.0,0.0
2021,Famille monoparentale 2 enfants,3400,2147.3429532708255,0.0,0.0,0.0
2021,Famille monoparentale 2 enfants,3425,2160.6611205520753,0.0,0.0,0.0
2021,Famille monoparentale 2 enfants,3450,2173.979287833325,0.0,0.0,0.0
2021,Famille monoparentale 2 enfants,3475,2187.2974551145753,0.0,0.0,0.0
2021,Famille monoparentale 2 enfants,3500,2200.615622395825,0.0,0.0,0.0
2021,Famille monoparentale 3 enfants,0,883.0616102089286,600.2623550000001,0.0,496.4254
2021,Famille monoparentale 3 enfants,25,883.0616102089286,575.2623550000001,0.0,496.4254
2021,Famille monoparentale 3 enfants,50,883.0616102089286,550.2623550000001,0.0,496.4254
2021,Famille monoparentale 3 enfants,75,893.8099244946428,525.2623550000001,22.571459999999888,496.4254
2021,Famille monoparentale 3 enfants,100,901.0718292565476,500.26235500000007,37.82145999999989,496.4254
2021,Famille monoparentale 3 enfants,125,908.3337340184523,475.26235500000007,53.07145999999989,496.4254
2021,Famille monoparentale 3 enfants,150,915.5956387803571,450.26235500000007,68.32145999999989,496.4254
2021,Famille monoparentale 3 enfants,175,922.8575435422619,425.26235500000007,83.57145999999989,496.4254
2021,Famille monoparentale 3 enfants,200,930.1194483041667,400.26235500000007,98.82145999999989,496.4254
2021,Famille monoparentale 3 enfants,225,937.3813530660714,375.26235500000007,114.07145999999989,496.4254
2021,Famille monoparentale 3 enfants,250,944.6432578279762,350.26235500000007,129.3214599999999,496.4254
2021,Famille monoparentale 3 enfants,275,951.9051625898809,325.26235500000007,144.5714599999999,496.4254
2021,Famille monoparentale 3 enfants,300,959.1670673517857,300.26235500000007,159.8214599999999,496.4254
2021,Famille monoparentale 3 enfants,325,966.4289721136904,275.26235500000007,175.0714599999999,496.4254
2021,Famille monoparentale 3 enfants,350,973.6908768755952,250.26235500000007,190.3214599999999,496.4254
2021,Famille monoparentale 3 enfants,375,980.9527816375,225.26235500000007,205.5714599999999,496.4254
2021,Famille monoparentale 3 enfants,400,988.2146863994049,200.26235500000007,220.8214599999999,496.4254
2021,Famille monoparentale 3 enfants,425,988.9289721136905,175.26235500000007,236.0714599999999,496.4254
2021,Famille monoparentale 3 enfants,450,996.1908768755953,150.26235500000007,251.3214599999999,496.4254
2021,Famille monoparentale 3 enfants,475,1004.5688840613993,125.26235500000007,268.9152750901883,496.4254
2021,Famille monoparentale 3 enfants,500,1015.7917170146436,100.26235500000007,292.4832242920015,496.4254
2021,Famille monoparentale 3 enfants,525,1027.014549967888,75.26235500000007,316.05117349381476,496.4254
2021,Famille monoparentale 3 enfants,550,1038.2373829211324,50.26235500000007,339.619122695628,496.4254
2021,Famille monoparentale 3 enfants,575,1049.460215874377,25.26235500000007,363.18707189744123,496.4254
2021,Famille monoparentale 3 enfants,600,1060.5581178752402,0.0,386.75502109925446,496.4254
2021,Famille monoparentale 3 enfants,625,1071.9058817808655,0.0,385.58532530106754,496.4254
2021,Famille monoparentale 3 enfants,650,1083.12871473411,0.0,384.1532745028808,496.4254
2021,Famille monoparentale 3 enfants,675,1094.3515476873542,0.0,382.721223704694,496.4254
2021,Famille monoparentale 3 enfants,700,1105.5743806405985,0.0,381.28917290650725,496.4254
2021,Famille monoparentale 3 enfants,725,1116.797213593843,0.0,379.8571221083205,496.4254
2021,Famille monoparentale 3 enfants,750,1128.0200465470875,0.0,378.4250713101337,496.4254
2021,Famille monoparentale 3 enfants,775,1136.2648545185207,0.0,376.99302051194695,490.17154753819665
2021,Famille monoparentale 3 enfants,800,1144.4470595000014,0.0,375.56096971375996,483.7862287974933
2021,Famille monoparentale 3 enfants,825,1152.6292644814826,0.0,374.1289189155732,477.40091005679
2021,Famille monoparentale 3 enfants,850,1160.8114694629633,0.0,372.69686811738643,471.01559131608667
2021,Famille monoparentale 3 enfants,875,1168.9936744444442,0.0,371.26481731919966,464.63027257538334
2021,Famille monoparentale 3 enfants,900,1177.1758794259251,0.0,369.8327665210129,458.24495383467996
2021,Famille monoparentale 3 enfants,925,1185.358084407406,0.0,368.40071572282613,451.8596350939767
2021,Famille monoparentale 3 enfants,950,1193.540289388887,0.0,366.96866492463937,445.4743163532733
2021,Famille monoparentale 3 enfants,975,1198.0426336434857,0.0,357.8089066,439.08899761257
2021,Famille monoparentale 3 enfants,1000,1202.263910433627,0.0,348.0589066,432.7036788718667
2021,Famille monoparentale 3 enfants,1025,1206.4851872237682,0.0,338.3089066,426.31836013116333
2021,Famille monoparentale 3 enfants,1050,1210.7064640139095,0.0,328.5589066,419.93304139046
2021,Famille monoparentale 3 enfants,1075,1214.9277408040507,0.0,318.8089066,413.5477226497567
2021,Famille monoparentale 3 enfants,1100,1219.149017594192,0.0,309.0589066,407.16240390905335
2021,Famille monoparentale 3 enfants,1125,1223.3702943843332,0.0,299.3089066,400.77708516834997
2021,Famille monoparentale 3 enfants,1150,1220.0915711744744,0.0,289.5589066,394.39176642764664
2021,Famille monoparentale 3 enfants,1175,1224.312847964616,0.0,279.8089066,388.0064476869434
2021,Famille monoparentale 3 enfants,1200,1228.5341247547572,0.0,270.0589066,381.62112894624
2021,Famille monoparentale 3 enfants,1225,1232.7554015448982,0.0,260.3089066,375.23581020553667
2021,Famille monoparentale 3 enfants,1250,1236.9766783350397,0.0,250.5589066,368.8504914648333
2021,Famille monoparentale 3 enfants,1275,1241.1979551251811,0.0,240.8089066,362.46517272413
2021,Famille monoparentale 3 enfants,1300,1245.4192319153221,0.0,231.0589066,356.07985398342674
2021,Famille monoparentale 3 enfants,1325,1249.6405087054634,0.0,221.3089066,349.6945352427233
2021,Famille monoparentale 3 enfants,1350,1253.8617854956049,0.0,211.5589066,343.30921650202004
2021,Famille monoparentale 3 enfants,1375,1258.0830622857459,0.0,201.8089066,336.92389776131665
2021,Famille monoparentale 3 enfants,1400,1262.3043390758871,0.0,192.0589066,330.5385790206133
2021,Famille monoparentale 3 enfants,1425,1266.5256158660286,0.0,182.3089066,324.15326027991006
2021,Famille monoparentale 3 enfants,1450,1270.7468926561698,0.0,172.5589066,317.7679415392067
2021,Famille monoparentale 3 enfants,1475,1274.968169446311,0.0,162.8089066,311.3826227985033
2021,Famille monoparentale 3 enfants,1500,1279.1894462364523,0.0,153.0589066,304.9973040578001
2021,Famille monoparentale 3 enfants,1525,1283.4107230265936,0.0,143.3089066,298.6119853170967
2021,Famille monoparentale 3 enfants,1550,1287.6319998167348,0.0,133.5589066,292.2266665763933
2021,Famille monoparentale 3 enfants,1575,1291.853276606876,0.0,123.80890659999977,285.84134783569
2021,Famille monoparentale 3 enfants,1600,1296.074553397017,0.0,114.05890659999977,279.4560290949867
2021,Famille monoparentale 3 enfants,1625,1300.2958301871586,0.0,104.30890659999977,273.07071035428334
2021,Famille monoparentale 3 enfants,1650,1304.5171069772998,0.0,94.55890659999977,266.68539161357995
2021,Famille monoparentale 3 enfants,1675,1308.738383767441,0.0,84.80890659999977,260.3000728728767
2021,Famille monoparentale 3 enfants,1700,1312.9596605575823,0.0,75.05890659999977,253.91475413217333
2021,Famille monoparentale 3 enfants,1725,1317.1809373477238,0.0,65.30890659999977,247.52943539147003
2021,Famille monoparentale 3 enfants,1750,1321.402214137865,0.0,55.55890659999977,241.1441166507667
2021,Famille monoparentale 3 enfants,1775,1325.6234909280063,0.0,45.80890659999977,234.75879791006335
2021,Famille monoparentale 3 enfants,1800,1329.8447677181475,0.0,36.05890659999977,228.37347916936002
2021,Famille monoparentale 3 enfants,1825,1334.0660445082885,0.0,26.308906599999773,221.9881604286566
2021,Famille monoparentale 3 enfants,1850,1338.28732129843,0.0,16.558906599999773,215.6028416879533
2021,Famille monoparentale 3 enfants,1875,1339.2662616123807,0.0,0.0,209.21752294725005
2021,Famille monoparentale 3 enfants,1900,1348.1303955453793,0.0,0.0,202.8322042065466
2021,Famille monoparentale 3 enfants,1925,1356.994529478378,0.0,0.0,196.44688546584342
2021,Famille monoparentale 3 enfants,1950,1365.858663411376,0.0,0.0,190.06156672513998
2021,Famille monoparentale 3 enfants,1975,1374.7227973443746,0.0,0.0,183.67624798443663
2021,Famille monoparentale 3 enfants,2000,1383.5869312773732,0.0,0.0,177.29092924373342
2021,Famille monoparentale 3 enfants,2025,1392.4510652103713,0.0,0.0,170.90561050303
2021,Famille monoparentale 3 enfants,2050,1401.31519914337,0.0,0.0,164.52029176232662
2021,Famille monoparentale 3 enfants,2075,1410.179333076368,0.0,0.0,158.13497302162332
2021,Famille monoparentale 3 enfants,2100,1419.0434670093666,0.0,0.0,151.74965428092
2021,Famille monoparentale 3 enfants,2125,1423.7409342756982,0.0,0.0,145.36433554021664
2021,Famille monoparentale 3 enfants,2150,1432.6050682086968,0.0,0.0,138.97901679951335
2021,Famille monoparentale 3 enfants,2175,1441.4692021416952,0.0,0.0,132.59369805881002
2021,Famille monoparentale 3 enfants,2200,1409.393860653265,0.0,0.0,126.20837931810671
2021,Famille monoparentale 3 enfants,2225,1418.2579945862635,0.0,0.0,119.82306057740334
2021,Famille monoparentale 3 enfants,2250,1427.1221285192619,0.0,0.0,113.43774183669991
2021,Famille monoparentale 3 enfants,2275,1435.9862624522602,0.0,0.0,107.05242309599672
2021,Famille monoparentale 3 enfants,2300,1444.8503963852588,0.0,0.0,100.66710435529329
2021,Famille monoparentale 3 enfants,2325,1453.7145303182572,0.0,0.0,94.28178561459004
2021,Famille monoparentale 3 enfants,2350,1462.5786642512555,0.0,0.0,87.89646687388672
2021,Famille monoparentale 3 enfants,2375,1471.442798184254,0.0,0.0,81.5111481331833
2021,Famille monoparentale 3 enfants,2400,1480.3069321172522,0.0,0.0,75.12582939247999
2021,Famille monoparentale 3 enfants,2425,1489.1710660502506,0.0,0.0,68.74051065177673
2021,Famille monoparentale 3 enfants,2450,1498.0351999832492,0.0,0.0,62.35519191107331
2021,Famille monoparentale 3 enfants,2475,1506.8993339162475,0.0,0.0,55.96987317037
2021,Famille monoparentale 3 enfants,2500,1515.763467849246,0.0,0.0,49.58455442966663
2021,Famille monoparentale 3 enfants,2525,1524.6276017822445,0.0,0.0,43.19923568896332
2021,Famille monoparentale 3 enfants,2550,1533.4917357152428,0.0,0.0,36.81391694826001
2021,Famille monoparentale 3 enfants,2575,1542.3558696482412,0.0,0.0,30.428598207556696
2021,Famille monoparentale 3 enfants,2600,1551.2200035812396,0.0,0.0,24.043279466853328
2021,Famille monoparentale 3 enfants,2625,1560.084137514238,0.0,0.0,17.657960726149962
2021,Famille monoparentale 3 enfants,2650,1568.9482714472363,0.0,0.0,11.272641985446592
2021,Famille monoparentale 3 enfants,2675,1575.4851085970238,0.0,0.0,0.0
2021,Famille monoparentale 3 enfants,2700,1587.3898705017857,0.0,0.0,0.0
2021,Famille monoparentale 3 enfants,2725,1599.2946324065476,0.0,0.0,0.0
2021,Famille monoparentale 3 enfants,2750,1611.1993943113096,0.0,0.0,0.0
2021,Famille monoparentale 3 enfants,2775,1623.1041562160715,0.0,0.0,0.0
2021,Famille monoparentale 3 enfants,2800,1635.0089181208334,0.0,0.0,0.0
2021,Famille monoparentale 3 enfants,2825,1646.9136800255953,0.0,0.0,0.0
2021,Famille monoparentale 3 enfants,2850,1658.8184419303573,0.0,0.0,0.0
2021,Famille monoparentale 3 enfants,2875,1670.7232038351192,0.0,0.0,0.0
2021,Famille monoparentale 3 enfants,2900,1682.627965739881,0.0,0.0,0.0
2021,Famille monoparentale 3 enfants,2925,1694.5327276446428,0.0,0.0,0.0
2021,Famille monoparentale 3 enfants,2950,1706.4374895494047,0.0,0.0,0.0
2021,Famille monoparentale 3 enfants,2975,1718.3422514541667,0.0,0.0,0.0
2021,Famille monoparentale 3 enfants,3000,1730.2470133589286,0.0,0.0,0.0
2021,Famille monoparentale 3 enfants,3025,1742.1517752636905,0.0,0.0,0.0
2021,Famille monoparentale 3 enfants,3050,1754.0565371684525,0.0,0.0,0.0
2021,Famille monoparentale 3 enfants,3075,1765.9612990732144,0.0,0.0,0.0
2021,Famille monoparentale 3 enfants,3100,1777.8660609779763,0.0,0.0,0.0
2021,Famille monoparentale 3 enfants,3125,1789.7708228827382,0.0,0.0,0.0
2021,Famille monoparentale 3 enfants,3150,1801.6755847875,0.0,0.0,0.0
2021,Famille monoparentale 3 enfants,3175,1813.5803466922619,0.0,0.0,0.0
2021,Famille monoparentale 3 enfants,3200,1825.4851085970238,0.0,0.0,0.0
2021,Famille monoparentale 3 enfants,3225,1837.3898705017857,0.0,0.0,0.0
2021,Famille monoparentale 3 enfants,3250,1849.2946324065476,0.0,0.0,0.0
2021,Famille monoparentale 3 enfants,3275,1861.1993943113096,0.0,0.0,0.0
2021,Famille monoparentale 3 enfants,3300,1873.1041562160715,0.0,0.0,0.0
2021,Famille monoparentale 3 enfants,3325,1885.0089181208334,0.0,0.0,0.0
2021,Famille monoparentale 3 enfants,3350,1896.9136800255953,0.0,0.0,0.0
2021,Famille monoparentale 3 enfants,3375,1908.8184419303573,0.0,0.0,0.0
2021,Famille monoparentale 3 enfants,3400,1910.8015655252393,0.0,0.0,0.0
2021,Famille monoparentale 3 enfants,3425,1911.8359302295435,0.0,0.0,0.0
2021,Famille monoparentale 3 enfants,3450,1912.8702949338472,0.0,0.0,0.0
2021,Famille monoparentale 3 enfants,3475,1913.9046596381518,0.0,0.0,0.0
2021,Famille monoparentale 3 enfants,3500,1923.447389845238,0.0,0.0,0.0
2021,Couple mono-actif sans enfant,0,682.5221040340592,676.0694722613065,0.0,379.70195
2021,Couple mono-actif sans enfant,25,682.5221040340592,651.0694722613065,0.0,379.70195
2021,Couple mono-actif sans enfant,50,682.5221040340592,626.0694722613065,0.0,379.70195
2021,Couple mono-actif sans enfant,75,697.7684707007259,601.0694722613065,27.443460000000073,379.70195
2021,Couple mono-actif sans enfant,100,706.2406929229481,576.0694722613065,42.69346000000007,379.70195
2021,Couple mono-actif sans enfant,125,714.7129151451703,551.0694722613065,57.94346000000007,379.70195
2021,Couple mono-actif sans enfant,150,723.1851373673925,526.0694722613065,73.19346000000007,379.70195
2021,Couple mono-actif sans enfant,175,731.6573595896148,501.0694722613065,88.44346000000007,379.70195
2021,Couple mono-actif sans enfant,200,740.1295818118369,476.0694722613065,103.69346000000007,379.70195
2021,Couple mono-actif sans enfant,225,748.6018040340592,451.0694722613065,118.94346000000007,379.70195
2021,Couple mono-actif sans enfant,250,757.0740262562814,426.0694722613065,134.19346000000007,379.70195
2021,Couple mono-actif sans enfant,275,765.5462484785037,401.0694722613065,149.44346000000007,379.70195
2021,Couple mono-actif sans enfant,300,774.0184707007259,376.0694722613065,164.69346000000007,379.70195
2021,Couple mono-actif sans enfant,325,782.490692922948,351.0694722613065,179.94346000000007,379.70195
2021,Couple mono-actif sans enfant,350,790.9629151451703,326.0694722613065,195.19346000000007,379.70195
2021,Couple mono-actif sans enfant,375,799.4351373673925,301.0694722613065,210.44346000000007,379.70195
2021,Couple mono-actif sans enfant,400,807.9073595896148,276.0694722613065,225.69346000000007,379.70195
2021,Couple mono-actif sans enfant,425,816.3795818118369,251.0694722613065,240.94346000000007,379.70195
2021,Couple mono-actif sans enfant,450,824.8518040340592,226.0694722613065,256.1934600000001,379.70195
2021,Couple mono-actif sans enfant,475,834.6261457508306,201.0694722613065,273.7872750901885,379.70195
2021,Couple mono-actif sans enfant,500,847.719450862949,176.0694722613065,297.3552242920017,379.70195
2021,Couple mono-actif sans enfant,525,860.8127559750675,151.0694722613065,320.92317349381494,379.70195
2021,Couple mono-actif sans enfant,550,873.9060610871858,126.06947226130649,344.49112269562795,379.70195
2021,Couple mono-actif sans enfant,575,886.9993661993043,101.06947226130649,368.0590718974412,379.70195
2021,Couple mono-actif sans enfant,600,900.0926713114227,76.06947226130649,391.6270210992544,379.70195
2021,Couple mono-actif sans enfant,625,913.1859764235412,51.06947226130649,415.19497030106766,379.70195
2021,Couple mono-actif sans enfant,650,926.2792815356596,26.069472261306487,438.7629195028809,379.70195
2021,Couple mono-actif sans enfant,675,938.7784353914968,0.0,462.3308687046941,379.70195
2021,Couple mono-actif sans enfant,700,952.4658917598965,0.0,461.96829016781385,379.70195
2021,Couple mono-actif sans enfant,725,962.235626682468,0.0,460.53623936962686,373.71952365881555
2021,Couple mono-actif sans enfant,750,970.724208296671,0.0,459.1041885714401,365.43102136256783
2021,Couple mono-actif sans enfant,775,979.2127899108742,0.0,457.6721377732533,357.1425190663201
2021,Couple mono-actif sans enfant,800,987.7013715250771,0.0,456.24008697506656,348.85401677007235
2021,Couple mono-actif sans enfant,825,996.1899531392803,0.0,454.8080361768798,340.5655144738246
2021,Couple mono-actif sans enfant,850,1004.6785347534833,0.0,453.37598537869303,332.2770121775769
2021,Couple mono-actif sans enfant,875,1013.1671163676863,0.0,451.94393458050627,323.9885098813292
2021,Couple mono-actif sans enfant,900,1021.6556979818893,0.0,450.5118837823193,315.7000075850814
2021,Couple mono-actif sans enfant,925,1030.1442795960922,0.0,449.0798329841325,307.41150528883367
2021,Couple mono-actif sans enfant,950,1038.6328612102952,0.0,447.64778218594574,299.1230029925859
2021,Couple mono-actif sans enfant,975,1042.828271976469,0.0,438.4880238613064,290.8345006963382
2021,Couple mono-actif sans enfant,1000,1046.695770700776,0.0,428.7380238613064,282.54599840009047
2021,Couple mono-actif sans enfant,1025,1050.5632694250828,0.0,418.9880238613064,274.2574961038427
2021,Couple mono-actif sans enfant,1050,1054.4307681493897,0.0,409.2380238613064,265.968993807595
2021,Couple mono-actif sans enfant,1075,1058.2982668736963,0.0,399.4880238613064,257.6804915113472
2021,Couple mono-actif sans enfant,1100,1062.1657655980032,0.0,389.7380238613064,249.3919892150995
2021,Couple mono-actif sans enfant,1125,1066.03326432231,0.0,379.9880238613064,241.10348691885173
2021,Couple mono-actif sans enfant,1150,1069.9007630466167,0.0,370.2380238613064,232.814984622604
2021,Couple mono-actif sans enfant,1175,1073.7682617709238,0.0,360.4880238613064,224.52648232635633
2021,Couple mono-actif sans enfant,1200,1077.6357604952304,0.0,350.7380238613064,216.23798003010853
2021,Couple mono-actif sans enfant,1225,1081.5032592195373,0.0,340.9880238613064,207.9494777338608
2021,Couple mono-actif sans enfant,1250,1085.3707579438442,0.0,331.2380238613064,199.66097543761302
2021,Couple mono-actif sans enfant,1275,1089.2382566681508,0.0,321.4880238613064,191.37247314136533
2021,Couple mono-actif sans enfant,1300,1093.1057553924577,0.0,311.7380238613064,183.08397084511762
2021,Couple mono-actif sans enfant,1325,1096.9732541167646,0.0,301.9880238613064,174.79546854886982
2021,Couple mono-actif sans enfant,1350,1100.8407528410712,0.0,292.2380238613064,166.5069662526221
2021,Couple mono-actif sans enfant,1375,1108.080504922948,0.0,288.55807990493213,158.21846395637436
2021,Couple mono-actif sans enfant,1400,1116.5527271451701,0.0,287.0965822011799,149.9299616601266
2021,Couple mono-actif sans enfant,1425,1125.0249493673923,0.0,285.63508449742744,141.6414593638789
2021,Couple mono-actif sans enfant,1450,1133.4971715896147,0.0,284.1735867936752,133.35295706763114
2021,Couple mono-actif sans enfant,1475,1141.969393811837,0.0,282.7120890899232,125.06445477138334
2021,Couple mono-actif sans enfant,1500,1150.441616034059,0.0,281.25059138617075,116.77595247513567
2021,Couple mono-actif sans enfant,1525,1158.9138382562812,0.0,279.7890936824185,108.48745017888794
2021,Couple mono-actif sans enfant,1550,1167.3860604785034,0.0,278.3275959786663,100.19894788264016
2021,Couple mono-actif sans enfant,1575,1175.8582827007258,0.0,276.86609827491407,91.91044558639243
2021,Couple mono-actif sans enfant,1600,1184.330504922948,0.0,275.4046005711616,83.62194329014476
2021,Couple mono-actif sans enfant,1625,1192.8027271451701,0.0,273.9431028674094,75.33344099389691
2021,Couple mono-actif sans enfant,1650,1201.2749493673923,0.0,272.48160516365715,67.04493869764913
2021,Couple mono-actif sans enfant,1675,1209.7471715896147,0.0,271.0201074599049,58.75643640140151
2021,Couple mono-actif sans enfant,1700,1218.2193938118369,0.0,269.5586097561527,50.467934105153724
2021,Couple mono-actif sans enfant,1725,1226.691616034059,0.0,268.09711205240046,42.179431808905996
2021,Couple mono-actif sans enfant,1750,1235.1638382562815,0.0,266.63561434864823,33.890929512658325
2021,Couple mono-actif sans enfant,1775,1243.6360604785034,0.0,265.174116644896,25.602427216410483
2021,Couple mono-actif sans enfant,1800,1252.108282700726,0.0,263.7126189411438,17.31392492016281
2021,Couple mono-actif sans enfant,1825,1260.580504922948,0.0,271.27654386130644,0.0
2021,Couple mono-actif sans enfant,1850,1269.0527271451701,0.0,261.52654386130644,0.0
2021,Couple mono-actif sans enfant,1875,1277.5249493673923,0.0,251.77654386130644,0.0
2021,Couple mono-actif sans enfant,1900,1285.9971715896147,0.0,242.02654386130644,0.0
2021,Couple mono-actif sans enfant,1925,1294.4693938118369,0.0,232.27654386130644,0.0
2021,Couple mono-actif sans enfant,1950,1302.941616034059,0.0,222.52654386130644,0.0
2021,Couple mono-actif sans enfant,1975,1311.4138382562812,0.0,212.77654386130644,0.0
2021,Couple mono-actif sans enfant,2000,1319.8860604785034,0.0,203.02654386130644,0.0
2021,Couple mono-actif sans enfant,2025,1328.3582827007258,0.0,193.27654386130644,0.0
2021,Couple mono-actif sans enfant,2050,1336.830504922948,0.0,183.52654386130644,0.0
2021,Couple mono-actif sans enfant,2075,1345.3027271451701,0.0,173.77654386130644,0.0
2021,Couple mono-actif sans enfant,2100,1353.7749493673923,0.0,164.02654386130644,0.0
2021,Couple mono-actif sans enfant,2125,1362.2471715896147,0.0,154.27654386130644,0.0
2021,Couple mono-actif sans enfant,2150,1370.7193938118369,0.0,144.52654386130644,0.0
2021,Couple mono-actif sans enfant,2175,1379.191616034059,0.0,134.77654386130644,0.0
2021,Couple mono-actif sans enfant,2200,1387.6638382562812,0.0,125.02654386130644,0.0
2021,Couple mono-actif sans enfant,2225,1396.1360604785034,0.0,115.27654386130644,0.0
2021,Couple mono-actif sans enfant,2250,1404.6082827007258,0.0,105.52654386130644,0.0
2021,Couple mono-actif sans enfant,2275,1413.080504922948,0.0,95.77654386130644,0.0
2021,Couple mono-actif sans enfant,2300,1421.5527271451701,0.0,86.02654386130644,0.0
2021,Couple mono-actif sans enfant,2325,1430.0249493673923,0.0,76.27654386130644,0.0
2021,Couple mono-actif sans enfant,2350,1438.4971715896147,0.0,66.52654386130644,0.0
2021,Couple mono-actif sans enfant,2375,1446.9693938118369,0.0,56.776543861306436,0.0
2021,Couple mono-actif sans enfant,2400,1455.441616034059,0.0,47.026543861306436,0.0
2021,Couple mono-actif sans enfant,2425,1463.9138382562812,0.0,37.276543861306436,0.0
2021,Couple mono-actif sans enfant,2450,1472.3860604785034,0.0,27.526543861306436,0.0
2021,Couple mono-actif sans enfant,2475,1480.8582827007258,0.0,17.776543861306436,0.0
2021,Couple mono-actif sans enfant,2500,1484.8713138888888,0.0,0.0,0.0
2021,Couple mono-actif sans enfant,2525,1498.7602027777777,0.0,0.0,0.0
2021,Couple mono-actif sans enfant,2550,1512.6490916666667,0.0,0.0,0.0
2021,Couple mono-actif sans enfant,2575,1526.5379805555556,0.0,0.0,0.0
2021,Couple mono-actif sans enfant,2600,1540.4268694444443,0.0,0.0,0.0
2021,Couple mono-actif sans enfant,2625,1554.3157583333332,0.0,0.0,0.0
2021,Couple mono-actif sans enfant,2650,1568.204647222222,0.0,0.0,0.0
2021,Couple mono-actif sans enfant,2675,1582.093536111111,0.0,0.0,0.0
2021,Couple mono-actif sans enfant,2700,1595.982425,0.0,0.0,0.0
2021,Couple mono-actif sans enfant,2725,1609.8713138888888,0.0,0.0,0.0
2021,Couple mono-actif sans enfant,2750,1623.7602027777777,0.0,0.0,0.0
2021,Couple mono-actif sans enfant,2775,1637.6490916666667,0.0,0.0,0.0
2021,Couple mono-actif sans enfant,2800,1651.5379805555554,0.0,0.0,0.0
2021,Couple mono-actif sans enfant,2825,1665.4268694444443,0.0,0.0,0.0
2021,Couple mono-actif sans enfant,2850,1631.3245458333333,0.0,0.0,0.0
2021,Couple mono-actif sans enfant,2875,1645.2134347222222,0.0,0.0,0.0
2021,Couple mono-actif sans enfant,2900,1659.102323611111,0.0,0.0,0.0
2021,Couple mono-actif sans enfant,2925,1672.9912124999998,0.0,0.0,0.0
2021,Couple mono-actif sans enfant,2950,1686.8801013888888,0.0,0.0,0.0
2021,Couple mono-actif sans enfant,2975,1700.7689902777777,0.0,0.0,0.0
2021,Couple mono-actif sans enfant,3000,1714.6578791666666,0.0,0.0,0.0
2021,Couple mono-actif sans enfant,3025,1726.5751929536975,0.0,0.0,0.0
2021,Couple mono-actif sans enfant,3050,1738.413563870364,0.0,0.0,0.0
2021,Couple mono-actif sans enfant,3075,1750.2519347870307,0.0,0.0,0.0
2021,Couple mono-actif sans enfant,3100,1762.0903057036971,0.0,0.0,0.0
2021,Couple mono-actif sans enfant,3125,1773.928676620364,0.0,0.0,0.0
2021,Couple mono-actif sans enfant,3150,1785.7670475370307,0.0,0.0,0.0
2021,Couple mono-actif sans enfant,3175,1797.6054184536972,0.0,0.0,0.0
2021,Couple mono-actif sans enfant,3200,1809.443789370364,0.0,0.0,0.0
2021,Couple mono-actif sans enfant,3225,1821.2821602870306,0.0,0.0,0.0
2021,Couple mono-actif sans enfant,3250,1833.120531203697,0.0,0.0,0.0
2021,Couple mono-actif sans enfant,3275,1844.9589021203637,0.0,0.0,0.0
2021,Couple mono-actif sans enfant,3300,1856.7972730370302,0.0,0.0,0.0
2021,Couple mono-actif sans enfant,3325,1868.635643953697,0.0,0.0,0.0
2021,Couple mono-actif sans enfant,3350,1880.4740148703636,0.0,0.0,0.0
2021,Couple mono-actif sans enfant,3375,1892.31238578703,0.0,0.0,0.0
2021,Couple mono-actif sans enfant,3400,1856.159544203697,0.0,0.0,0.0
2021,Couple mono-actif sans enfant,3425,1867.9979151203634,0.0,0.0,0.0
2021,Couple mono-actif sans enfant,3450,1879.83628603703,0.0,0.0,0.0
2021,Couple mono-actif sans enfant,3475,1891.6746569536965,0.0,0.0,0.0
2021,Couple mono-actif sans enfant,3500,1903.5130278703632,0.0,0.0,0.0
2021,Couple mono-actif avec enfant(s),0,742.0872819922619,886.56882,0.0,438.06865
2021,Couple mono-actif avec enfant(s),25,742.0872819922619,861.56882,0.0,438.06865
2021,Couple mono-actif avec enfant(s),50,742.0872819922619,836.56882,0.0,438.06865
2021,Couple mono-actif avec enfant(s),75,753.4155962779761,811.56882,23.789459999999963,438.06865
2021,Couple mono-actif avec enfant(s),100,760.6775010398809,786.56882,39.03945999999996,438.06865
2021,Couple mono-actif avec enfant(s),125,767.9394058017856,761.56882,54.28945999999996,438.06865
2021,Couple mono-actif avec enfant(s),150,775.2013105636904,736.56882,69.53945999999996,438.06865
2021,Couple mono-actif avec enfant(s),175,782.4632153255952,711.56882,84.78945999999996,438.06865
2021,Couple mono-actif avec enfant(s),200,789.7251200874999,686.56882,100.03945999999996,438.06865
2021,Couple mono-actif avec enfant(s),225,796.9870248494047,661.56882,115.28945999999996,438.06865
2021,Couple mono-actif avec enfant(s),250,804.2489296113094,636.56882,130.53945999999996,438.06865
2021,Couple mono-actif avec enfant(s),275,811.5108343732143,611.56882,145.78945999999996,438.06865
2021,Couple mono-actif avec enfant(s),300,818.772739135119,586.56882,161.03945999999996,438.06865
2021,Couple mono-actif avec enfant(s),325,826.0346438970238,561.56882,176.28945999999996,438.06865
2021,Couple mono-actif avec enfant(s),350,826.7489296113094,536.56882,191.53945999999996,438.06865
2021,Couple mono-actif avec enfant(s),375,834.0108343732143,511.56881999999996,206.78945999999996,438.06865
2021,Couple mono-actif avec enfant(s),400,841.272739135119,486.56881999999996,222.03945999999996,438.06865
2021,Couple mono-actif avec enfant(s),425,848.5346438970238,461.56881999999996,237.28945999999996,438.06865
2021,Couple mono-actif avec enfant(s),450,855.7965486589285,436.56881999999996,252.53945999999996,438.06865
2021,Couple mono-actif avec enfant(s),475,864.1745558447325,411.56881999999996,270.13327509018836,438.06865
2021,Couple mono-actif avec enfant(s),500,875.3973887979769,386.56881999999996,293.7012242920016,438.06865
2021,Couple mono-actif avec enfant(s),525,886.6202217512213,361.56881999999996,317.26917349381483,438.06865
2021,Couple mono-actif avec enfant(s),550,897.8430547044657,336.56881999999996,340.83712269562807,438.06865
2021,Couple mono-actif avec enfant(s),575,909.06588765771,311.56881999999996,364.4050718974413,438.06865
2021,Couple mono-actif avec enfant(s),600,920.2887206109544,286.56881999999996,387.97302109925454,438.06865
2021,Couple mono-actif avec enfant(s),625,931.5115535641988,261.56881999999996,411.54097030106755,438.06865
2021,Couple mono-actif avec enfant(s),650,942.7343865174432,236.56881999999996,435.1089195028808,438.06865
2021,Couple mono-actif avec enfant(s),675,953.9572194706876,211.56881999999996,458.676868704694,438.06865
2021,Couple mono-actif avec enfant(s),700,965.180052423932,186.56881999999996,482.24481790650725,438.06865
2021,Couple mono-actif avec enfant(s),725,976.0965088830666,161.56881999999996,505.8127671083205,437.42525936236933
2021,Couple mono-actif avec enfant(s),750,983.7927387675485,136.56881999999996,529.3807163101337,430.0193929179682
2021,Couple mono-actif avec enfant(s),775,991.4889686520304,111.56881999999996,552.948665511947,422.61352647356716
2021,Couple mono-actif avec enfant(s),800,999.1851985365125,86.56881999999996,576.51661471376,415.20766002916616
2021,Couple mono-actif avec enfant(s),825,1006.8814284209942,61.56881999999996,600.0845639155732,407.80179358476505
2021,Couple mono-actif avec enfant(s),850,1014.5776583054763,36.56881999999996,623.6525131173864,400.395927140364
2021,Couple mono-actif avec enfant(s),875,1022.2738881899585,11.56881999999996,647.2204623191997,392.990060695963
2021,Couple mono-actif avec enfant(s),900,1029.9701180744403,0.0,657.3572315210129,385.5841942515619
2021,Couple mono-actif avec enfant(s),925,1037.6663479589222,0.0,655.9251807228261,378.17832780716077
2021,Couple mono-actif avec enfant(s),950,1045.362577843404,0.0,654.4931299246391,370.7724613627597
2021,Couple mono-actif avec enfant(s),975,1041.8789470010042,0.0,645.3333716,363.3665949183587
2021,Couple mono-actif avec enfant(s),1000,1045.6142486941467,0.0,635.5833716,355.9607284739577
2021,Couple mono-actif avec enfant(s),1025,1049.3495503872887,0.0,625.8333716,348.5548620295566
2021,Couple mono-actif avec enfant(s),1050,1053.0848520804311,0.0,616.0833716,341.14899558515555
2021,Couple mono-actif avec enfant(s),1075,1056.8201537735736,0.0,606.3333716,333.74312914075443
2021,Couple mono-actif avec enfant(s),1100,1060.555455466716,0.0,596.5833716,326.33726269635343
2021,Couple mono-actif avec enfant(s),1125,1064.290757159858,0.0,586.8333716,318.9313962519523
2021,Couple mono-actif avec enfant(s),1150,1068.0260588530004,0.0,577.0833716,311.52552980755127
2021,Couple mono-actif avec enfant(s),1175,1071.761360546143,0.0,567.3333716,304.11966336315027
2021,Couple mono-actif avec enfant(s),1200,1075.4966622392853,0.0,557.5833715999997,296.7137969187492
2021,Couple mono-actif avec enfant(s),1225,1079.2319639324276,0.0,547.8333715999997,289.3079304743481
2021,Couple mono-actif avec enfant(s),1250,1082.96726562557,0.0,538.0833715999997,281.90206402994704
2021,Couple mono-actif avec enfant(s),1275,1086.7025673187122,0.0,528.3333715999997,274.496197585546
2021,Couple mono-actif avec enfant(s),1300,1090.4378690118544,0.0,518.5833715999997,267.090331141145
2021,Couple mono-actif avec enfant(s),1325,1094.173170704997,0.0,508.83337159999974,259.6844646967439
2021,Couple mono-actif avec enfant(s),1350,1097.9084723981393,0.0,499.08337159999974,252.27859825234285
2021,Couple mono-actif avec enfant(s),1375,1101.6437740912818,0.0,489.33337159999974,244.87273180794173
2021,Couple mono-actif avec enfant(s),1400,1105.3790757844238,0.0,479.58337159999974,237.46686536354068
2021,Couple mono-actif avec enfant(s),1425,1109.1143774775662,0.0,469.83337159999974,230.06099891913965
2021,Couple mono-actif avec enfant(s),1450,1112.8496791707087,0.0,460.08337159999974,222.6551324747386
2021,Couple mono-actif avec enfant(s),1475,1116.584980863851,0.0,450.33337159999974,215.24926603033754
2021,Couple mono-actif avec enfant(s),1500,1120.3202825569933,0.0,440.58337159999974,207.84339958593648
2021,Couple mono-actif avec enfant(s),1525,1124.0555842501358,0.0,430.83337159999974,200.43753314153545
2021,Couple mono-actif avec enfant(s),1550,1127.7908859432782,0.0,421.08337159999974,193.03166669713434
2021,Couple mono-actif avec enfant(s),1575,1131.5261876364204,0.0,411.33337159999974,185.62580025273334
2021,Couple mono-actif avec enfant(s),1600,1135.261489329563,0.0,401.58337159999974,178.21993380833226
2021,Couple mono-actif avec enfant(s),1625,1138.9967910227053,0.0,391.83337159999974,170.81406736393114
2021,Couple mono-actif avec enfant(s),1650,1143.1512922779762,0.0,382.9636906804699,163.40820091953003
2021,Couple mono-actif avec enfant(s),1675,1150.4131970398807,0.0,380.6195571248709,156.00233447512906
2021,Couple mono-actif avec enfant(s),1700,1157.6751018017856,0.0,378.2754235692719,148.59646803072795
2021,Couple mono-actif avec enfant(s),1725,1164.9370065636904,0.0,375.9312900136729,141.19060158632695
2021,Couple mono-actif avec enfant(s),1750,1172.1989113255952,0.0,373.5871564580739,133.78473514192592
2021,Couple mono-actif avec enfant(s),1775,1175.294149420833,0.0,371.2430229024749,126.37886869752481
2021,Couple mono-actif avec enfant(s),1800,1182.5560541827379,0.0,368.8988893468759,118.97300225312375
2021,Couple mono-actif avec enfant(s),1825,1189.8179589446427,0.0,366.55475579127733,111.56713580872263
2021,Couple mono-actif avec enfant(s),1850,1197.0798637065475,0.0,364.21062223567833,104.16126936432161
2021,Couple mono-actif avec enfant(s),1875,1204.3417684684523,0.0,361.8664886800793,96.75540291992061
2021,Couple mono-actif avec enfant(s),1900,1211.6036732303571,0.0,359.5223551244803,89.34953647551949
2021,Couple mono-actif avec enfant(s),1925,1218.8655779922617,0.0,357.1782215688813,81.94367003111853
2021,Couple mono-actif avec enfant(s),1950,1226.1274827541665,0.0,354.8340880132823,74.53780358671742
2021,Couple mono-actif avec enfant(s),1975,1233.389387516071,0.0,352.4899544576833,67.13193714231629
2021,Couple mono-actif avec enfant(s),2000,1240.651292277976,0.0,350.1458209020843,59.72607069791534
2021,Couple mono-actif avec enfant(s),2025,1247.9131970398807,0.0,347.8016873464858,52.32020425351422
2021,Couple mono-actif avec enfant(s),2050,1255.1751018017856,0.0,345.4575537908868,44.9143378091131
2021,Couple mono-actif avec enfant(s),2075,1262.4370065636904,0.0,343.1134202352878,37.50847136471209
2021,Couple mono-actif avec enfant(s),2100,1269.6989113255952,0.0,340.7692866796888,30.102604920311084
2021,Couple mono-actif avec enfant(s),2125,1276.9608160874998,0.0,338.4251531240898,22.696738475909903
2021,Couple mono-actif avec enfant(s),2150,1284.2227208494044,0.0,336.0810195684908,15.290872031508897
2021,Couple mono-actif avec enfant(s),2175,1291.4846256113094,0.0,341.6218915999998,0.0
2021,Couple mono-actif avec enfant(s),2200,1298.7465303732142,0.0,331.8718915999998,0.0
2021,Couple mono-actif avec enfant(s),2225,1306.008435135119,0.0,322.1218915999998,0.0
2021,Couple mono-actif avec enfant(s),2250,1313.2703398970236,0.0,312.3718915999998,0.0
2021,Couple mono-actif avec enfant(s),2275,1320.5322446589284,0.0,302.6218915999998,0.0
2021,Couple mono-actif avec enfant(s),2300,1327.7941494208333,0.0,292.8718915999998,0.0
2021,Couple mono-actif avec enfant(s),2325,1335.056054182738,0.0,283.1218915999998,0.0
2021,Couple mono-actif avec enfant(s),2350,1342.3179589446427,0.0,273.3718915999998,0.0
2021,Couple mono-actif avec enfant(s),2375,1349.5798637065475,0.0,263.6218915999998,0.0
2021,Couple mono-actif avec enfant(s),2400,1356.8417684684523,0.0,253.8718915999998,0.0
2021,Couple mono-actif avec enfant(s),2425,1364.1036732303571,0.0,244.1218915999998,0.0
2021,Couple mono-actif avec enfant(s),2450,1371.3655779922617,0.0,234.3718915999998,0.0
2021,Couple mono-actif avec enfant(s),2475,1378.6274827541665,0.0,224.6218915999998,0.0
2021,Couple mono-actif avec enfant(s),2500,1385.8893875160713,0.0,214.8718915999998,0.0
2021,Couple mono-actif avec enfant(s),2525,1393.1512922779762,0.0,205.1218915999998,0.0
2021,Couple mono-actif avec enfant(s),2550,1400.4131970398807,0.0,195.3718915999998,0.0
2021,Couple mono-actif avec enfant(s),2575,1407.6751018017856,0.0,185.6218915999998,0.0
2021,Couple mono-actif avec enfant(s),2600,1414.9370065636904,0.0,175.8718915999998,0.0
2021,Couple mono-actif avec enfant(s),2625,1422.1989113255952,0.0,166.1218915999998,0.0
2021,Couple mono-actif avec enfant(s),2650,1429.4608160874998,0.0,156.3718915999998,0.0
2021,Couple mono-actif avec enfant(s),2675,1436.7227208494046,0.0,146.6218915999998,0.0
2021,Couple mono-actif avec enfant(s),2700,1443.9846256113094,0.0,136.8718915999998,0.0
2021,Couple mono-actif avec enfant(s),2725,1451.2465303732142,0.0,127.1218915999998,0.0
2021,Couple mono-actif avec enfant(s),2750,1458.5084351351188,0.0,117.3718915999998,0.0
2021,Couple mono-actif avec enfant(s),2775,1465.7703398970236,0.0,107.6218915999998,0.0
2021,Couple mono-actif avec enfant(s),2800,1473.0322446589284,0.0,97.8718915999998,0.0
2021,Couple mono-actif avec enfant(s),2825,1480.2941494208333,0.0,88.1218915999998,0.0
2021,Couple mono-actif avec enfant(s),2850,1484.9180749178504,0.0,78.3718915999998,0.0
2021,Couple mono-actif avec enfant(s),2875,1481.3095824792974,0.0,68.6218915999998,0.0
2021,Couple mono-actif avec enfant(s),2900,1477.7010900407442,0.0,58.8718915999998,0.0
2021,Couple mono-actif avec enfant(s),2925,1479.1416169523807,0.0,49.1218915999998,0.0
2021,Couple mono-actif avec enfant(s),2950,1486.4035217142855,0.0,39.3718915999998,0.0
2021,Couple mono-actif avec enfant(s),2975,1493.6654264761903,0.0,29.6218915999998,0.0
2021,Couple mono-actif avec enfant(s),3000,1500.9273312380951,0.0,19.8718915999998,0.0
2021,Couple mono-actif avec enfant(s),3025,1503.3692876190476,0.0,0.0,0.0
2021,Couple mono-actif avec enfant(s),3050,1515.2740495238095,0.0,0.0,0.0
2021,Couple mono-actif avec enfant(s),3075,1527.1788114285714,0.0,0.0,0.0
2021,Couple mono-actif avec enfant(s),3100,1539.0835733333333,0.0,0.0,0.0
2021,Couple mono-actif avec enfant(s),3125,1550.988335238095,0.0,0.0,0.0
2021,Couple mono-actif avec enfant(s),3150,1562.893097142857,0.0,0.0,0.0
2021,Couple mono-actif avec enfant(s),3175,1574.7978590476189,0.0,0.0,0.0
2021,Couple mono-actif avec enfant(s),3200,1586.7026209523808,0.0,0.0,0.0
2021,Couple mono-actif avec enfant(s),3225,1598.6073828571427,0.0,0.0,0.0
2021,Couple mono-actif avec enfant(s),3250,1610.5121447619047,0.0,0.0,0.0
2021,Couple mono-actif avec enfant(s),3275,1622.4169066666666,0.0,0.0,0.0
2021,Couple mono-actif avec enfant(s),3300,1634.3216685714285,0.0,0.0,0.0
2021,Couple mono-actif avec enfant(s),3325,1646.2264304761904,0.0,0.0,0.0
2021,Couple mono-actif avec enfant(s),3350,1658.1311923809524,0.0,0.0,0.0
2021,Couple mono-actif avec enfant(s),3375,1670.035954285714,0.0,0.0,0.0
2021,Couple mono-actif avec enfant(s),3400,1681.940716190476,0.0,0.0,0.0
2021,Couple mono-actif avec enfant(s),3425,1693.845478095238,0.0,0.0,0.0
2021,Couple mono-actif avec enfant(s),3450,1705.7502399999998,0.0,0.0,0.0
2021,Couple mono-actif avec enfant(s),3475,1717.6550019047618,0.0,0.0,0.0
2021,Couple mono-actif avec enfant(s),3500,1728.8640079365018,0.0,0.0,0.0
2021,Couple bi-actif avec enfant(s),0,1231.9370065636906,0.0,352.9587811688034,68.61311043119657
2021,Couple bi-actif avec enfant(s),25,1239.1989113255952,0.0,350.6146476132044,61.207243986795454
2021,Couple bi-actif avec enfant(s),50,1246.4608160875,0.0,348.2705140576054,53.80137754239445
2021,Couple bi-actif avec enfant(s),75,1253.7227208494048,0.0,345.92638050200685,46.39551109799338
2021,Couple bi-actif avec enfant(s),100,1260.9846256113096,0.0,343.58224694640785,38.98964465359226
2021,Couple bi-actif avec enfant(s),125,1268.2465303732142,0.0,341.23811339080885,31.58377820919125
2021,Couple bi-actif avec enfant(s),150,1275.508435135119,0.0,338.89397983520985,24.17791176479024
2021,Couple bi-actif avec enfant(s),175,1282.7703398970239,0.0,336.54984627961085,16.772045320389065
2021,Couple bi-actif avec enfant(s),200,1290.0322446589287,0.0,343.5718916000001,0.0
2021,Couple bi-actif avec enfant(s),225,1297.2941494208333,0.0,333.8218916000001,0.0
2021,Couple bi-actif avec enfant(s),250,1304.556054182738,0.0,324.0718916000001,0.0
2021,Couple bi-actif avec enfant(s),275,1311.817958944643,0.0,314.3218916000001,0.0
2021,Couple bi-actif avec enfant(s),300,1319.0798637065477,0.0,304.5718916000001,0.0
2021,Couple bi-actif avec enfant(s),325,1326.3417684684523,0.0,294.8218916000001,0.0
2021,Couple bi-actif avec enfant(s),350,1333.6036732303571,0.0,285.0718916000001,0.0
2021,Couple bi-actif avec enfant(s),375,1340.865577992262,0.0,275.3218916000001,0.0
2021,Couple bi-actif avec enfant(s),400,1348.1274827541667,0.0,265.5718916000001,0.0
2021,Couple bi-actif avec enfant(s),425,1355.3893875160713,0.0,255.82189160000007,0.0
2021,Couple bi-actif avec enfant(s),450,1362.6512922779762,0.0,246.07189160000007,0.0
2021,Couple bi-actif avec enfant(s),475,1371.0292994637803,0.0,238.66570669018847,0.0
2021,Couple bi-actif avec enfant(s),500,1382.2521324170245,0.0,237.23365589200148,0.0
2021,Couple bi-actif avec enfant(s),525,1393.474965370269,0.0,235.80160509381494,0.0
2021,Couple bi-actif avec enfant(s),550,1404.6977983235136,0.0,234.3695542956284,0.0
2021,Couple bi-actif avec enfant(s),575,1415.9206312767578,0.0,232.9375034974414,0.0
2021,Couple bi-actif avec enfant(s),600,1427.143464230002,0.0,231.50545269925442,0.0
2021,Couple bi-actif avec enfant(s),625,1438.3662971832466,0.0,230.07340190106788,0.0
2021,Couple bi-actif avec enfant(s),650,1449.589130136491,0.0,228.6413511028809,0.0
2021,Couple bi-actif avec enfant(s),675,1460.8119630897352,0.0,227.2093003046939,0.0
2021,Couple bi-actif avec enfant(s),700,1472.0347960429797,0.0,225.77724950650736,0.0
2021,Couple bi-actif avec enfant(s),725,1483.2576289962242,0.0,224.34519870832082,0.0
2021,Couple bi-actif avec enfant(s),750,1494.4804619494682,0.0,222.91314791013338,0.0
2021,Couple bi-actif avec enfant(s),775,1505.7032949027127,0.0,221.48109711194684,0.0
2021,Couple bi-actif avec enfant(s),800,1516.9261278559572,0.0,220.0490463137603,0.0
2021,Couple bi-actif avec enfant(s),825,1528.1489608092015,0.0,218.6169955155733,0.0
2021,Couple bi-actif avec enfant(s),850,1539.3717937624458,0.0,217.18494471738632,0.0
2021,Couple bi-actif avec enfant(s),875,1550.1307268908943,0.0,215.75289391919978,0.0
2021,Couple bi-actif avec enfant(s),900,1550.483162643681,0.0,214.32084312101324,0.0
2021,Couple bi-actif avec enfant(s),925,1550.835598396467,0.0,212.8887923228258,0.0
2021,Couple bi-actif avec enfant(s),950,1554.062974059352,0.0,211.45674152463926,0.0
2021,Couple bi-actif avec enfant(s),975,1561.605946285714,0.0,202.2969831999999,0.0
2021,Couple bi-actif avec enfant(s),1000,1568.8678510476188,0.0,192.5469831999999,0.0
2021,Couple bi-actif avec enfant(s),1025,1576.1297558095237,0.0,182.7969831999999,0.0
2021,Couple bi-actif avec enfant(s),1050,1583.3916605714285,0.0,173.0469831999999,0.0
2021,Couple bi-actif avec enfant(s),1075,1590.653565333333,0.0,163.2969831999999,0.0
2021,Couple bi-actif avec enfant(s),1100,1597.9154700952379,0.0,153.5469831999999,0.0
2021,Couple bi-actif avec enfant(s),1125,1605.1773748571427,0.0,143.7969831999999,0.0
2021,Couple bi-actif avec enfant(s),1150,1612.4392796190475,0.0,134.0469831999999,0.0
2021,Couple bi-actif avec enfant(s),1175,1619.7011843809523,0.0,124.29698319999989,0.0
2021,Couple bi-actif avec enfant(s),1200,1626.963089142857,0.0,114.54698319999989,0.0
2021,Couple bi-actif avec enfant(s),1225,1634.2249939047617,0.0,104.79698319999989,0.0
2021,Couple bi-actif avec enfant(s),1250,1641.4868986666665,0.0,95.04698319999989,0.0
2021,Couple bi-actif avec enfant(s),1275,1648.7488034285714,0.0,85.29698319999989,0.0
2021,Couple bi-actif avec enfant(s),1300,1656.010708190476,0.0,75.54698319999989,0.0
2021,Couple bi-actif avec enfant(s),1325,1663.2726129523808,0.0,65.79698319999989,0.0
2021,Couple bi-actif avec enfant(s),1350,1670.5345177142856,0.0,56.046983199999886,0.0
2021,Couple bi-actif avec enfant(s),1375,1677.7964224761904,0.0,46.296983199999886,0.0
2021,Couple bi-actif avec enfant(s),1400,1685.058327238095,0.0,36.546983199999886,0.0
2021,Couple bi-actif avec enfant(s),1425,1692.3202319999998,0.0,26.796983199999886,0.0
2021,Couple bi-actif avec enfant(s),1450,1699.5821367619046,0.0,17.046983199999886,0.0
2021,Couple bi-actif avec enfant(s),1475,1703.3692876190476,0.0,0.0,0.0
2021,Couple bi-actif avec enfant(s),1500,1715.2740495238095,0.0,0.0,0.0
2021,Couple bi-actif avec enfant(s),1525,1726.8345729222162,0.0,0.0,0.0
2021,Couple bi-actif avec enfant(s),1550,1736.9817479936446,0.0,0.0,0.0
2021,Couple bi-actif avec enfant(s),1575,1747.1289230650732,0.0,0.0,0.0
2021,Couple bi-actif avec enfant(s),1600,1757.2760981365016,0.0,0.0,0.0
2021,Couple bi-actif avec enfant(s),1625,1767.4232732079302,0.0,0.0,0.0
2021,Couple bi-actif avec enfant(s),1650,1777.5704482793587,0.0,0.0,0.0
2021,Couple bi-actif avec enfant(s),1675,1787.717623350787,0.0,0.0,0.0
2021,Couple bi-actif avec enfant(s),1700,1797.864798422216,0.0,0.0,0.0
2021,Couple bi-actif avec enfant(s),1725,1808.0119734936443,0.0,0.0,0.0
2021,Couple bi-actif avec enfant(s),1750,1818.1591485650729,0.0,0.0,0.0
2021,Couple bi-actif avec enfant(s),1775,1828.3063236365012,0.0,0.0,0.0
2021,Couple bi-actif avec enfant(s),1800,1838.4534987079298,0.0,0.0,0.0
2021,Couple bi-actif avec enfant(s),1825,1848.6006737793584,0.0,0.0,0.0
2021,Couple bi-actif avec enfant(s),1850,1858.7478488507868,0.0,0.0,0.0
2021,Couple bi-actif avec enfant(s),1875,1868.8950239222154,0.0,0.0,0.0
2021,Couple bi-actif avec enfant(s),1900,1879.042198993644,0.0,0.0,0.0
2021,Couple bi-actif avec enfant(s),1925,1889.1893740650726,0.0,0.0,0.0
2021,Couple bi-actif avec enfant(s),1950,1899.3365491365012,0.0,0.0,0.0
2021,Couple bi-actif avec enfant(s),1975,1909.4837242079295,0.0,0.0,0.0
2021,Couple bi-actif avec enfant(s),2000,1919.6308992793583,0.0,0.0,0.0
2021,Couple bi-actif avec enfant(s),2025,1929.778074350787,0.0,0.0,0.0
2021,Couple bi-actif avec enfant(s),2050,1939.9252494222153,0.0,0.0,0.0
2021,Couple bi-actif avec enfant(s),2075,1950.072424493644,0.0,0.0,0.0
2021,Couple bi-actif avec enfant(s),2100,1960.2195995650725,0.0,0.0,0.0
2021,Couple bi-actif avec enfant(s),2125,1970.3667746365008,0.0,0.0,0.0
2021,Couple bi-actif avec enfant(s),2150,1980.5139497079294,0.0,0.0,0.0
2021,Couple bi-actif avec enfant(s),2175,1990.6611247793583,0.0,0.0,0.0
2021,Couple bi-actif avec enfant(s),2200,2000.8082998507866,0.0,0.0,0.0
2021,Couple bi-actif avec enfant(s),2225,2010.955474922215,0.0,0.0,0.0
2021,Couple bi-actif avec enfant(s),2250,2021.1026499936434,0.0,0.0,0.0
2021,Couple bi-actif avec enfant(s),2275,2031.2498250650722,0.0,0.0,0.0
2021,Couple bi-actif avec enfant(s),2300,2041.3970001365005,0.0,0.0,0.0
2021,Couple bi-actif avec enfant(s),2325,2051.5441752079296,0.0,0.0,0.0
2021,Couple bi-actif avec enfant(s),2350,2061.6913502793577,0.0,0.0,0.0
2021,Couple bi-actif avec enfant(s),2375,2071.8385253507863,0.0,0.0,0.0
2021,Couple bi-actif avec enfant(s),2400,2081.9857004222144,0.0,0.0,0.0
2021,Couple bi-actif avec enfant(s),2425,2092.1328754936435,0.0,0.0,0.0
2021,Couple bi-actif avec enfant(s),2450,2102.2800505650716,0.0,0.0,0.0
2021,Couple bi-actif avec enfant(s),2475,2112.4272256365,0.0,0.0,0.0
2021,Couple bi-actif avec enfant(s),2500,2122.5744007079293,0.0,0.0,0.0
2021,Couple bi-actif avec enfant(s),2525,2132.7215757793574,0.0,0.0,0.0
2021,Couple bi-actif avec enfant(s),2550,2142.868750850786,0.0,0.0,0.0
2021,Couple bi-actif avec enfant(s),2575,2153.015925922214,0.0,0.0,0.0
2021,Couple bi-actif avec enfant(s),2600,2163.163100993643,0.0,0.0,0.0
2021,Couple bi-actif avec enfant(s),2625,2173.3102760650713,0.0,0.0,0.0
2021,Couple bi-actif avec enfant(s),2650,2183.4574511365,0.0,0.0,0.0
2021,Couple bi-actif avec enfant(s),2675,2193.6046262079285,0.0,0.0,0.0
2021,Couple bi-actif avec enfant(s),2700,2203.751801279357,0.0,0.0,0.0
2021,Couple bi-actif avec enfant(s),2725,2213.8989763507857,0.0,0.0,0.0
2021,Couple bi-actif avec enfant(s),2750,2224.0461514222143,0.0,0.0,0.0
2021,Couple bi-actif avec enfant(s),2775,2234.193326493643,0.0,0.0,0.0
2021,Couple bi-actif avec enfant(s),2800,2244.340501565071,0.0,0.0,0.0
2021,Couple bi-actif avec enfant(s),2825,2254.4876766365,0.0,0.0,0.0
2021,Couple bi-actif avec enfant(s),2850,2264.634851707928,0.0,0.0,0.0
2021,Couple bi-actif avec enfant(s),2875,2274.782026779357,0.0,0.0,0.0
2021,Couple bi-actif avec enfant(s),2900,2284.929201850785,0.0,0.0,0.0
2021,Couple bi-actif avec enfant(s),2925,2295.076376922214,0.0,0.0,0.0
2021,Couple bi-actif avec enfant(s),2950,2305.2235519936426,0.0,0.0,0.0
2021,Couple bi-actif avec enfant(s),2975,2315.3707270650707,0.0,0.0,0.0
2021,Couple bi-actif avec enfant(s),3000,2325.5179021364997,0.0,0.0,0.0
2021,Couple bi-actif avec enfant(s),3025,2335.665077207928,0.0,0.0,0.0
2021,Couple bi-actif avec enfant(s),3050,2345.8122522793565,0.0,0.0,0.0
2021,Couple bi-actif avec enfant(s),3075,2355.9594273507846,0.0,0.0,0.0
2021,Couple bi-actif avec enfant(s),3100,2477.1788114285714,0.0,0.0,0.0
2021,Couple bi-actif avec enfant(s),3125,2489.0835733333333,0.0,0.0,0.0
2021,Couple bi-actif avec enfant(s),3150,2500.9883352380953,0.0,0.0,0.0
2021,Couple bi-actif avec enfant(s),3175,2512.893097142857,0.0,0.0,0.0
2021,Couple bi-actif avec enfant(s),3200,2524.797859047619,0.0,0.0,0.0
2021,Couple bi-actif avec enfant(s),3225,2536.702620952381,0.0,0.0,0.0
2021,Couple bi-actif avec enfant(s),3250,2548.607382857143,0.0,0.0,0.0
2021,Couple bi-actif avec enfant(s),3275,2560.512144761905,0.0,0.0,0.0
2021,Couple bi-actif avec enfant(s),3300,2572.416906666667,0.0,0.0,0.0
2021,Couple bi-actif avec enfant(s),3325,2584.3216685714287,0.0,0.0,0.0
2021,Couple bi-actif avec enfant(s),3350,2596.2264304761907,0.0,0.0,0.0
2021,Couple bi-actif avec enfant(s),3375,2608.1311923809526,0.0,0.0,0.0
2021,Couple bi-actif avec enfant(s),3400,2620.0359542857145,0.0,0.0,0.0
2021,Couple bi-actif avec enfant(s),3425,2631.9407161904765,0.0,0.0,0.0
2021,Couple bi-actif avec enfant(s),3450,2643.8454780952384,0.0,0.0,0.0
2021,Couple bi-actif avec enfant(s),3475,2655.75024,0.0,0.0,0.0
2021,Couple bi-actif avec enfant(s),3500,2667.655001904762,0.0,0.0,0.0
2023,Personne seule,0,856.19505,534.82,0.0,321.37505
2023,Personne seule,25,856.19505,509.82000000000005,0.0,321.37505
2023,Personne seule,50,875.69505,484.82000000000005,19.5,321.37505
2023,Personne seule,75,890.94505,459.82000000000005,34.75,321.37505
2023,Personne seule,100,906.19505,434.82000000000005,50.0,321.37505
2023,Personne seule,125,921.44505,409.82000000000005,65.25,321.37505
2023,Personne seule,150,936.69505,384.82000000000005,80.5,321.37505
2023,Personne seule,175,951.94505,359.82000000000005,95.75,321.37505
2023,Personne seule,200,967.19505,334.82000000000005,111.0,321.37505
2023,Personne seule,225,982.44505,309.82000000000005,126.25,321.37505
2023,Personne seule,250,997.69505,284.82000000000005,141.5,321.37505
2023,Personne seule,275,1012.94505,259.82000000000005,156.75,321.37505
2023,Personne seule,300,1028.19505,234.82000000000005,172.0,321.37505
2023,Personne seule,325,1043.44505,209.82000000000005,187.25,321.37505
2023,Personne seule,350,1058.69505,184.82000000000005,202.5,321.37505
2023,Personne seule,375,1073.94505,159.82000000000005,217.75,321.37505
2023,Personne seule,400,1089.19505,134.82000000000005,233.0,321.37505
2023,Personne seule,425,1104.44505,109.82000000000005,248.25,321.37505
2023,Personne seule,450,1119.69505,84.82000000000005,263.5,321.37505
2023,Personne seule,475,1131.1306220651336,59.82000000000005,278.75,317.5606220651335
2023,Personne seule,500,1137.928923585459,34.82000000000005,294.0,309.1089235854588
2023,Personne seule,525,1144.727225105784,9.82000000000005,309.25,300.6572251057841
2023,Personne seule,550,1151.5255266261095,0.0,309.32000000000005,292.20552662610936
2023,Personne seule,575,1158.3238281464346,0.0,299.57000000000005,283.75382814643467
2023,Personne seule,600,1165.12212966676,0.0,289.82000000000005,275.30212966676
2023,Personne seule,625,1171.9204311870853,0.0,280.07000000000005,266.8504311870853
2023,Personne seule,650,1178.7187327074107,0.0,270.32000000000005,258.3987327074106
2023,Personne seule,675,1185.517034227736,0.0,260.57000000000005,249.9470342277359
2023,Personne seule,700,1198.3233136058218,0.0,256.82797785776063,241.49533574806122
2023,Personne seule,725,1211.5226143353527,0.0,253.4789770669662,233.04363726838653
2023,Personne seule,750,1224.721915064884,0.0,250.129976276172,224.59193878871181
2023,Personne seule,775,1237.9212157944148,0.0,246.78097548537778,216.14024030903713
2023,Personne seule,800,1251.1205165239458,0.0,243.43197469458323,207.68854182936244
2023,Personne seule,825,1264.3198172534771,0.0,240.08297390378925,199.23684334968777
2023,Personne seule,850,1277.5191179830078,0.0,236.73397311299482,190.78514487001308
2023,Personne seule,875,1290.718418712539,0.0,233.3849723222006,182.3334463903384
2023,Personne seule,900,1303.9177194420702,0.0,230.0359715314064,173.8817479106637
2023,Personne seule,925,1317.1170201716009,0.0,226.68697074061197,165.43004943098893
2023,Personne seule,950,1330.316320901132,0.0,223.33796994981776,156.9783509513143
2023,Personne seule,975,1343.5156216306632,0.0,219.98896915902355,148.52665247163955
2023,Personne seule,1000,1356.7149223601941,0.0,216.63996836822912,140.07495399196492
2023,Personne seule,1025,1369.9142230897253,0.0,213.29096757743514,131.6232555122902
2023,Personne seule,1050,1383.1135238192562,0.0,209.9419667866407,123.17155703261555
2023,Personne seule,1075,1396.3128245487871,0.0,206.59296599584627,114.71985855294085
2023,Personne seule,1100,1409.5121252783183,0.0,203.2439652050523,106.26816007326606
2023,Personne seule,1125,1422.7114260078492,0.0,199.89496441425786,97.81646159359141
2023,Personne seule,1150,1435.9107267373804,0.0,196.54596362346365,89.36476311391671
2023,Personne seule,1175,1449.1100274669116,0.0,193.19696283266944,80.91306463424206
2023,Personne seule,1200,1462.3093281964425,0.0,189.847962041875,72.46136615456736
2023,Personne seule,1225,1482.9289612510809,0.0,193.91929357618824,64.00966767489265
2023,Personne seule,1250,1504.5799604602867,0.0,199.02199126506866,55.55796919521796
2023,Personne seule,1275,1526.2309596694922,0.0,204.12468895394886,47.10627071554325
2023,Personne seule,1300,1547.881958878698,0.0,209.22738664282952,38.65457223586855
2023,Personne seule,1325,1569.5329580879038,0.0,214.33008433170994,30.202873756193846
2023,Personne seule,1350,1591.1839572971096,0.0,219.43278202059037,21.75117527651914
2023,Personne seule,1375,1607.2199999999998,0.0,218.92052320315543,13.299476796844495
2023,Personne seule,1400,1622.47,0.0,222.47000000000003,0.0
2023,Personne seule,1425,1637.6210879470489,0.0,212.72000000000003,0.0
2023,Personne seule,1450,1649.375312296997,0.0,202.97000000000003,0.0
2023,Personne seule,1475,1661.1295366469453,0.0,193.22000000000003,0.0
2023,Personne seule,1500,1672.8837609968934,0.0,183.47000000000003,0.0
2023,Personne seule,1525,1684.6379853468416,0.0,173.72000000000003,0.0
2023,Personne seule,1550,1696.39220969679,0.0,163.97000000000003,0.0
2023,Personne seule,1575,1708.146434046738,0.0,154.22000000000003,0.0
2023,Personne seule,1600,1719.9006583966864,0.0,144.47000000000003,0.0
2023,Personne seule,1625,1731.6548827466345,0.0,134.72000000000003,0.0
2023,Personne seule,1650,1743.4091070965828,0.0,124.97000000000003,0.0
2023,Personne seule,1675,1755.163331446531,0.0,115.22000000000003,0.0
2023,Personne seule,1700,1766.9175557964793,0.0,105.47000000000003,0.0
2023,Personne seule,1725,1778.6717801464274,0.0,95.72000000000003,0.0
2023,Personne seule,1750,1790.4260044963758,0.0,85.97000000000003,0.0
2023,Personne seule,1775,1802.1802288463239,0.0,76.22000000000003,0.0
2023,Personne seule,1800,1813.9344531962722,0.0,66.47000000000003,0.0
2023,Personne seule,1825,1825.6886775462203,0.0,56.72000000000003,0.0
2023,Personne seule,1850,1837.4429018961685,0.0,46.97000000000003,0.0
2023,Personne seule,1875,1849.1971262461168,0.0,37.22000000000003,0.0
2023,Personne seule,1900,1860.951350596065,0.0,27.470000000000027,0.0
2023,Personne seule,1925,1872.7055749460133,0.0,17.720000000000027,0.0
2023,Personne seule,1950,1876.4897992959613,0.0,0.0,0.0
2023,Personne seule,1975,1897.9940236459097,0.0,0.0,0.0
2023,Personne seule,2000,1919.4982479958578,0.0,0.0,0.0
2023,Personne seule,2025,1941.0024723458062,0.0,0.0,0.0
2023,Personne seule,2050,1962.5066966957543,0.0,0.0,0.0
2023,Personne seule,2075,1984.0109210457026,0.0,0.0,0.0
2023,Personne seule,2100,2005.5151453956507,0.0,0.0,0.0
2023,Personne seule,2125,2027.019369745599,0.0,0.0,0.0
2023,Personne seule,2150,2048.523594095547,0.0,0.0,0.0
2023,Personne seule,2175,2070.0278184454955,0.0,0.0,0.0
2023,Personne seule,2200,2091.5320427954434,0.0,0.0,0.0
2023,Personne seule,2225,2113.036267145392,0.0,0.0,0.0
2023,Personne seule,2250,2134.54049149534,0.0,0.0,0.0
2023,Personne seule,2275,2156.0447158452885,0.0,0.0,0.0
2023,Personne seule,2300,2177.5489401952364,0.0,0.0,0.0
2023,Personne seule,2325,2199.0531645451847,0.0,0.0,0.0
2023,Personne seule,2350,2220.557388895133,0.0,0.0,0.0
2023,Personne seule,2375,2242.0616132450814,0.0,0.0,0.0
2023,Personne seule,2400,2263.5658375950293,0.0,0.0,0.0
2023,Personne seule,2425,2285.0700619449776,0.0,0.0,0.0
2023,Personne seule,2450,2306.2583159452006,0.0,0.0,0.0
2023,Personne seule,2475,2324.6945062439613,0.0,0.0,0.0
2023,Personne seule,2500,2343.1306965427216,0.0,0.0,0.0
2023,Personne seule,2525,2361.5668868414823,0.0,0.0,0.0
2023,Personne seule,2550,2380.0030771402426,0.0,0.0,0.0
2023,Personne seule,2575,2398.4392674390033,0.0,0.0,0.0
2023,Personne seule,2600,2416.875457737764,0.0,0.0,0.0
2023,Personne seule,2625,2435.3116480365247,0.0,0.0,0.0
2023,Personne seule,2650,2453.747838335285,0.0,0.0,0.0
2023,Personne seule,2675,2472.1840286340457,0.0,0.0,0.0
2023,Personne seule,2700,2490.620218932806,0.0,0.0,0.0
2023,Personne seule,2725,2509.0564092315667,0.0,0.0,0.0
2023,Personne seule,2750,2527.4925995303274,0.0,0.0,0.0
2023,Personne seule,2775,2545.9287898290877,0.0,0.0,0.0
2023,Personne seule,2800,2564.3649801278484,0.0,0.0,0.0
2023,Personne seule,2825,2582.801170426609,0.0,0.0,0.0
2023,Personne seule,2850,2601.2373607253694,0.0,0.0,0.0
2023,Personne seule,2875,2619.67355102413,0.0,0.0,0.0
2023,Personne seule,2900,2638.109741322891,0.0,0.0,0.0
2023,Personne seule,2925,2656.545931621651,0.0,0.0,0.0
2023,Personne seule,2950,2674.982121920412,0.0,0.0,0.0
2023,Personne seule,2975,2693.4183122191725,0.0,0.0,0.0
2023,Personne seule,3000,2711.854502517933,0.0,0.0,0.0
2023,Personne seule,3025,2730.290692816693,0.0,0.0,0.0
2023,Personne seule,3050,2748.726883115454,0.0,0.0,0.0
2023,Personne seule,3075,2767.1630734142145,0.0,0.0,0.0
2023,Personne seule,3100,2785.599263712975,0.0,0.0,0.0
2023,Personne seule,3125,2804.0354540117355,0.0,0.0,0.0
2023,Personne seule,3150,2822.4716443104962,0.0,0.0,0.0
2023,Personne seule,3175,2840.9078346092565,0.0,0.0,0.0
2023,Personne seule,3200,2859.344024908017,0.0,0.0,0.0
2023,Personne seule,3225,2877.780215206778,0.0,0.0,0.0
2023,Personne seule,3250,2896.216405505538,0.0,0.0,0.0
2023,Personne seule,3275,2914.652595804299,0.0,0.0,0.0
2023,Personne seule,3300,2933.0887861030596,0.0,0.0,0.0
2023,Personne seule,3325,2951.52497640182,0.0,0.0,0.0
2023,Personne seule,3350,2969.9611667005806,0.0,0.0,0.0
2023,Personne seule,3375,2988.3973569993414,0.0,0.0,0.0
2023,Personne seule,3400,3006.8335472981016,0.0,0.0,0.0
2023,Personne seule,3425,3025.2697375968623,0.0,0.0,0.0
2023,Personne seule,3450,3043.7059278956226,0.0,0.0,0.0
2023,Personne seule,3475,3062.1421181943833,0.0,0.0,0.0
2023,Personne seule,3500,3080.578308493144,0.0,0.0,0.0
2023,Famille monoparentale 1 enfant,0,953.450150898718,765.765,0.0,440.5462
2023,Famille monoparentale 1 enfant,25,953.450150898718,740.765,0.0,440.5462
2023,Famille monoparentale 1 enfant,50,953.450150898718,715.765,0.0,440.5462
2023,Famille monoparentale 1 enfant,75,976.5270739756411,690.765,30.0,440.5462
2023,Famille monoparentale 1 enfant,100,988.2578432064104,665.765,45.25,440.5462
2023,Famille monoparentale 1 enfant,125,999.9886124371795,640.765,60.5,440.5462
2023,Famille monoparentale 1 enfant,150,1011.7193816679488,615.765,75.75,440.5462
2023,Famille monoparentale 1 enfant,175,1023.450150898718,590.765,91.0,440.5462
2023,Famille monoparentale 1 enfant,200,1035.1809201294873,565.765,106.25,440.5462
2023,Famille monoparentale 1 enfant,225,1046.9116893602566,540.765,121.5,440.5462
2023,Famille monoparentale 1 enfant,250,1058.6424585910256,515.765,136.75,440.5462
2023,Famille monoparentale 1 enfant,275,1070.373227821795,490.765,152.0,440.5462
2023,Famille monoparentale 1 enfant,300,1082.1039970525642,465.765,167.25,440.5462
2023,Famille monoparentale 1 enfant,325,1093.8347662833335,440.765,182.5,440.5462
2023,Famille monoparentale 1 enfant,350,1105.5655355141025,415.765,197.75,440.5462
2023,Famille monoparentale 1 enfant,375,1117.2963047448718,390.765,213.0,440.5462
2023,Famille monoparentale 1 enfant,400,1129.027073975641,365.765,228.25,440.5462
2023,Famille monoparentale 1 enfant,425,1140.7578432064104,340.765,243.5,440.5462
2023,Famille monoparentale 1 enfant,450,1152.4886124371794,315.765,258.7499999999999,440.5462
2023,Famille monoparentale 1 enfant,475,1164.2193816679487,290.765,273.9999999999999,440.5462
2023,Famille monoparentale 1 enfant,500,1175.9501508987178,265.765,289.2499999999999,440.5462
2023,Famille monoparentale 1 enfant,525,1187.680920129487,240.765,304.4999999999999,440.5462
2023,Famille monoparentale 1 enfant,550,1199.4116893602563,215.765,319.7499999999999,440.5462
2023,Famille monoparentale 1 enfant,575,1211.1424585910256,190.765,334.9999999999999,440.5462
2023,Famille monoparentale 1 enfant,600,1222.8732278217947,165.765,350.2499999999999,440.5462
2023,Famille monoparentale 1 enfant,625,1234.603997052564,140.765,365.4999999999999,440.5462
2023,Famille monoparentale 1 enfant,650,1246.3347662833332,115.76499999999999,380.7499999999999,440.5462
2023,Famille monoparentale 1 enfant,675,1258.0655355141025,90.76499999999999,395.9999999999999,440.5462
2023,Famille monoparentale 1 enfant,700,1274.4178261739182,65.76499999999999,417.25797785776047,440.5462
2023,Famille monoparentale 1 enfant,725,1291.0724409502302,40.764999999999986,438.90897706696603,440.5462
2023,Famille monoparentale 1 enfant,750,1307.7270557265426,15.764999999999986,460.55997627617205,440.5462
2023,Famille monoparentale 1 enfant,775,1324.3816705028546,0.0,472.9759754853776,440.5462
2023,Famille monoparentale 1 enfant,800,1339.1426206298981,0.0,469.62697469458317,438.08443595595094
2023,Famille monoparentale 1 enfant,825,1349.557168509493,0.0,466.2779739037892,429.9723489902184
2023,Famille monoparentale 1 enfant,850,1359.9717163890875,0.0,462.92897311299475,421.86026202448585
2023,Famille monoparentale 1 enfant,875,1370.3862642686827,0.0,459.5799723222008,413.7481750587533
2023,Famille monoparentale 1 enfant,900,1380.8008121482771,0.0,456.23097153140634,405.6360880930207
2023,Famille monoparentale 1 enfant,925,1391.2153600278718,0.0,452.8819707406119,397.52400112728805
2023,Famille monoparentale 1 enfant,950,1401.6299079074668,0.0,449.5329699498179,389.4119141615555
2023,Famille monoparentale 1 enfant,975,1412.0444557870615,0.0,446.1839691590235,381.299827195823
2023,Famille monoparentale 1 enfant,1000,1422.459003666656,0.0,442.83496836822906,373.18774023009047
2023,Famille monoparentale 1 enfant,1025,1432.8735515462508,0.0,439.4859675774351,365.07565326435787
2023,Famille monoparentale 1 enfant,1050,1443.2880994258455,0.0,436.13696678664064,356.9635662986253
2023,Famille monoparentale 1 enfant,1075,1453.7026473054402,0.0,432.7879659958462,348.8514793328928
2023,Famille monoparentale 1 enfant,1100,1464.1171951850351,0.0,429.4389652050522,340.7393923671601
2023,Famille monoparentale 1 enfant,1125,1474.5317430646296,0.0,426.0899644142578,332.6273054014276
2023,Famille monoparentale 1 enfant,1150,1484.9462909442248,0.0,422.7409636234638,324.51521843569503
2023,Famille monoparentale 1 enfant,1175,1495.3608388238192,0.0,419.3919628326694,316.4031314699625
2023,Famille monoparentale 1 enfant,1200,1505.775386703414,0.0,416.04296204187494,308.29104450422994
2023,Famille monoparentale 1 enfant,1225,1516.1899345830088,0.0,412.69396125108096,300.17895753849734
2023,Famille monoparentale 1 enfant,1250,1526.6044824626035,0.0,409.34496046028653,292.0668705727648
2023,Famille monoparentale 1 enfant,1275,1537.0190303421984,0.0,405.99595966949255,283.9547836070322
2023,Famille monoparentale 1 enfant,1300,1547.4335782217931,0.0,402.6469588786981,275.84269664129965
2023,Famille monoparentale 1 enfant,1325,1557.8481261013876,0.0,399.2979580879037,267.7306096755671
2023,Famille monoparentale 1 enfant,1350,1568.2626739809828,0.0,395.9489572971097,259.6185227098345
2023,Famille monoparentale 1 enfant,1375,1574.3580245480273,0.0,386.9850000000001,251.506435744102
2023,Famille monoparentale 1 enfant,1400,1579.848726882079,0.0,377.2350000000001,243.3943487783694
2023,Famille monoparentale 1 enfant,1425,1585.339429216131,0.0,367.4850000000001,235.28226181263688
2023,Famille monoparentale 1 enfant,1450,1590.830131550183,0.0,357.7350000000001,227.17017484690427
2023,Famille monoparentale 1 enfant,1475,1596.3208338842346,0.0,347.9850000000001,219.0580878811717
2023,Famille monoparentale 1 enfant,1500,1601.8115362182866,0.0,338.2350000000001,210.94600091543907
2023,Famille monoparentale 1 enfant,1525,1607.3022385523384,0.0,328.4850000000001,202.8339139497065
2023,Famille monoparentale 1 enfant,1550,1612.79294088639,0.0,318.7350000000001,194.72182698397395
2023,Famille monoparentale 1 enfant,1575,1618.283643220442,0.0,308.9850000000001,186.60974001824138
2023,Famille monoparentale 1 enfant,1600,1623.774345554494,0.0,299.2350000000001,178.4976530525088
2023,Famille monoparentale 1 enfant,1625,1629.265047888546,0.0,289.4850000000001,170.38556608677635
2023,Famille monoparentale 1 enfant,1650,1634.7557502225977,0.0,279.7350000000001,162.27347912104378
2023,Famille monoparentale 1 enfant,1675,1640.2464525566497,0.0,269.9850000000001,154.1613921553112
2023,Famille monoparentale 1 enfant,1700,1645.7371548907017,0.0,260.2350000000001,146.0493051895786
2023,Famille monoparentale 1 enfant,1725,1655.0146124371797,0.0,255.40778177615425,137.93721822384603
2023,Famille monoparentale 1 enfant,1750,1666.7453816679488,0.0,253.76986874188674,129.82513125811357
2023,Famille monoparentale 1 enfant,1775,1678.476150898718,0.0,252.13195570761923,121.713044292381
2023,Famille monoparentale 1 enfant,1800,1690.2069201294873,0.0,250.49404267335194,113.60095732664837
2023,Famille monoparentale 1 enfant,1825,1701.9376893602566,0.0,248.85612963908443,105.48887036091578
2023,Famille monoparentale 1 enfant,1850,1713.668458591026,0.0,247.21821660481737,97.3767833951831
2023,Famille monoparentale 1 enfant,1875,1725.399227821795,0.0,245.5803035705494,89.26469642945064
2023,Famille monoparentale 1 enfant,1900,1737.1299970525642,0.0,243.94239053628235,81.15260946371805
2023,Famille monoparentale 1 enfant,1925,1748.8607662833335,0.0,242.30447750201483,73.04052249798548
2023,Famille monoparentale 1 enfant,1950,1760.5915355141028,0.0,240.66656446774732,64.9284355322529
2023,Famille monoparentale 1 enfant,1975,1772.3223047448719,0.0,239.0286514334798,56.81634856652044
2023,Famille monoparentale 1 enfant,2000,1784.0530739756412,0.0,237.3907383992123,48.704261600787866
2023,Famille monoparentale 1 enfant,2025,1795.7838432064104,0.0,235.75282536494478,40.59217463505529
2023,Famille monoparentale 1 enfant,2050,1807.5146124371797,0.0,234.11491233067773,32.48008766932271
2023,Famille monoparentale 1 enfant,2075,1819.2453816679488,0.0,232.4769992964102,24.36800070359013
2023,Famille monoparentale 1 enfant,2100,1830.976150898718,0.0,230.8390862621427,16.255913737857668
2023,Famille monoparentale 1 enfant,2125,1842.7069201294873,0.0,237.34500000000025,0.0
2023,Famille monoparentale 1 enfant,2150,1854.4376893602566,0.0,227.59500000000025,0.0
2023,Famille monoparentale 1 enfant,2175,1866.1684585910257,0.0,217.84500000000025,0.0
2023,Famille monoparentale 1 enfant,2200,1877.899227821795,0.0,208.09500000000025,0.0
2023,Famille monoparentale 1 enfant,2225,1889.6299970525642,0.0,198.34500000000025,0.0
2023,Famille monoparentale 1 enfant,2250,1901.3607662833335,0.0,188.59500000000025,0.0
2023,Famille monoparentale 1 enfant,2275,1913.0915355141028,0.0,178.84500000000025,0.0
2023,Famille monoparentale 1 enfant,2300,1924.8223047448719,0.0,169.09500000000025,0.0
2023,Famille monoparentale 1 enfant,2325,1936.5530739756412,0.0,159.34500000000025,0.0
2023,Famille monoparentale 1 enfant,2350,1948.2838432064104,0.0,149.59500000000025,0.0
2023,Famille monoparentale 1 enfant,2375,1960.0146124371797,0.0,139.84500000000025,0.0
2023,Famille monoparentale 1 enfant,2400,1970.0762246897664,0.0,130.09500000000025,0.0
2023,Famille monoparentale 1 enfant,2425,1979.1179357281883,0.0,120.34500000000025,0.0
2023,Famille monoparentale 1 enfant,2450,1988.1596467666097,0.0,110.59500000000025,0.0
2023,Famille monoparentale 1 enfant,2475,1997.2013578050314,0.0,100.84500000000025,0.0
2023,Famille monoparentale 1 enfant,2500,2006.2430688434533,0.0,91.09500000000025,0.0
2023,Famille monoparentale 1 enfant,2525,2015.2847798818748,0.0,81.34500000000025,0.0
2023,Famille monoparentale 1 enfant,2550,2011.8411795067402,0.0,71.59500000000025,0.0
2023,Famille monoparentale 1 enfant,2575,2007.8497433676928,0.0,61.845000000000255,0.0
2023,Famille monoparentale 1 enfant,2600,2016.8914544061145,0.0,52.095000000000255,0.0
2023,Famille monoparentale 1 enfant,2625,2025.933165444536,0.0,42.345000000000255,0.0
2023,Famille monoparentale 1 enfant,2650,2034.9748764829578,0.0,32.595000000000255,0.0
2023,Famille monoparentale 1 enfant,2675,2044.0165875213795,0.0,22.845000000000255,0.0
2023,Famille monoparentale 1 enfant,2700,2042.9852216367242,0.0,0.0,0.0
2023,Famille monoparentale 1 enfant,2725,2059.526932675146,0.0,0.0,0.0
2023,Famille monoparentale 1 enfant,2750,2076.0686437135673,0.0,0.0,0.0
2023,Famille monoparentale 1 enfant,2775,2092.6103547519892,0.0,0.0,0.0
2023,Famille monoparentale 1 enfant,2800,2109.152065790411,0.0,0.0,0.0
2023,Famille monoparentale 1 enfant,2825,2125.6937768288326,0.0,0.0,0.0
2023,Famille monoparentale 1 enfant,2850,2142.2354878672545,0.0,0.0,0.0
2023,Famille monoparentale 1 enfant,2875,2158.7771989056764,0.0,0.0,0.0
2023,Famille monoparentale 1 enfant,2900,2175.318909944098,0.0,0.0,0.0
2023,Famille monoparentale 1 enfant,2925,2191.8606209825193,0.0,0.0,0.0
2023,Famille monoparentale 1 enfant,2950,2208.4023320209412,0.0,0.0,0.0
2023,Famille monoparentale 1 enfant,2975,2224.944043059363,0.0,0.0,0.0
2023,Famille monoparentale 1 enfant,3000,2241.4857540977846,0.0,0.0,0.0
2023,Famille monoparentale 1 enfant,3025,2258.0274651362065,0.0,0.0,0.0
2023,Famille monoparentale 1 enfant,3050,2274.569176174628,0.0,0.0,0.0
2023,Famille monoparentale 1 enfant,3075,2291.11088721305,0.0,0.0,0.0
2023,Famille monoparentale 1 enfant,3100,2307.6525982514713,0.0,0.0,0.0
2023,Famille monoparentale 1 enfant,3125,2324.194309289893,0.0,0.0,0.0
2023,Famille monoparentale 1 enfant,3150,2340.736020328315,0.0,0.0,0.0
2023,Famille monoparentale 1 enfant,3175,2357.2777313667366,0.0,0.0,0.0
2023,Famille monoparentale 1 enfant,3200,2373.819442405158,0.0,0.0,0.0
2023,Famille monoparentale 1 enfant,3225,2390.36115344358,0.0,0.0,0.0
2023,Famille monoparentale 1 enfant,3250,2406.902864482002,0.0,0.0,0.0
2023,Famille monoparentale 1 enfant,3275,2423.4445755204233,0.0,0.0,0.0
2023,Famille monoparentale 1 enfant,3300,2439.986286558845,0.0,0.0,0.0
2023,Famille monoparentale 1 enfant,3325,2456.527997597267,0.0,0.0,0.0
2023,Famille monoparentale 1 enfant,3350,2473.0697086356886,0.0,0.0,0.0
2023,Famille monoparentale 1 enfant,3375,2489.61141967411,0.0,0.0,0.0
2023,Famille monoparentale 1 enfant,3400,2506.153130712532,0.0,0.0,0.0
2023,Famille monoparentale 1 enfant,3425,2523.1933020572346,0.0,0.0,0.0
2023,Famille monoparentale 1 enfant,3450,2540.5727403466285,0.0,0.0,0.0
2023,Famille monoparentale 1 enfant,3475,2557.952178636023,0.0,0.0,0.0
2023,Famille monoparentale 1 enfant,3500,2575.3316169254167,0.0,0.0,0.0
2023,Famille monoparentale 2 enfants,0,955.2634176752605,770.7506500000001,0.0,507.75845000000004
2023,Famille monoparentale 2 enfants,25,955.2634176752605,745.7506500000001,0.0,507.75845000000004
2023,Famille monoparentale 2 enfants,50,955.2634176752605,720.7506500000001,0.0,507.75845000000004
2023,Famille monoparentale 2 enfants,75,972.1149801752605,695.7506500000001,26.962499999999977,507.75845000000004
2023,Famille monoparentale 2 enfants,100,981.6462301752605,670.7506500000001,42.21249999999998,507.75845000000004
2023,Famille monoparentale 2 enfants,125,991.1774801752605,645.7506500000001,57.46249999999998,507.75845000000004
2023,Famille monoparentale 2 enfants,150,1000.7087301752605,620.7506500000001,72.71249999999998,507.75845000000004
2023,Famille monoparentale 2 enfants,175,1010.2399801752605,595.7506500000001,87.96249999999998,507.75845000000004
2023,Famille monoparentale 2 enfants,200,1019.7712301752605,570.7506500000001,103.21249999999998,507.75845000000004
2023,Famille monoparentale 2 enfants,225,1029.3024801752604,545.7506500000001,118.46249999999998,507.75845000000004
2023,Famille monoparentale 2 enfants,250,1038.8337301752604,520.7506500000001,133.71249999999998,507.75845000000004
2023,Famille monoparentale 2 enfants,275,1048.3649801752604,495.75065000000006,148.96249999999998,507.75845000000004
2023,Famille monoparentale 2 enfants,300,1057.8962301752604,470.75065000000006,164.21249999999998,507.75845000000004
2023,Famille monoparentale 2 enfants,325,1067.4274801752604,445.75065000000006,179.46249999999998,507.75845000000004
2023,Famille monoparentale 2 enfants,350,1076.9587301752604,420.75065000000006,194.71249999999998,507.75845000000004
2023,Famille monoparentale 2 enfants,375,1077.5837301752604,395.75065000000006,209.96249999999998,507.75845000000004
2023,Famille monoparentale 2 enfants,400,1087.1149801752604,370.75065000000006,225.21249999999998,507.75845000000004
2023,Famille monoparentale 2 enfants,425,1096.6462301752604,345.75065000000006,240.46249999999998,507.75845000000004
2023,Famille monoparentale 2 enfants,450,1106.1774801752604,320.75065000000006,255.71249999999998,507.75845000000004
2023,Famille monoparentale 2 enfants,475,1115.7087301752604,295.75065000000006,270.9625,507.75845000000004
2023,Famille monoparentale 2 enfants,500,1125.2399801752604,270.75065000000006,286.2125,507.75845000000004
2023,Famille monoparentale 2 enfants,525,1134.7712301752604,245.75065000000006,301.4625,507.75845000000004
2023,Famille monoparentale 2 enfants,550,1144.3024801752604,220.75065000000006,316.7125,507.75845000000004
2023,Famille monoparentale 2 enfants,575,1153.8337301752604,195.75065000000006,331.9625,507.75845000000004
2023,Famille monoparentale 2 enfants,600,1163.3649801752604,170.75065000000006,347.2125,507.75845000000004
2023,Famille monoparentale 2 enfants,625,1172.8962301752604,145.75065000000006,362.4625,507.75845000000004
2023,Famille monoparentale 2 enfants,650,1182.4274801752604,120.75065000000006,377.7125,507.75845000000004
2023,Famille monoparentale 2 enfants,675,1191.9587301752604,95.75065000000006,392.9625,507.75845000000004
2023,Famille monoparentale 2 enfants,700,1205.244966336361,70.75065000000006,414.22047785776056,507.75845000000004
2023,Famille monoparentale 2 enfants,725,1218.7768408421143,45.750650000000064,435.8714770669661,507.75845000000004
2023,Famille monoparentale 2 enfants,750,1232.3087153478677,20.750650000000064,457.5224762761719,507.75845000000004
2023,Famille monoparentale 2 enfants,775,1245.8405898536216,0.0,474.9241254853778,507.75845000000004
2023,Famille monoparentale 2 enfants,800,1259.372464359375,0.0,471.57512469458356,507.75845000000004
2023,Famille monoparentale 2 enfants,825,1270.2156767784147,0.0,468.22612390378913,503.4565906612578
2023,Famille monoparentale 2 enfants,850,1279.199976182804,0.0,464.8771231129949,496.18047049907506
2023,Famille monoparentale 2 enfants,875,1288.1842755871935,0.0,461.5281223222007,488.9043503368924
2023,Famille monoparentale 2 enfants,900,1297.1685749915828,0.0,458.1791215314065,481.6282301747097
2023,Famille monoparentale 2 enfants,925,1306.1528743959723,0.0,454.8301207406121,474.35211001252685
2023,Famille monoparentale 2 enfants,950,1315.1371738003616,0.0,451.48111994981787,467.07598985034423
2023,Famille monoparentale 2 enfants,975,1324.1214732047513,0.0,448.13211915902366,459.7998696881615
2023,Famille monoparentale 2 enfants,1000,1333.1057726091403,0.0,444.7831183682292,452.5237495259788
2023,Famille monoparentale 2 enfants,1025,1342.0900720135298,0.0,441.434117577435,445.2476293637961
2023,Famille monoparentale 2 enfants,1050,1340.9181214179193,0.0,438.0851167866408,437.97150920161346
2023,Famille monoparentale 2 enfants,1075,1349.9024208223086,0.0,434.7361159958466,430.6953890394307
2023,Famille monoparentale 2 enfants,1100,1358.886720226698,0.0,431.38711520505217,423.4192688772479
2023,Famille monoparentale 2 enfants,1125,1367.8710196310874,0.0,428.03811441425796,416.14314871506525
2023,Famille monoparentale 2 enfants,1150,1376.8553190354767,0.0,424.68911362346375,408.8670285528825
2023,Famille monoparentale 2 enfants,1175,1385.8396184398662,0.0,421.34011283266955,401.59090839069984
2023,Famille monoparentale 2 enfants,1200,1394.8239178442554,0.0,417.9911120418751,394.31478822851716
2023,Famille monoparentale 2 enfants,1225,1403.8082172486452,0.0,414.6421112510809,387.0386680663345
2023,Famille monoparentale 2 enfants,1250,1412.7925166530342,0.0,411.2931104602867,379.76254790415163
2023,Famille monoparentale 2 enfants,1275,1421.7768160574237,0.0,407.9441096694925,372.48642774196895
2023,Famille monoparentale 2 enfants,1300,1430.7611154618132,0.0,404.59510887869806,365.2103075797863
2023,Famille monoparentale 2 enfants,1325,1439.7454148662023,0.0,401.24610808790385,357.9341874176036
2023,Famille monoparentale 2 enfants,1350,1448.729714270592,0.0,397.89710729710964,350.65806725542086
2023,Famille monoparentale 2 enfants,1375,1454.2046658585343,0.0,388.93315000000007,343.38194709323824
2023,Famille monoparentale 2 enfants,1400,1459.18834075717,0.0,379.18315000000007,336.10582693105545
2023,Famille monoparentale 2 enfants,1425,1464.1720156558058,0.0,369.43315000000007,328.82970676887277
2023,Famille monoparentale 2 enfants,1450,1469.1556905544417,0.0,359.68315000000007,321.55358660669003
2023,Famille monoparentale 2 enfants,1475,1474.1393654530775,0.0,349.93315000000007,314.27746644450735
2023,Famille monoparentale 2 enfants,1500,1479.1230403517131,0.0,340.18315000000007,307.00134628232456
2023,Famille monoparentale 2 enfants,1525,1484.106715250349,0.0,330.43315000000007,299.7252261201419
2023,Famille monoparentale 2 enfants,1550,1489.0903901489849,0.0,320.68315000000007,292.4491059579592
2023,Famille monoparentale 2 enfants,1575,1494.0740650476205,0.0,310.93315000000007,285.17298579577647
2023,Famille monoparentale 2 enfants,1600,1499.0577399462566,0.0,301.18315000000007,277.89686563359373
2023,Famille monoparentale 2 enfants,1625,1504.0414148448924,0.0,291.4331500000003,270.6207454714111
2023,Famille monoparentale 2 enfants,1650,1509.0250897435283,0.0,281.6831500000003,263.34462530922843
2023,Famille monoparentale 2 enfants,1675,1514.0087646421641,0.0,271.9331500000003,256.0685051470457
2023,Famille monoparentale 2 enfants,1700,1518.9924395407998,0.0,262.1831500000003,248.79238498486293
2023,Famille monoparentale 2 enfants,1725,1523.9761144394356,0.0,252.4331500000003,241.51626482268026
2023,Famille monoparentale 2 enfants,1750,1528.9597893380715,0.0,242.6831500000003,234.2401446604976
2023,Famille monoparentale 2 enfants,1775,1533.9434642367075,0.0,232.9331500000003,226.96402449831487
2023,Famille monoparentale 2 enfants,1800,1538.9271391353432,0.0,223.1831500000003,219.68790433613214
2023,Famille monoparentale 2 enfants,1825,1543.9108140339788,0.0,213.4331500000003,212.41178417394946
2023,Famille monoparentale 2 enfants,1850,1548.8944889326149,0.0,203.6831500000003,205.13566401176658
2023,Famille monoparentale 2 enfants,1875,1553.8781638312505,0.0,193.9331500000003,197.859543849584
2023,Famille monoparentale 2 enfants,1900,1558.8618387298861,0.0,184.1831500000003,190.58342368740128
2023,Famille monoparentale 2 enfants,1925,1563.8455136285222,0.0,174.4331500000003,183.30730352521852
2023,Famille monoparentale 2 enfants,1950,1563.5217301752602,0.0,165.44121663696433,176.03118336303584
2023,Famille monoparentale 2 enfants,1975,1573.0529801752602,0.0,162.96733679914678,168.75506320085321
2023,Famille monoparentale 2 enfants,2000,1582.5842301752602,0.0,160.49345696132968,161.47894303867045
2023,Famille monoparentale 2 enfants,2025,1592.1154801752602,0.0,158.01957712351214,154.20282287648777
2023,Famille monoparentale 2 enfants,2050,1601.6467301752602,0.0,155.54569728569504,146.92670271430504
2023,Famille monoparentale 2 enfants,2075,1611.1779801752607,0.0,153.07181744787795,139.65058255212227
2023,Famille monoparentale 2 enfants,2100,1620.7092301752602,0.0,150.5979376100604,132.3744623899397
2023,Famille monoparentale 2 enfants,2125,1630.2404801752607,0.0,148.1240577722433,125.09834222775697
2023,Famille monoparentale 2 enfants,2150,1639.7717301752602,0.0,145.65017793442576,117.82222206557422
2023,Famille monoparentale 2 enfants,2175,1649.3029801752602,0.0,143.17629809660866,110.54610190339142
2023,Famille monoparentale 2 enfants,2200,1658.8342301752607,0.0,140.70241825879157,103.26998174120868
2023,Famille monoparentale 2 enfants,2225,1668.3654801752602,0.0,138.22853842097402,95.99386157902599
2023,Famille monoparentale 2 enfants,2250,1677.8967301752607,0.0,135.75465858315692,88.71774141684335
2023,Famille monoparentale 2 enfants,2275,1687.4279801752602,0.0,133.28077874533938,81.44162125466062
2023,Famille monoparentale 2 enfants,2300,1696.9592301752602,0.0,130.80689890752228,74.16550109247792
2023,Famille monoparentale 2 enfants,2325,1706.4904801752602,0.0,128.33301906970473,66.88938093029519
2023,Famille monoparentale 2 enfants,2350,1716.0217301752602,0.0,125.85913923188764,59.61326076811255
2023,Famille monoparentale 2 enfants,2375,1725.5529801752602,0.0,123.38525939407009,52.33714060592986
2023,Famille monoparentale 2 enfants,2400,1735.0842301752602,0.0,120.911379556253,45.06102044374712
2023,Famille monoparentale 2 enfants,2425,1744.6154801752602,0.0,118.43749971843545,37.78490028156443
2023,Famille monoparentale 2 enfants,2450,1754.1467301752602,0.0,115.96361988061835,30.508780119381743
2023,Famille monoparentale 2 enfants,2475,1763.6779801752607,0.0,113.48974004280126,23.232659957199058
2023,Famille monoparentale 2 enfants,2500,1773.2092301752602,0.0,111.01586020498371,15.956539795016257
2023,Famille monoparentale 2 enfants,2525,1782.7404801752602,0.0,117.2224000000001,0.0
2023,Famille monoparentale 2 enfants,2550,1792.2717301752602,0.0,107.4724000000001,0.0
2023,Famille monoparentale 2 enfants,2575,1801.8029801752602,0.0,97.7224000000001,0.0
2023,Famille monoparentale 2 enfants,2600,1811.3342301752602,0.0,87.9724000000001,0.0
2023,Famille monoparentale 2 enfants,2625,1820.8654801752602,0.0,78.2224000000001,0.0
2023,Famille monoparentale 2 enfants,2650,1830.3967301752602,0.0,68.4724000000001,0.0
2023,Famille monoparentale 2 enfants,2675,1839.9279801752602,0.0,58.72240000000011,0.0
2023,Famille monoparentale 2 enfants,2700,1849.4592301752602,0.0,48.97240000000011,0.0
2023,Famille monoparentale 2 enfants,2725,1858.9904801752602,0.0,39.22240000000011,0.0
2023,Famille monoparentale 2 enfants,2750,1868.5217301752602,0.0,29.472400000000107,0.0
2023,Famille monoparentale 2 enfants,2775,1878.0529801752602,0.0,19.722400000000107,0.0
2023,Famille monoparentale 2 enfants,2800,1881.3514801752603,0.0,0.0,0.0
2023,Famille monoparentale 2 enfants,2825,1896.9764801752603,0.0,0.0,0.0
2023,Famille monoparentale 2 enfants,2850,1912.6014801752603,0.0,0.0,0.0
2023,Famille monoparentale 2 enfants,2875,1928.2264801752603,0.0,0.0,0.0
2023,Famille monoparentale 2 enfants,2900,1943.8514801752603,0.0,0.0,0.0
2023,Famille monoparentale 2 enfants,2925,1957.3728987860575,0.0,0.0,0.0
2023,Famille monoparentale 2 enfants,2950,1970.813039004775,0.0,0.0,0.0
2023,Famille monoparentale 2 enfants,2975,1984.2531792234927,0.0,0.0,0.0
2023,Famille monoparentale 2 enfants,3000,1997.6933194422104,0.0,0.0,0.0
2023,Famille monoparentale 2 enfants,3025,2011.1334596609279,0.0,0.0,0.0
2023,Famille monoparentale 2 enfants,3050,2024.5735998796456,0.0,0.0,0.0
2023,Famille monoparentale 2 enfants,3075,2038.0137400983633,0.0,0.0,0.0
2023,Famille monoparentale 2 enfants,3100,2051.453880317081,0.0,0.0,0.0
2023,Famille monoparentale 2 enfants,3125,2059.5450840282233,0.0,0.0,0.0
2023,Famille monoparentale 2 enfants,3150,2059.724516088214,0.0,0.0,0.0
2023,Famille monoparentale 2 enfants,3175,2059.903948148204,0.0,0.0,0.0
2023,Famille monoparentale 2 enfants,3200,2062.603031016691,0.0,0.0,0.0
2023,Famille monoparentale 2 enfants,3225,2076.043171235409,0.0,0.0,0.0
2023,Famille monoparentale 2 enfants,3250,2089.4833114541266,0.0,0.0,0.0
2023,Famille monoparentale 2 enfants,3275,2102.9234516728443,0.0,0.0,0.0
2023,Famille monoparentale 2 enfants,3300,2116.363591891562,0.0,0.0,0.0
2023,Famille monoparentale 2 enfants,3325,2129.8037321102793,0.0,0.0,0.0
2023,Famille monoparentale 2 enfants,3350,2143.243872328997,0.0,0.0,0.0
2023,Famille monoparentale 2 enfants,3375,2156.6840125477147,0.0,0.0,0.0
2023,Famille monoparentale 2 enfants,3400,2170.124152766432,0.0,0.0,0.0
2023,Famille monoparentale 2 enfants,3425,2183.5642929851497,0.0,0.0,0.0
2023,Famille monoparentale 2 enfants,3450,2197.0044332038674,0.0,0.0,0.0
2023,Famille monoparentale 2 enfants,3475,2210.444573422585,0.0,0.0,0.0
2023,Famille monoparentale 2 enfants,3500,2223.884713641303,0.0,0.0,0.0
2023,Famille monoparentale 3 enfants,0,968.3189512517858,645.2895050000002,0.0,574.9607500000001
2023,Famille monoparentale 3 enfants,25,968.3189512517858,620.2895050000002,0.0,574.9607500000001
2023,Famille monoparentale 3 enfants,50,968.3189512517858,595.2895050000002,0.0,574.9607500000001
2023,Famille monoparentale 3 enfants,75,978.7772845851192,570.2895050000002,21.962499999999864,574.9607500000001
2023,Famille monoparentale 3 enfants,100,986.0391893470239,545.2895050000002,37.212499999999864,574.9607500000001
2023,Famille monoparentale 3 enfants,125,993.3010941089287,520.2895050000002,52.462499999999864,574.9607500000001
2023,Famille monoparentale 3 enfants,150,1000.5629988708334,495.2895050000002,67.71249999999986,574.9607500000001
2023,Famille monoparentale 3 enfants,175,1007.8249036327383,470.2895050000002,82.96249999999986,574.9607500000001
2023,Famille monoparentale 3 enfants,200,1015.086808394643,445.2895050000002,98.21249999999986,574.9607500000001
2023,Famille monoparentale 3 enfants,225,1022.3487131565478,420.2895050000002,113.46249999999986,574.9607500000001
2023,Famille monoparentale 3 enfants,250,1029.6106179184526,395.2895050000002,128.71249999999986,574.9607500000001
2023,Famille monoparentale 3 enfants,275,1036.8725226803572,370.2895050000002,143.96249999999986,574.9607500000001
2023,Famille monoparentale 3 enfants,300,1044.134427442262,345.2895050000002,159.21249999999986,574.9607500000001
2023,Famille monoparentale 3 enfants,325,1051.3963322041668,320.2895050000002,174.46249999999986,574.9607500000001
2023,Famille monoparentale 3 enfants,350,1058.6582369660716,295.2895050000002,189.71249999999986,574.9607500000001
2023,Famille monoparentale 3 enfants,375,1065.9201417279762,270.2895050000002,204.96249999999986,574.9607500000001
2023,Famille monoparentale 3 enfants,400,1073.182046489881,245.2895050000002,220.21249999999986,574.9607500000001
2023,Famille monoparentale 3 enfants,425,1080.4439512517858,220.2895050000002,235.46249999999986,574.9607500000001
2023,Famille monoparentale 3 enfants,450,1080.9201417279762,195.2895050000002,250.71249999999986,574.9607500000001
2023,Famille monoparentale 3 enfants,475,1088.182046489881,170.2895050000002,265.96249999999986,574.9607500000001
2023,Famille monoparentale 3 enfants,500,1095.4439512517858,145.2895050000002,281.21249999999986,574.9607500000001
2023,Famille monoparentale 3 enfants,525,1102.7058560136907,120.28950500000019,296.46249999999986,574.9607500000001
2023,Famille monoparentale 3 enfants,550,1109.9677607755953,95.28950500000019,311.71249999999986,574.9607500000001
2023,Famille monoparentale 3 enfants,575,1117.2296655375,70.28950500000019,326.96249999999986,574.9607500000001
2023,Famille monoparentale 3 enfants,600,1124.4915702994049,45.28950500000019,342.21249999999986,574.9607500000001
2023,Famille monoparentale 3 enfants,625,1131.7534750613097,20.28950500000019,357.46249999999986,574.9607500000001
2023,Famille monoparentale 3 enfants,650,1139.0153798232145,0.0,368.00200500000005,574.9607500000001
2023,Famille monoparentale 3 enfants,675,1146.277284585119,0.0,358.25200500000005,574.9607500000001
2023,Famille monoparentale 3 enfants,700,1156.4001311840525,0.0,354.50998285776063,574.9607500000001
2023,Famille monoparentale 3 enfants,725,1166.710130807484,0.0,351.1609820669662,574.9607500000001
2023,Famille monoparentale 3 enfants,750,1177.0201304309153,0.0,347.811981276172,574.9607500000001
2023,Famille monoparentale 3 enfants,775,1187.3301300543465,0.0,344.4629804853778,574.9607500000001
2023,Famille monoparentale 3 enfants,800,1197.6401296777778,0.0,341.1139796945836,574.9607500000001
2023,Famille monoparentale 3 enfants,825,1207.950129301209,0.0,337.76497890378914,574.9607500000001
2023,Famille monoparentale 3 enfants,850,1217.1983797260518,0.0,334.41597811299494,572.7310766829634
2023,Famille monoparentale 3 enfants,875,1224.5038395658742,0.0,331.0669773222007,566.4215431373851
2023,Famille monoparentale 3 enfants,900,1231.8092994056967,0.0,327.7179765314065,560.112009591807
2023,Famille monoparentale 3 enfants,925,1239.1147592455195,0.0,324.3689757406121,553.8024760462288
2023,Famille monoparentale 3 enfants,950,1246.420219085342,0.0,321.0199749498179,547.4929425006507
2023,Famille monoparentale 3 enfants,975,1253.7256789251646,0.0,317.6709741590237,541.1834089550724
2023,Famille monoparentale 3 enfants,1000,1261.0311387649874,0.0,314.32197336822924,534.8738754094943
2023,Famille monoparentale 3 enfants,1025,1268.3365986048102,0.0,310.97297257743503,528.5643418639161
2023,Famille monoparentale 3 enfants,1050,1275.6420584446328,0.0,307.6239717866408,522.2548083183378
2023,Famille monoparentale 3 enfants,1075,1282.9475182844556,0.0,304.27497099584684,515.9452747727596
2023,Famille monoparentale 3 enfants,1100,1290.252978124278,0.0,300.9259702050524,509.6357412271814
2023,Famille monoparentale 3 enfants,1125,1297.5584379641007,0.0,297.576969414258,503.32620768160325
2023,Famille monoparentale 3 enfants,1150,1304.8638978039235,0.0,294.227968623464,497.0166741360251
2023,Famille monoparentale 3 enfants,1175,1312.1693576437458,0.0,290.87896783266956,490.7071405904469
2023,Famille monoparentale 3 enfants,1200,1319.4748174835686,0.0,287.5299670418751,484.3976070448687
2023,Famille monoparentale 3 enfants,1225,1326.7802773233914,0.0,284.18096625108114,478.08807349929054
2023,Famille monoparentale 3 enfants,1250,1326.3476419251185,0.0,280.8319654602867,471.7785399537123
2023,Famille monoparentale 3 enfants,1275,1333.653101764941,0.0,277.4829646694925,465.46900640813413
2023,Famille monoparentale 3 enfants,1300,1340.9585616047639,0.0,274.1339638786985,459.15947286255596
2023,Famille monoparentale 3 enfants,1325,1348.2640214445867,0.0,270.7849630879041,452.8499393169778
2023,Famille monoparentale 3 enfants,1350,1355.569481284409,0.0,267.43596229710965,446.54040577139955
2023,Famille monoparentale 3 enfants,1375,1360.201152311701,0.0,258.47200500000054,440.23087222582143
2023,Famille monoparentale 3 enfants,1400,1364.458517289997,0.0,248.72200500000054,433.92133868024325
2023,Famille monoparentale 3 enfants,1425,1368.7158822682932,0.0,238.97200500000054,427.611805134665
2023,Famille monoparentale 3 enfants,1450,1372.9732472465892,0.0,229.22200500000054,421.30227158908684
2023,Famille monoparentale 3 enfants,1475,1377.2306122248854,0.0,219.47200500000054,414.99273804350867
2023,Famille monoparentale 3 enfants,1500,1381.4879772031813,0.0,209.72200500000054,408.68320449793043
2023,Famille monoparentale 3 enfants,1525,1385.7453421814776,0.0,199.97200500000054,402.37367095235226
2023,Famille monoparentale 3 enfants,1550,1390.0027071597738,0.0,190.22200500000054,396.0641374067741
2023,Famille monoparentale 3 enfants,1575,1394.2600721380697,0.0,180.47200500000054,389.75460386119585
2023,Famille monoparentale 3 enfants,1600,1398.517437116366,0.0,170.72200500000054,383.44507031561767
2023,Famille monoparentale 3 enfants,1625,1402.774802094662,0.0,160.97200500000054,377.13553677003955
2023,Famille monoparentale 3 enfants,1650,1407.0321670729581,0.0,151.22200500000054,370.8260032244614
2023,Famille monoparentale 3 enfants,1675,1411.2895320512541,0.0,141.47200500000054,364.5164696788832
2023,Famille monoparentale 3 enfants,1700,1415.54689702955,0.0,131.72200500000054,358.20693613330496
2023,Famille monoparentale 3 enfants,1725,1419.8042620078463,0.0,121.97200500000054,351.8974025877268
2023,Famille monoparentale 3 enfants,1750,1424.0616269861423,0.0,112.22200500000054,345.58786904214867
2023,Famille monoparentale 3 enfants,1775,1428.3189919644385,0.0,102.47200500000054,339.2783354965705
2023,Famille monoparentale 3 enfants,1800,1432.5763569427345,0.0,92.72200500000054,332.96880195099226
2023,Famille monoparentale 3 enfants,1825,1436.8337219210307,0.0,82.97200500000054,326.6592684054141
2023,Famille monoparentale 3 enfants,1850,1441.0910868993267,0.0,73.22200500000054,320.34973485983573
2023,Famille monoparentale 3 enfants,1875,1445.348451877623,0.0,63.472005000000536,314.0402013142577
2023,Famille monoparentale 3 enfants,1900,1449.605816855919,0.0,53.722005000000536,307.7306677686795
2023,Famille monoparentale 3 enfants,1925,1453.863181834215,0.0,43.972005000000536,301.4211342231013
2023,Famille monoparentale 3 enfants,1950,1458.1205468125113,0.0,34.222005000000536,295.1116006775231
2023,Famille monoparentale 3 enfants,1975,1462.3779117908075,0.0,24.472005000000536,288.802067131945
2023,Famille monoparentale 3 enfants,2000,1459.6247981976749,0.0,0.0,282.4925335863668
2023,Famille monoparentale 3 enfants,2025,1468.525020318828,0.0,0.0,276.18300004078856
2023,Famille monoparentale 3 enfants,2050,1477.4252424399813,0.0,0.0,269.8734664952104
2023,Famille monoparentale 3 enfants,2075,1486.3254645611344,0.0,0.0,263.5639329496322
2023,Famille monoparentale 3 enfants,2100,1495.2256866822877,0.0,0.0,257.2543994040541
2023,Famille monoparentale 3 enfants,2125,1504.1259088034408,0.0,0.0,250.94486585847588
2023,Famille monoparentale 3 enfants,2150,1513.026130924594,0.0,0.0,244.6353323128977
2023,Famille monoparentale 3 enfants,2175,1521.9263530457474,0.0,0.0,238.32579876731938
2023,Famille monoparentale 3 enfants,2200,1530.8265751669005,0.0,0.0,232.0162652217412
2023,Famille monoparentale 3 enfants,2225,1539.7267972880538,0.0,0.0,225.70673167616303
2023,Famille monoparentale 3 enfants,2250,1548.627019409207,0.0,0.0,219.39719813058488
2023,Famille monoparentale 3 enfants,2275,1557.5272415303602,0.0,0.0,213.0876645850067
2023,Famille monoparentale 3 enfants,2300,1518.0118527443708,0.0,0.0,206.77813103942847
2023,Famille monoparentale 3 enfants,2325,1526.912074865524,0.0,0.0,200.46859749385027
2023,Famille monoparentale 3 enfants,2350,1535.8122969866772,0.0,0.0,194.1590639482722
2023,Famille monoparentale 3 enfants,2375,1544.7125191078303,0.0,0.0,187.84953040269397
2023,Famille monoparentale 3 enfants,2400,1553.6127412289836,0.0,0.0,181.53999685711577
2023,Famille monoparentale 3 enfants,2425,1562.512963350137,0.0,0.0,175.2304633115376
2023,Famille monoparentale 3 enfants,2450,1571.41318547129,0.0,0.0,168.9209297659594
2023,Famille monoparentale 3 enfants,2475,1580.3134075924434,0.0,0.0,162.61139622038127
2023,Famille monoparentale 3 enfants,2500,1589.2136297135964,0.0,0.0,156.30186267480298
2023,Famille monoparentale 3 enfants,2525,1598.1138518347498,0.0,0.0,149.99232912922477
2023,Famille monoparentale 3 enfants,2550,1607.0140739559029,0.0,0.0,143.6827955836466
2023,Famille monoparentale 3 enfants,2575,1615.9142960770564,0.0,0.0,137.37326203806842
2023,Famille monoparentale 3 enfants,2600,1624.8145181982097,0.0,0.0,131.06372849249027
2023,Famille monoparentale 3 enfants,2625,1633.7147403193628,0.0,0.0,124.7541949469121
2023,Famille monoparentale 3 enfants,2650,1642.6149624405161,0.0,0.0,118.44466140133385
2023,Famille monoparentale 3 enfants,2675,1651.5151845616692,0.0,0.0,112.13512785575561
2023,Famille monoparentale 3 enfants,2700,1660.4154066828225,0.0,0.0,105.82559431017748
2023,Famille monoparentale 3 enfants,2725,1669.3156288039759,0.0,0.0,99.51606076459935
2023,Famille monoparentale 3 enfants,2750,1678.2158509251292,0.0,0.0,93.20652721902111
2023,Famille monoparentale 3 enfants,2775,1687.1160730462823,0.0,0.0,86.89699367344298
2023,Famille monoparentale 3 enfants,2800,1696.0162951674356,0.0,0.0,80.58746012786473
2023,Famille monoparentale 3 enfants,2825,1704.916517288589,0.0,0.0,74.2779265822866
2023,Famille monoparentale 3 enfants,2850,1713.816739409742,0.0,0.0,67.96839303670848
2023,Famille monoparentale 3 enfants,2875,1722.7169615308953,0.0,0.0,61.65885949113023
2023,Famille monoparentale 3 enfants,2900,1731.6171836520484,0.0,0.0,55.3493259455521
2023,Famille monoparentale 3 enfants,2925,1740.5174057732017,0.0,0.0,49.039792399973855
2023,Famille monoparentale 3 enfants,2950,1749.4176278943548,0.0,0.0,42.730258854395615
2023,Famille monoparentale 3 enfants,2975,1758.3178500155084,0.0,0.0,36.420725308817595
2023,Famille monoparentale 3 enfants,3000,1767.2180721366615,0.0,0.0,30.11119176323913
2023,Famille monoparentale 3 enfants,3025,1776.1182942578146,0.0,0.0,23.801658217661
2023,Famille monoparentale 3 enfants,3050,1785.018516378968,0.0,0.0,17.492124672082756
2023,Famille monoparentale 3 enfants,3075,1793.918738500121,0.0,0.0,11.182591126504626
2023,Famille monoparentale 3 enfants,3100,1800.4984570113095,0.0,0.0,0.0
2023,Famille monoparentale 3 enfants,3125,1812.4032189160714,0.0,0.0,0.0
2023,Famille monoparentale 3 enfants,3150,1824.3079808208333,0.0,0.0,0.0
2023,Famille monoparentale 3 enfants,3175,1836.2127427255953,0.0,0.0,0.0
2023,Famille monoparentale 3 enfants,3200,1848.1175046303572,0.0,0.0,0.0
2023,Famille monoparentale 3 enfants,3225,1860.0222665351191,0.0,0.0,0.0
2023,Famille monoparentale 3 enfants,3250,1871.927028439881,0.0,0.0,0.0
2023,Famille monoparentale 3 enfants,3275,1883.831790344643,0.0,0.0,0.0
2023,Famille monoparentale 3 enfants,3300,1895.736552249405,0.0,0.0,0.0
2023,Famille monoparentale 3 enfants,3325,1907.6413141541668,0.0,0.0,0.0
2023,Famille monoparentale 3 enfants,3350,1919.5460760589285,0.0,0.0,0.0
2023,Famille monoparentale 3 enfants,3375,1931.4508379636904,0.0,0.0,0.0
2023,Famille monoparentale 3 enfants,3400,1943.3555998684524,0.0,0.0,0.0
2023,Famille monoparentale 3 enfants,3425,1955.2603617732143,0.0,0.0,0.0
2023,Famille monoparentale 3 enfants,3450,1967.1651236779762,0.0,0.0,0.0
2023,Famille monoparentale 3 enfants,3475,1979.0698855827382,0.0,0.0,0.0
2023,Famille monoparentale 3 enfants,3500,1990.9746474875,0.0,0.0,0.0
2023,Couple mono-actif sans enfant,0,766.9281333333333,765.765,0.0,384.6272
2023,Couple mono-actif sans enfant,25,766.9281333333333,740.765,0.0,384.6272
2023,Couple mono-actif sans enfant,50,766.9281333333333,715.765,0.0,384.6272
2023,Couple mono-actif sans enfant,75,786.9281333333333,690.765,30.0,384.6272
2023,Couple mono-actif sans enfant,100,797.0948,665.765,45.25,384.6272
2023,Couple mono-actif sans enfant,125,807.2614666666667,640.765,60.5,384.6272
2023,Couple mono-actif sans enfant,150,817.4281333333333,615.765,75.75,384.6272
2023,Couple mono-actif sans enfant,175,827.5948,590.765,91.0,384.6272
2023,Couple mono-actif sans enfant,200,837.7614666666667,565.765,106.25,384.6272
2023,Couple mono-actif sans enfant,225,847.9281333333333,540.765,121.5,384.6272
2023,Couple mono-actif sans enfant,250,858.0948,515.765,136.75,384.6272
2023,Couple mono-actif sans enfant,275,868.2614666666667,490.765,152.0,384.6272
2023,Couple mono-actif sans enfant,300,878.4281333333333,465.765,167.25,384.6272
2023,Couple mono-actif sans enfant,325,888.5948,440.765,182.5,384.6272
2023,Couple mono-actif sans enfant,350,898.7614666666667,415.765,197.75,384.6272
2023,Couple mono-actif sans enfant,375,908.9281333333333,390.765,213.0,384.6272
2023,Couple mono-actif sans enfant,400,919.0948,365.765,228.25,384.6272
2023,Couple mono-actif sans enfant,425,929.2614666666667,340.765,243.5,384.6272
2023,Couple mono-actif sans enfant,450,939.4281333333332,315.765,258.7499999999999,384.6272
2023,Couple mono-actif sans enfant,475,949.5947999999999,290.765,273.9999999999999,384.6272
2023,Couple mono-actif sans enfant,500,959.7614666666665,265.765,289.2499999999999,384.6272
2023,Couple mono-actif sans enfant,525,969.9281333333332,240.765,304.4999999999999,384.6272
2023,Couple mono-actif sans enfant,550,980.0947999999999,215.765,319.7499999999999,384.6272
2023,Couple mono-actif sans enfant,575,990.2614666666665,190.765,334.9999999999999,384.6272
2023,Couple mono-actif sans enfant,600,1000.4281333333332,165.765,350.2499999999999,384.6272
2023,Couple mono-actif sans enfant,625,1010.5947999999999,140.765,365.4999999999999,384.6272
2023,Couple mono-actif sans enfant,650,1020.7614666666665,115.76499999999999,380.7499999999999,384.6272
2023,Couple mono-actif sans enfant,675,1028.2888525569276,90.76499999999999,395.9999999999999,380.66827883539145
2023,Couple mono-actif sans enfant,700,1036.2690609399517,65.76499999999999,417.25797785776047,371.38061355216695
2023,Couple mono-actif sans enfant,725,1044.5112835572722,40.764999999999986,438.90897706696603,362.0929482689424
2023,Couple mono-actif sans enfant,750,1052.7535061745932,15.764999999999986,460.55997627617205,352.8052829857178
2023,Couple mono-actif sans enfant,775,1060.995728791914,0.0,472.9759754853776,343.5176177024933
2023,Couple mono-actif sans enfant,800,1069.2379514092347,0.0,469.62697469458317,334.2299524192687
2023,Couple mono-actif sans enfant,825,1077.4801740265555,0.0,466.2779739037892,324.9422871360442
2023,Couple mono-actif sans enfant,850,1085.7223966438762,0.0,462.92897311299475,315.6546218528197
2023,Couple mono-actif sans enfant,875,1093.9646192611972,0.0,459.5799723222008,306.3669565695951
2023,Couple mono-actif sans enfant,900,1102.206841878518,0.0,456.23097153140634,297.07929128637056
2023,Couple mono-actif sans enfant,925,1110.4490644958385,0.0,452.8819707406119,287.7916260031459
2023,Couple mono-actif sans enfant,950,1118.6912871131597,0.0,449.5329699498179,278.5039607199214
2023,Couple mono-actif sans enfant,975,1126.9335097304802,0.0,446.1839691590235,269.2162954366968
2023,Couple mono-actif sans enfant,1000,1135.175732347801,0.0,442.83496836822906,259.92863015347234
2023,Couple mono-actif sans enfant,1025,1143.417954965122,0.0,439.4859675774351,250.64096487024779
2023,Couple mono-actif sans enfant,1050,1151.6601775824427,0.0,436.13696678664064,241.3532995870233
2023,Couple mono-actif sans enfant,1075,1159.9024001997634,0.0,432.7879659958462,232.06563430379873
2023,Couple mono-actif sans enfant,1100,1168.1446228170842,0.0,429.4389652050522,222.77796902057406
2023,Couple mono-actif sans enfant,1125,1176.386845434405,0.0,426.0899644142578,213.4903037373496
2023,Couple mono-actif sans enfant,1150,1184.6290680517259,0.0,422.7409636234638,204.202638454125
2023,Couple mono-actif sans enfant,1175,1192.8712906690466,0.0,419.3919628326694,194.9149731709005
2023,Couple mono-actif sans enfant,1200,1201.1135132863672,0.0,416.04296204187494,185.62730788767593
2023,Couple mono-actif sans enfant,1225,1209.3557359036884,0.0,412.69396125108096,176.33964260445137
2023,Couple mono-actif sans enfant,1250,1217.5979585210089,0.0,409.34496046028653,167.0519773212268
2023,Couple mono-actif sans enfant,1275,1225.8401811383299,0.0,405.99595966949255,157.7643120380022
2023,Couple mono-actif sans enfant,1300,1234.0824037556506,0.0,402.6469588786981,148.47664675477773
2023,Couple mono-actif sans enfant,1325,1244.7719720586026,0.0,402.9689766163506,139.18898147155312
2023,Couple mono-actif sans enfant,1350,1259.2059715314065,0.0,408.90764110878104,129.9013161883286
2023,Couple mono-actif sans enfant,1375,1269.8966666666668,0.0,409.2313490948959,120.61365090510411
2023,Couple mono-actif sans enfant,1400,1280.0633333333335,0.0,408.7690143781206,111.32598562187952
2023,Couple mono-actif sans enfant,1425,1290.23,0.0,408.306679661345,102.03832033865504
2023,Couple mono-actif sans enfant,1450,1300.3966666666668,0.0,407.8443449445697,92.75065505543044
2023,Couple mono-actif sans enfant,1475,1310.5633333333333,0.0,407.3820102277941,83.46298977220586
2023,Couple mono-actif sans enfant,1500,1320.73,0.0,406.9196755110188,74.17532448898126
2023,Couple mono-actif sans enfant,1525,1330.8966666666668,0.0,406.45734079424346,64.88765920575666
2023,Couple mono-actif sans enfant,1550,1341.0633333333333,0.0,405.9950060774679,55.599993922532185
2023,Couple mono-actif sans enfant,1575,1351.2299999999998,0.0,405.53267136069235,46.312328639307594
2023,Couple mono-actif sans enfant,1600,1361.3966666666668,0.0,405.070336643917,37.02466335608306
2023,Couple mono-actif sans enfant,1625,1371.5633333333335,0.0,404.6080019271417,27.73699807285858
2023,Couple mono-actif sans enfant,1650,1381.7300000000002,0.0,404.14566721036635,18.44933278963404
2023,Couple mono-actif sans enfant,1675,1391.8966666666668,0.0,412.84500000000025,0.0
2023,Couple mono-actif sans enfant,1700,1402.0633333333335,0.0,403.09500000000025,0.0
2023,Couple mono-actif sans enfant,1725,1412.2300000000002,0.0,393.34500000000025,0.0
2023,Couple mono-actif sans enfant,1750,1422.3966666666668,0.0,383.59500000000025,0.0
2023,Couple mono-actif sans enfant,1775,1432.5633333333335,0.0,373.84500000000025,0.0
2023,Couple mono-actif sans enfant,1800,1442.7300000000002,0.0,364.09500000000025,0.0
2023,Couple mono-actif sans enfant,1825,1452.8966666666668,0.0,354.34500000000025,0.0
2023,Couple mono-actif sans enfant,1850,1463.0633333333335,0.0,344.59500000000025,0.0
2023,Couple mono-actif sans enfant,1875,1473.2300000000002,0.0,334.84500000000025,0.0
2023,Couple mono-actif sans enfant,1900,1483.3966666666668,0.0,325.09500000000025,0.0
2023,Couple mono-actif sans enfant,1925,1493.5633333333335,0.0,315.34500000000025,0.0
2023,Couple mono-actif sans enfant,1950,1503.7300000000002,0.0,305.59500000000025,0.0
2023,Couple mono-actif sans enfant,1975,1513.8966666666668,0.0,295.84500000000025,0.0
2023,Couple mono-actif sans enfant,2000,1524.0633333333335,0.0,286.09500000000025,0.0
2023,Couple mono-actif sans enfant,2025,1534.2300000000002,0.0,276.34500000000025,0.0
2023,Couple mono-actif sans enfant,2050,1544.3966666666668,0.0,266.59500000000025,0.0
2023,Couple mono-actif sans enfant,2075,1554.5633333333335,0.0,256.84500000000025,0.0
2023,Couple mono-actif sans enfant,2100,1564.7300000000002,0.0,247.09500000000025,0.0
2023,Couple mono-actif sans enfant,2125,1574.8966666666668,0.0,237.34500000000025,0.0
2023,Couple mono-actif sans enfant,2150,1585.0633333333335,0.0,227.59500000000025,0.0
2023,Couple mono-actif sans enfant,2175,1595.2300000000002,0.0,217.84500000000025,0.0
2023,Couple mono-actif sans enfant,2200,1605.3966666666668,0.0,208.09500000000025,0.0
2023,Couple mono-actif sans enfant,2225,1615.5633333333335,0.0,198.34500000000025,0.0
2023,Couple mono-actif sans enfant,2250,1625.7300000000002,0.0,188.59500000000025,0.0
2023,Couple mono-actif sans enfant,2275,1635.8966666666668,0.0,178.84500000000025,0.0
2023,Couple mono-actif sans enfant,2300,1646.0633333333335,0.0,169.09500000000025,0.0
2023,Couple mono-actif sans enfant,2325,1656.2300000000002,0.0,159.34500000000025,0.0
2023,Couple mono-actif sans enfant,2350,1666.3966666666668,0.0,149.59500000000025,0.0
2023,Couple mono-actif sans enfant,2375,1676.5633333333335,0.0,139.84500000000025,0.0
2023,Couple mono-actif sans enfant,2400,1686.7300000000002,0.0,130.09500000000025,0.0
2023,Couple mono-actif sans enfant,2425,1696.8966666666668,0.0,120.34500000000025,0.0
2023,Couple mono-actif sans enfant,2450,1707.0633333333335,0.0,110.59500000000025,0.0
2023,Couple mono-actif sans enfant,2475,1717.2300000000002,0.0,100.84500000000025,0.0
2023,Couple mono-actif sans enfant,2500,1727.3966666666668,0.0,91.09500000000025,0.0
2023,Couple mono-actif sans enfant,2525,1737.5633333333335,0.0,81.34500000000025,0.0
2023,Couple mono-actif sans enfant,2550,1747.7300000000002,0.0,71.59500000000025,0.0
2023,Couple mono-actif sans enfant,2575,1757.8966666666668,0.0,61.845000000000255,0.0
2023,Couple mono-actif sans enfant,2600,1768.0633333333335,0.0,52.095000000000255,0.0
2023,Couple mono-actif sans enfant,2625,1778.2300000000002,0.0,42.345000000000255,0.0
2023,Couple mono-actif sans enfant,2650,1788.3966666666668,0.0,32.595000000000255,0.0
2023,Couple mono-actif sans enfant,2675,1798.5633333333335,0.0,22.845000000000255,0.0
2023,Couple mono-actif sans enfant,2700,1798.9187198629388,0.0,0.0,0.0
2023,Couple mono-actif sans enfant,2725,1813.254869429571,0.0,0.0,0.0
2023,Couple mono-actif sans enfant,2750,1827.591018996203,0.0,0.0,0.0
2023,Couple mono-actif sans enfant,2775,1841.9271685628353,0.0,0.0,0.0
2023,Couple mono-actif sans enfant,2800,1856.2633181294675,0.0,0.0,0.0
2023,Couple mono-actif sans enfant,2825,1870.5994676960997,0.0,0.0,0.0
2023,Couple mono-actif sans enfant,2850,1884.9356172627315,0.0,0.0,0.0
2023,Couple mono-actif sans enfant,2875,1899.2717668293637,0.0,0.0,0.0
2023,Couple mono-actif sans enfant,2900,1913.607916395996,0.0,0.0,0.0
2023,Couple mono-actif sans enfant,2925,1927.9440659626282,0.0,0.0,0.0
2023,Couple mono-actif sans enfant,2950,1942.2802155292602,0.0,0.0,0.0
2023,Couple mono-actif sans enfant,2975,1956.6163650958924,0.0,0.0,0.0
2023,Couple mono-actif sans enfant,3000,1970.9525146625247,0.0,0.0,0.0
2023,Couple mono-actif sans enfant,3025,1985.2886642291567,0.0,0.0,0.0
2023,Couple mono-actif sans enfant,3050,1999.624813795789,0.0,0.0,0.0
2023,Couple mono-actif sans enfant,3075,2013.9609633624211,0.0,0.0,0.0
2023,Couple mono-actif sans enfant,3100,2028.2971129290534,0.0,0.0,0.0
2023,Couple mono-actif sans enfant,3125,2042.6332624956851,0.0,0.0,0.0
2023,Couple mono-actif sans enfant,3150,2056.9694120623176,0.0,0.0,0.0
2023,Couple mono-actif sans enfant,3175,2071.30556162895,0.0,0.0,0.0
2023,Couple mono-actif sans enfant,3200,2085.6417111955816,0.0,0.0,0.0
2023,Couple mono-actif sans enfant,3225,2099.977860762214,0.0,0.0,0.0
2023,Couple mono-actif sans enfant,3250,2114.314010328846,0.0,0.0,0.0
2023,Couple mono-actif sans enfant,3275,2128.6501598954783,0.0,0.0,0.0
2023,Couple mono-actif sans enfant,3300,2142.98630946211,0.0,0.0,0.0
2023,Couple mono-actif sans enfant,3325,2157.3224590287423,0.0,0.0,0.0
2023,Couple mono-actif sans enfant,3350,2171.6586085953745,0.0,0.0,0.0
2023,Couple mono-actif sans enfant,3375,2185.9947581620067,0.0,0.0,0.0
2023,Couple mono-actif sans enfant,3400,2200.330907728639,0.0,0.0,0.0
2023,Couple mono-actif sans enfant,3425,2214.667057295271,0.0,0.0,0.0
2023,Couple mono-actif sans enfant,3450,2229.0032068619034,0.0,0.0,0.0
2023,Couple mono-actif sans enfant,3475,2243.3393564285357,0.0,0.0,0.0
2023,Couple mono-actif sans enfant,3500,2257.6755059951674,0.0,0.0,0.0
2023,Couple mono-actif avec enfant(s),0,814.6411753716271,953.0756500000002,0.0,507.75845000000004
2023,Couple mono-actif avec enfant(s),25,814.6411753716271,928.0756500000002,0.0,507.75845000000004
2023,Couple mono-actif avec enfant(s),50,814.6411753716271,903.0756500000002,0.0,507.75845000000004
2023,Couple mono-actif avec enfant(s),75,825.6947468001985,878.0756500000002,23.212499999999864,507.75845000000004
2023,Couple mono-actif avec enfant(s),100,832.9566515621033,853.0756500000002,38.462499999999864,507.75845000000004
2023,Couple mono-actif avec enfant(s),125,840.218556324008,828.0756500000002,53.712499999999864,507.75845000000004
2023,Couple mono-actif avec enfant(s),150,847.4804610859128,803.0756500000002,68.96249999999986,507.75845000000004
2023,Couple mono-actif avec enfant(s),175,854.7423658478175,778.0756500000002,84.21249999999986,507.75845000000004
2023,Couple mono-actif avec enfant(s),200,862.0042706097223,753.0756500000002,99.46249999999986,507.75845000000004
2023,Couple mono-actif avec enfant(s),225,869.266175371627,728.0756500000002,114.71249999999986,507.75845000000004
2023,Couple mono-actif avec enfant(s),250,876.5280801335318,703.0756500000002,129.96249999999986,507.75845000000004
2023,Couple mono-actif avec enfant(s),275,883.7899848954365,678.0756500000002,145.21249999999986,507.75845000000004
2023,Couple mono-actif avec enfant(s),300,891.0518896573413,653.0756500000002,160.46249999999986,507.75845000000004
2023,Couple mono-actif avec enfant(s),325,898.3137944192462,628.0756500000002,175.71249999999986,507.75845000000004
2023,Couple mono-actif avec enfant(s),350,905.5756991811509,603.0756500000002,190.96249999999986,507.75845000000004
2023,Couple mono-actif avec enfant(s),375,906.0518896573413,578.0756500000002,206.21249999999986,507.75845000000004
2023,Couple mono-actif avec enfant(s),400,913.3137944192462,553.0756500000002,221.46249999999986,507.75845000000004
2023,Couple mono-actif avec enfant(s),425,920.5756991811509,528.0756500000002,236.71249999999986,507.75845000000004
2023,Couple mono-actif avec enfant(s),450,927.8376039430557,503.0756500000002,251.96249999999986,507.75845000000004
2023,Couple mono-actif avec enfant(s),475,935.0995087049604,478.0756500000002,267.21249999999986,507.75845000000004
2023,Couple mono-actif avec enfant(s),500,942.3614134668652,453.0756500000002,282.46249999999986,507.75845000000004
2023,Couple mono-actif avec enfant(s),525,949.6233182287699,428.0756500000002,297.71249999999986,507.75845000000004
2023,Couple mono-actif avec enfant(s),550,956.8852229906747,403.0756500000002,312.96249999999986,507.75845000000004
2023,Couple mono-actif avec enfant(s),575,964.1471277525794,378.0756500000002,328.21249999999986,507.75845000000004
2023,Couple mono-actif avec enfant(s),600,971.4090325144842,353.0756500000002,343.46249999999986,507.75845000000004
2023,Couple mono-actif avec enfant(s),625,978.670937276389,328.0756500000002,358.71249999999986,507.75845000000004
2023,Couple mono-actif avec enfant(s),650,985.9328420382939,303.0756500000002,373.96249999999986,507.75845000000004
2023,Couple mono-actif avec enfant(s),675,993.1947468001983,278.0756500000002,389.21249999999986,507.75845000000004
2023,Couple mono-actif avec enfant(s),700,1003.317593399132,253.07565000000022,410.47047785776044,507.75845000000004
2023,Couple mono-actif avec enfant(s),725,1013.6275930225632,228.07565000000022,432.121477066966,507.75845000000004
2023,Couple mono-actif avec enfant(s),750,1023.9375926459946,203.07565000000022,453.7724762761718,507.75845000000004
2023,Couple mono-actif avec enfant(s),775,1034.247592269426,178.07565000000022,475.4234754853776,507.75845000000004
2023,Couple mono-actif avec enfant(s),800,1044.5575918928573,153.07565000000022,497.0744746945834,507.75845000000004
2023,Couple mono-actif avec enfant(s),825,1052.8190870692683,128.07565000000022,518.725473903789,503.4565906612578
2023,Couple mono-actif avec enfant(s),850,1059.6642675678509,103.07565000000022,540.3764731129947,496.18047049907506
2023,Couple mono-actif avec enfant(s),875,1066.5094480664332,78.07565000000022,562.0274723222005,488.9043503368924
2023,Couple mono-actif avec enfant(s),900,1073.3546285650157,53.07565000000022,583.6784715314063,481.6282301747097
2023,Couple mono-actif avec enfant(s),925,1080.199809063598,28.075650000000223,605.3294707406119,474.35211001252685
2023,Couple mono-actif avec enfant(s),950,1085.5803943240849,0.0,626.9804699498177,467.07598985034423
2023,Couple mono-actif avec enfant(s),975,1093.8901700607628,0.0,626.7071191590237,459.7998696881615
2023,Couple mono-actif avec enfant(s),1000,1100.735350559345,0.0,623.3581183682293,452.5237495259788
2023,Couple mono-actif avec enfant(s),1025,1107.5805310579274,0.0,620.0091175774351,445.2476293637961
2023,Couple mono-actif avec enfant(s),1050,1106.6876163184147,0.0,616.6601167866409,437.97150920161346
2023,Couple mono-actif avec enfant(s),1075,1113.532796816997,0.0,613.3111159958466,430.6953890394307
2023,Couple mono-actif avec enfant(s),1100,1120.3779773155795,0.0,609.9621152050524,423.4192688772479
2023,Couple mono-actif avec enfant(s),1125,1127.2231578141616,0.0,606.613114414258,416.14314871506525
2023,Couple mono-actif avec enfant(s),1150,1134.0683383127441,0.0,603.2641136234636,408.8670285528825
2023,Couple mono-actif avec enfant(s),1175,1140.9135188113266,0.0,599.9151128326696,401.59090839069984
2023,Couple mono-actif avec enfant(s),1200,1147.758699309909,0.0,596.5661120418752,394.31478822851716
2023,Couple mono-actif avec enfant(s),1225,1154.6038798084915,0.0,593.2171112510807,387.0386680663345
2023,Couple mono-actif avec enfant(s),1250,1161.4490603070738,0.0,589.8681104602867,379.76254790415163
2023,Couple mono-actif avec enfant(s),1275,1168.2942408056563,0.0,586.5191096694928,372.48642774196895
2023,Couple mono-actif avec enfant(s),1300,1175.1394213042386,0.0,583.1701088786979,365.2103075797863
2023,Couple mono-actif avec enfant(s),1325,1181.9846018028209,0.0,579.8211080879039,357.9341874176036
2023,Couple mono-actif avec enfant(s),1350,1188.8297823014036,0.0,576.4721072971101,350.65806725542086
2023,Couple mono-actif avec enfant(s),1375,1193.0011739874546,0.0,567.5081500000001,343.38194709323824
2023,Couple mono-actif avec enfant(s),1400,1196.7982596245106,0.0,557.7581500000001,336.10582693105545
2023,Couple mono-actif avec enfant(s),1425,1200.5953452615663,0.0,548.0081500000001,328.82970676887277
2023,Couple mono-actif avec enfant(s),1450,1204.3924308986223,0.0,538.2581500000001,321.55358660669003
2023,Couple mono-actif avec enfant(s),1475,1208.189516535678,0.0,528.5081500000001,314.27746644450735
2023,Couple mono-actif avec enfant(s),1500,1211.9866021727341,0.0,518.7581500000001,307.00134628232456
2023,Couple mono-actif avec enfant(s),1525,1215.7836878097899,0.0,509.0081500000001,299.7252261201419
2023,Couple mono-actif avec enfant(s),1550,1219.5807734468456,0.0,499.2581500000001,292.4491059579592
2023,Couple mono-actif avec enfant(s),1575,1223.3778590839015,0.0,489.5081500000001,285.17298579577647
2023,Couple mono-actif avec enfant(s),1600,1227.1749447209572,0.0,479.7581500000001,277.89686563359373
2023,Couple mono-actif avec enfant(s),1625,1230.9720303580132,0.0,470.0081500000001,270.6207454714111
2023,Couple mono-actif avec enfant(s),1650,1234.7691159950691,0.0,460.2581500000001,263.34462530922843
2023,Couple mono-actif avec enfant(s),1675,1238.566201632125,0.0,450.5081500000001,256.0685051470457
2023,Couple mono-actif avec enfant(s),1700,1242.3632872691808,0.0,440.7581500000001,248.79238498486293
2023,Couple mono-actif avec enfant(s),1725,1246.1603729062365,0.0,431.0081500000001,241.51626482268026
2023,Couple mono-actif avec enfant(s),1750,1249.9574585432924,0.0,421.2581500000001,234.2401446604976
2023,Couple mono-actif avec enfant(s),1775,1253.7545441803484,0.0,411.5081500000001,226.96402449831487
2023,Couple mono-actif avec enfant(s),1800,1257.5516298174043,0.0,401.7581500000001,219.68790433613214
2023,Couple mono-actif avec enfant(s),1825,1261.34871545446,0.0,392.0081500000001,212.41178417394946
2023,Couple mono-actif avec enfant(s),1850,1265.145801091516,0.0,382.2581500000001,205.13566401176658
2023,Couple mono-actif avec enfant(s),1875,1268.9428867285717,0.0,372.5081500000001,197.859543849584
2023,Couple mono-actif avec enfant(s),1900,1272.7399723656274,0.0,362.7581500000001,190.58342368740128
2023,Couple mono-actif avec enfant(s),1925,1276.5370580026834,0.0,353.0081500000001,183.30730352521852
2023,Couple mono-actif avec enfant(s),1950,1276.2903658478174,0.0,344.01621663696415,176.03118336303584
2023,Couple mono-actif avec enfant(s),1975,1283.552270609722,0.0,341.5423367991466,168.75506320085321
2023,Couple mono-actif avec enfant(s),2000,1290.8141753716268,0.0,339.0684569613295,161.47894303867045
2023,Couple mono-actif avec enfant(s),2025,1298.0760801335316,0.0,336.59457712351195,154.20282287648777
2023,Couple mono-actif avec enfant(s),2050,1305.3379848954364,0.0,334.12069728569486,146.92670271430504
2023,Couple mono-actif avec enfant(s),2075,1312.5998896573412,0.0,331.64681744787777,139.65058255212227
2023,Couple mono-actif avec enfant(s),2100,1319.8617944192458,0.0,329.1729376100602,132.3744623899397
2023,Couple mono-actif avec enfant(s),2125,1327.1236991811509,0.0,326.6990577722431,125.09834222775697
2023,Couple mono-actif avec enfant(s),2150,1334.3856039430555,0.0,324.2251779344256,117.82222206557422
2023,Couple mono-actif avec enfant(s),2175,1341.6475087049603,0.0,321.7512980966085,110.54610190339142
2023,Couple mono-actif avec enfant(s),2200,1348.909413466865,0.0,319.2774182587914,103.26998174120868
2023,Couple mono-actif avec enfant(s),2225,1356.1713182287697,0.0,316.80353842097384,95.99386157902599
2023,Couple mono-actif avec enfant(s),2250,1363.4332229906747,0.0,314.32965858315674,88.71774141684335
2023,Couple mono-actif avec enfant(s),2275,1370.6951277525793,0.0,311.8557787453392,81.44162125466062
2023,Couple mono-actif avec enfant(s),2300,1377.9570325144841,0.0,309.3818989075221,74.16550109247792
2023,Couple mono-actif avec enfant(s),2325,1385.2189372763887,0.0,306.90801906970455,66.88938093029519
2023,Couple mono-actif avec enfant(s),2350,1392.4808420382938,0.0,304.43413923188746,59.61326076811255
2023,Couple mono-actif avec enfant(s),2375,1399.7427468001983,0.0,301.9602593940699,52.33714060592986
2023,Couple mono-actif avec enfant(s),2400,1407.004651562103,0.0,299.4863795562528,45.06102044374712
2023,Couple mono-actif avec enfant(s),2425,1414.2665563240078,0.0,297.01249971843527,37.78490028156443
2023,Couple mono-actif avec enfant(s),2450,1421.5284610859126,0.0,294.53861988061817,30.508780119381743
2023,Couple mono-actif avec enfant(s),2475,1428.7903658478176,0.0,292.0647400428011,23.232659957199058
2023,Couple mono-actif avec enfant(s),2500,1436.052270609722,0.0,289.5908602049835,15.956539795016257
2023,Couple mono-actif avec enfant(s),2525,1443.3141753716268,0.0,295.7973999999999,0.0
2023,Couple mono-actif avec enfant(s),2550,1450.5760801335316,0.0,286.0473999999999,0.0
2023,Couple mono-actif avec enfant(s),2575,1457.8379848954364,0.0,276.2973999999999,0.0
2023,Couple mono-actif avec enfant(s),2600,1465.099889657341,0.0,266.5473999999999,0.0
2023,Couple mono-actif avec enfant(s),2625,1472.3617944192458,0.0,256.7973999999999,0.0
2023,Couple mono-actif avec enfant(s),2650,1479.6236991811506,0.0,247.04739999999993,0.0
2023,Couple mono-actif avec enfant(s),2675,1486.8856039430555,0.0,237.29739999999993,0.0
2023,Couple mono-actif avec enfant(s),2700,1494.1475087049603,0.0,227.54739999999993,0.0
2023,Couple mono-actif avec enfant(s),2725,1501.4094134668649,0.0,217.79739999999993,0.0
2023,Couple mono-actif avec enfant(s),2750,1508.6713182287697,0.0,208.04739999999993,0.0
2023,Couple mono-actif avec enfant(s),2775,1515.9332229906745,0.0,198.29739999999993,0.0
2023,Couple mono-actif avec enfant(s),2800,1523.1951277525793,0.0,188.54739999999993,0.0
2023,Couple mono-actif avec enfant(s),2825,1530.457032514484,0.0,178.79739999999993,0.0
2023,Couple mono-actif avec enfant(s),2850,1537.7189372763887,0.0,169.04739999999993,0.0
2023,Couple mono-actif avec enfant(s),2875,1544.9808420382935,0.0,159.29739999999993,0.0
2023,Couple mono-actif avec enfant(s),2900,1552.2427468001983,0.0,149.54739999999993,0.0
2023,Couple mono-actif avec enfant(s),2925,1559.504651562103,0.0,139.79739999999993,0.0
2023,Couple mono-actif avec enfant(s),2950,1566.7665563240078,0.0,130.04739999999993,0.0
2023,Couple mono-actif avec enfant(s),2975,1574.0284610859126,0.0,120.29739999999993,0.0
2023,Couple mono-actif avec enfant(s),3000,1581.2903658478174,0.0,110.54739999999993,0.0
2023,Couple mono-actif avec enfant(s),3025,1588.552270609722,0.0,100.79739999999993,0.0
2023,Couple mono-actif avec enfant(s),3050,1595.8141753716268,0.0,91.04739999999993,0.0
2023,Couple mono-actif avec enfant(s),3075,1603.0760801335316,0.0,81.29739999999993,0.0
2023,Couple mono-actif avec enfant(s),3100,1610.3379848954364,0.0,71.54739999999993,0.0
2023,Couple mono-actif avec enfant(s),3125,1613.5245094610937,0.0,61.797399999999925,0.0
2023,Couple mono-actif avec enfant(s),3150,1610.6830175306345,0.0,52.047399999999925,0.0
2023,Couple mono-actif avec enfant(s),3175,1607.8415256001756,0.0,42.297399999999925,0.0
2023,Couple mono-actif avec enfant(s),3200,1606.9197676190477,0.0,32.547399999999925,0.0
2023,Couple mono-actif avec enfant(s),3225,1614.1816723809523,0.0,22.797399999999925,0.0
2023,Couple mono-actif avec enfant(s),3250,1615.2305295238095,0.0,0.0,0.0
2023,Couple mono-actif avec enfant(s),3275,1627.1352914285715,0.0,0.0,0.0
2023,Couple mono-actif avec enfant(s),3300,1639.0400533333334,0.0,0.0,0.0
2023,Couple mono-actif avec enfant(s),3325,1650.9448152380953,0.0,0.0,0.0
2023,Couple mono-actif avec enfant(s),3350,1662.849577142857,0.0,0.0,0.0
2023,Couple mono-actif avec enfant(s),3375,1674.754339047619,0.0,0.0,0.0
2023,Couple mono-actif avec enfant(s),3400,1686.6591009523809,0.0,0.0,0.0
2023,Couple mono-actif avec enfant(s),3425,1698.5638628571428,0.0,0.0,0.0
2023,Couple mono-actif avec enfant(s),3450,1710.4686247619047,0.0,0.0,0.0
2023,Couple mono-actif avec enfant(s),3475,1722.3733866666666,0.0,0.0,0.0
2023,Couple mono-actif avec enfant(s),3500,1734.2781485714286,0.0,0.0,0.0
2023,Couple bi-actif avec enfant(s),0,1339.0332229906746,0.0,322.6418948382229,113.16550516177722
2023,Couple bi-actif avec enfant(s),25,1346.2951277525792,0.0,320.1680150004054,105.88938499959458
2023,Couple bi-actif avec enfant(s),50,1353.557032514484,0.0,317.6941351625883,98.61326483741185
2023,Couple bi-actif avec enfant(s),75,1360.818937276389,0.0,315.2202553247712,91.3371446752291
2023,Couple bi-actif avec enfant(s),100,1368.0808420382937,0.0,312.74637548695364,84.0610245130464
2023,Couple bi-actif avec enfant(s),125,1375.3427468001985,0.0,310.27249564913654,76.78490435086367
2023,Couple bi-actif avec enfant(s),150,1382.604651562103,0.0,307.798615811319,69.50878418868103
2023,Couple bi-actif avec enfant(s),175,1389.8665563240081,0.0,305.3247359735019,62.23266402649835
2023,Couple bi-actif avec enfant(s),200,1397.1284610859127,0.0,302.85085613568435,54.956543864315606
2023,Couple bi-actif avec enfant(s),225,1404.3903658478175,0.0,300.37697629786726,47.68042370213292
2023,Couple bi-actif avec enfant(s),250,1411.6522706097223,0.0,297.90309646005016,40.40430353995017
2023,Couple bi-actif avec enfant(s),275,1418.914175371627,0.0,295.4292166222326,33.128183377767485
2023,Couple bi-actif avec enfant(s),300,1426.176080133532,0.0,292.9553367844155,25.8520632155848
2023,Couple bi-actif avec enfant(s),325,1433.4379848954366,0.0,290.481456946598,18.575943053401996
2023,Couple bi-actif avec enfant(s),350,1440.6998896573411,0.0,288.0075771087809,11.299822891219309
2023,Couple bi-actif avec enfant(s),375,1447.961794419246,0.0,289.55740000000014,0.0
2023,Couple bi-actif avec enfant(s),400,1455.2236991811508,0.0,279.80740000000014,0.0
2023,Couple bi-actif avec enfant(s),425,1462.4856039430556,0.0,270.05740000000014,0.0
2023,Couple bi-actif avec enfant(s),450,1469.7475087049602,0.0,260.30740000000014,0.0
2023,Couple bi-actif avec enfant(s),475,1477.009413466865,0.0,250.55740000000014,0.0
2023,Couple bi-actif avec enfant(s),500,1484.2713182287698,0.0,240.80740000000014,0.0
2023,Couple bi-actif avec enfant(s),525,1491.5332229906746,0.0,231.05740000000014,0.0
2023,Couple bi-actif avec enfant(s),550,1498.7951277525792,0.0,221.30740000000014,0.0
2023,Couple bi-actif avec enfant(s),575,1506.057032514484,0.0,211.55740000000014,0.0
2023,Couple bi-actif avec enfant(s),600,1513.3189372763889,0.0,201.80740000000014,0.0
2023,Couple bi-actif avec enfant(s),625,1520.5808420382937,0.0,192.05740000000014,0.0
2023,Couple bi-actif avec enfant(s),650,1527.8427468001983,0.0,182.30740000000014,0.0
2023,Couple bi-actif avec enfant(s),675,1535.104651562103,0.0,172.55740000000014,0.0
2023,Couple bi-actif avec enfant(s),700,1545.2274981610365,0.0,168.81537785776027,0.0
2023,Couple bi-actif avec enfant(s),725,1555.5374977844679,0.0,165.4663770669663,0.0
2023,Couple bi-actif avec enfant(s),750,1565.8474974078995,0.0,162.1173762761723,0.0
2023,Couple bi-actif avec enfant(s),775,1576.1574970313306,0.0,158.76837548537787,0.0
2023,Couple bi-actif avec enfant(s),800,1586.4674966547618,0.0,155.41937469458344,0.0
2023,Couple bi-actif avec enfant(s),825,1596.7774962781932,0.0,152.07037390378946,0.0
2023,Couple bi-actif avec enfant(s),850,1607.0874959016246,0.0,148.72137311299502,0.0
2023,Couple bi-actif avec enfant(s),875,1617.3974955250558,0.0,145.3723723222006,0.0
2023,Couple bi-actif avec enfant(s),900,1627.7074951484872,0.0,142.0233715314066,0.0
2023,Couple bi-actif avec enfant(s),925,1638.0174947719183,0.0,138.67437074061218,0.0
2023,Couple bi-actif avec enfant(s),950,1647.8893370083526,0.0,135.32536994981774,0.0
2023,Couple bi-actif avec enfant(s),975,1648.0959399394208,0.0,131.97636915902376,0.0
2023,Couple bi-actif avec enfant(s),1000,1648.3025428704882,0.0,128.62736836822933,0.0
2023,Couple bi-actif avec enfant(s),1025,1648.509145801556,0.0,125.27836757743489,0.0
2023,Couple bi-actif avec enfant(s),1050,1657.101656565067,0.0,121.92936678664091,0.0
2023,Couple bi-actif avec enfant(s),1075,1667.4116561884985,0.0,118.58036599584693,0.0
2023,Couple bi-actif avec enfant(s),1100,1677.7216558119296,0.0,115.23136520505204,0.0
2023,Couple bi-actif avec enfant(s),1125,1688.031655435361,0.0,111.88236441425806,0.0
2023,Couple bi-actif avec enfant(s),1150,1698.3416550587924,0.0,108.53336362346408,0.0
2023,Couple bi-actif avec enfant(s),1175,1708.6516546822234,0.0,105.1843628326692,0.0
2023,Couple bi-actif avec enfant(s),1200,1718.9616543056547,0.0,101.83536204187521,0.0
2023,Couple bi-actif avec enfant(s),1225,1729.2716539290861,0.0,98.48636125108078,0.0
2023,Couple bi-actif avec enfant(s),1250,1739.5816535525173,0.0,95.13736046028635,0.0
2023,Couple bi-actif avec enfant(s),1275,1749.8916531759487,0.0,91.78835966949237,0.0
2023,Couple bi-actif avec enfant(s),1300,1760.2016527993799,0.0,88.43935887869793,0.0
2023,Couple bi-actif avec enfant(s),1325,1770.5116524228113,0.0,85.0903580879035,0.0
2023,Couple bi-actif avec enfant(s),1350,1780.8216520462427,0.0,81.74135729710952,0.0
2023,Couple bi-actif avec enfant(s),1375,1788.4578628571428,0.0,72.77739999999994,0.0
2023,Couple bi-actif avec enfant(s),1400,1795.7197676190476,0.0,63.02739999999994,0.0
2023,Couple bi-actif avec enfant(s),1425,1802.9816723809524,0.0,53.27739999999994,0.0
2023,Couple bi-actif avec enfant(s),1450,1810.243577142857,0.0,43.52739999999994,0.0
2023,Couple bi-actif avec enfant(s),1475,1817.5054819047618,0.0,33.77739999999994,0.0
2023,Couple bi-actif avec enfant(s),1500,1824.7673866666667,0.0,24.027399999999943,0.0
2023,Couple bi-actif avec enfant(s),1525,1824.827255568106,0.0,0.0,0.0
2023,Couple bi-actif avec enfant(s),1550,1835.0673624014146,0.0,0.0,0.0
2023,Couple bi-actif avec enfant(s),1575,1845.3074692347232,0.0,0.0,0.0
2023,Couple bi-actif avec enfant(s),1600,1855.547576068032,0.0,0.0,0.0
2023,Couple bi-actif avec enfant(s),1625,1865.7876829013408,0.0,0.0,0.0
2023,Couple bi-actif avec enfant(s),1650,1876.0277897346493,0.0,0.0,0.0
2023,Couple bi-actif avec enfant(s),1675,1886.267896567958,0.0,0.0,0.0
2023,Couple bi-actif avec enfant(s),1700,1896.5080034012667,0.0,0.0,0.0
2023,Couple bi-actif avec enfant(s),1725,1906.7481102345755,0.0,0.0,0.0
2023,Couple bi-actif avec enfant(s),1750,1916.9882170678839,0.0,0.0,0.0
2023,Couple bi-actif avec enfant(s),1775,1927.2283239011927,0.0,0.0,0.0
2023,Couple bi-actif avec enfant(s),1800,1937.4684307345015,0.0,0.0,0.0
2023,Couple bi-actif avec enfant(s),1825,1947.70853756781,0.0,0.0,0.0
2023,Couple bi-actif avec enfant(s),1850,1957.9486444011186,0.0,0.0,0.0
2023,Couple bi-actif avec enfant(s),1875,1968.1887512344274,0.0,0.0,0.0
2023,Couple bi-actif avec enfant(s),1900,1978.4288580677362,0.0,0.0,0.0
2023,Couple bi-actif avec enfant(s),1925,1988.6689649010448,0.0,0.0,0.0
2023,Couple bi-actif avec enfant(s),1950,1998.9090717343531,0.0,0.0,0.0
2023,Couple bi-actif avec enfant(s),1975,2009.149178567662,0.0,0.0,0.0
2023,Couple bi-actif avec enfant(s),2000,2019.3892854009707,0.0,0.0,0.0
2023,Couple bi-actif avec enfant(s),2025,2029.6293922342793,0.0,0.0,0.0
2023,Couple bi-actif avec enfant(s),2050,2039.869499067588,0.0,0.0,0.0
2023,Couple bi-actif avec enfant(s),2075,2050.109605900897,0.0,0.0,0.0
2023,Couple bi-actif avec enfant(s),2100,2060.3497127342057,0.0,0.0,0.0
2023,Couple bi-actif avec enfant(s),2125,2070.589819567514,0.0,0.0,0.0
2023,Couple bi-actif avec enfant(s),2150,2080.829926400823,0.0,0.0,0.0
2023,Couple bi-actif avec enfant(s),2175,2091.070033234131,0.0,0.0,0.0
2023,Couple bi-actif avec enfant(s),2200,2101.31014006744,0.0,0.0,0.0
2023,Couple bi-actif avec enfant(s),2225,2111.550246900749,0.0,0.0,0.0
2023,Couple bi-actif avec enfant(s),2250,2121.7903537340576,0.0,0.0,0.0
2023,Couple bi-actif avec enfant(s),2275,2132.0304605673664,0.0,0.0,0.0
2023,Couple bi-actif avec enfant(s),2300,2142.270567400675,0.0,0.0,0.0
2023,Couple bi-actif avec enfant(s),2325,2152.5106742339835,0.0,0.0,0.0
2023,Couple bi-actif avec enfant(s),2350,2162.750781067292,0.0,0.0,0.0
2023,Couple bi-actif avec enfant(s),2375,2172.9908879006007,0.0,0.0,0.0
2023,Couple bi-actif avec enfant(s),2400,2183.2309947339095,0.0,0.0,0.0
2023,Couple bi-actif avec enfant(s),2425,2193.4711015672183,0.0,0.0,0.0
2023,Couple bi-actif avec enfant(s),2450,2203.711208400527,0.0,0.0,0.0
2023,Couple bi-actif avec enfant(s),2475,2213.951315233836,0.0,0.0,0.0
2023,Couple bi-actif avec enfant(s),2500,2224.1914220671447,0.0,0.0,0.0
2023,Couple bi-actif avec enfant(s),2525,2234.4315289004526,0.0,0.0,0.0
2023,Couple bi-actif avec enfant(s),2550,2244.6716357337614,0.0,0.0,0.0
2023,Couple bi-actif avec enfant(s),2575,2254.91174256707,0.0,0.0,0.0
2023,Couple bi-actif avec enfant(s),2600,2265.151849400379,0.0,0.0,0.0
2023,Couple bi-actif avec enfant(s),2625,2275.391956233688,0.0,0.0,0.0
2023,Couple bi-actif avec enfant(s),2650,2285.6320630669966,0.0,0.0,0.0
2023,Couple bi-actif avec enfant(s),2675,2295.8721699003054,0.0,0.0,0.0
2023,Couple bi-actif avec enfant(s),2700,2306.1122767336137,0.0,0.0,0.0
2023,Couple bi-actif avec enfant(s),2725,2316.352383566922,0.0,0.0,0.0
2023,Couple bi-actif avec enfant(s),2750,2326.592490400231,0.0,0.0,0.0
2023,Couple bi-actif avec enfant(s),2775,2336.8325972335397,0.0,0.0,0.0
2023,Couple bi-actif avec enfant(s),2800,2347.0727040668485,0.0,0.0,0.0
2023,Couple bi-actif avec enfant(s),2825,2357.3128109001573,0.0,0.0,0.0
2023,Couple bi-actif avec enfant(s),2850,2367.552917733466,0.0,0.0,0.0
2023,Couple bi-actif avec enfant(s),2875,2377.7930245667744,0.0,0.0,0.0
2023,Couple bi-actif avec enfant(s),2900,2388.0331314000828,0.0,0.0,0.0
2023,Couple bi-actif avec enfant(s),2925,2398.2732382333916,0.0,0.0,0.0
2023,Couple bi-actif avec enfant(s),2950,2408.5133450667004,0.0,0.0,0.0
2023,Couple bi-actif avec enfant(s),2975,2418.753451900009,0.0,0.0,0.0
2023,Couple bi-actif avec enfant(s),3000,2428.993558733318,0.0,0.0,0.0
2023,Couple bi-actif avec enfant(s),3025,2439.2336655666268,0.0,0.0,0.0
2023,Couple bi-actif avec enfant(s),3050,2449.4737723999356,0.0,0.0,0.0
2023,Couple bi-actif avec enfant(s),3075,2459.713879233244,0.0,0.0,0.0
2023,Couple bi-actif avec enfant(s),3100,2469.9539860665523,0.0,0.0,0.0
2023,Couple bi-actif avec enfant(s),3125,2480.194092899861,0.0,0.0,0.0
2023,Couple bi-actif avec enfant(s),3150,2490.43419973317,0.0,0.0,0.0
2023,Couple bi-actif avec enfant(s),3175,2500.6743065664787,0.0,0.0,0.0
2023,Couple bi-actif avec enfant(s),3200,2622.849577142857,0.0,0.0,0.0
2023,Couple bi-actif avec enfant(s),3225,2634.754339047619,0.0,0.0,0.0
2023,Couple bi-actif avec enfant(s),3250,2646.659100952381,0.0,0.0,0.0
2023,Couple bi-actif avec enfant(s),3275,2658.563862857143,0.0,0.0,0.0
2023,Couple bi-actif avec enfant(s),3300,2670.4686247619047,0.0,0.0,0.0
2023,Couple bi-actif avec enfant(s),3325,2682.3733866666666,0.0,0.0,0.0
2023,Couple bi-actif avec enfant(s),3350,2694.2781485714286,0.0,0.0,0.0
2023,Couple bi-actif avec enfant(s),3375,2706.1829104761905,0.0,0.0,0.0
2023,Couple bi-actif avec enfant(s),3400,2718.0876723809524,0.0,0.0,0.0
2023,Couple bi-actif avec enfant(s),3425,2729.9924342857144,0.0,0.0,0.0
2023,Couple bi-actif avec enfant(s),3450,2741.8971961904763,0.0,0.0,0.0
2023,Couple bi-actif avec enfant(s),3475,2753.801958095238,0.0,0.0,0.0
2023,Couple bi-actif avec enfant(s),3500,2765.70672,0.0,0.0,0.0
